sex,age_cat,race,juv_fel_count,juv_misd_count,juv_other_count,priors_count,c_charge_degree,c_charge_desc,is_recid,is_violent_recid,c_length_of_stay,custody_length_of_stay,two_year_recid
1,1,5,0,0,0,0,0,0.0033589923023093,0,0,0.98,7.0,0
1,0,0,0,0,0,0,0,0.0064380685794261,1,1,10.08,10.0,1
1,2,0,0,0,1,4,0,0.0660601819454163,1,0,1.09,0.0,1
1,2,0,0,1,0,1,0,0.0106368089573128,0,0,1.28,2.0,0
1,0,5,0,0,0,2,0,0.158852344296711,0,0,1.28,2.0,0
1,0,5,0,0,0,0,1,0.1577326801959412,0,0,1.32,1.0,0
1,0,2,0,0,0,14,0,0.0043386983904828,1,0,6.3,18.0,1
1,0,5,0,0,0,3,0,0.158852344296711,0,0,0.99,12.0,0
0,0,2,0,0,0,0,1,0.1577326801959412,0,0,2.95,3.0,0
1,2,2,0,0,0,1,0,0.0001399580125962,1,1,0.99,1.0,1
1,0,2,0,0,0,0,0,0.0013995801259622,0,0,1.08,1.0,0
1,2,0,0,0,0,3,1,0.1577326801959412,1,0,4.17,4.0,1
0,0,2,0,0,0,0,1,0.1577326801959412,0,0,0.91,1.0,0
1,0,0,0,0,0,0,0,0.0100769769069279,0,0,0.6,1.0,0
0,1,2,0,0,0,1,0,0.158852344296711,1,0,14.26,169.0,1
1,0,0,0,0,0,7,0,0.0134359692092372,1,0,3.12,3.0,1
1,0,3,0,0,0,0,1,0.1577326801959412,0,0,0.24,0.0,0
1,0,0,0,0,0,3,0,0.0594821553533939,0,0,1.15,62.0,0
1,0,2,0,0,0,6,0,0.0279916025192442,1,1,1.05,1.0,1
1,0,2,0,0,0,5,0,0.0036389083275017,1,0,1.14,31.0,1
1,1,0,0,0,0,13,0,0.158852344296711,1,0,1.11,1.0,1
1,2,0,0,0,0,1,0,0.0076976906927921,1,0,3.11,1.0,1
1,0,2,0,0,0,0,1,0.0037788663400979,1,0,0.29,0.0,1
0,2,2,0,0,0,0,0,0.0009797060881735,0,0,1.15,1.0,0
1,2,3,0,0,0,1,0,0.0006997900629811,1,0,1.0,1.0,1
1,0,2,0,0,0,1,1,0.0079776067179846,0,0,1.23,1.0,0
1,0,5,0,0,0,0,1,0.1577326801959412,0,0,1.79,2.0,0
1,0,0,0,0,0,8,0,0.0051784464660601,1,1,17.0,1.0,1
0,0,2,0,0,0,3,0,0.158852344296711,0,0,0.82,1.0,0
1,0,0,0,0,1,5,0,0.0134359692092372,1,0,0.95,8.0,1
1,0,0,0,0,0,0,0,0.0065780265920223,1,1,37.79,21.0,1
1,0,2,0,0,0,9,0,0.0064380685794261,1,0,44.21,1.0,1
1,0,0,0,0,0,4,0,0.0005598320503848,1,0,1.08,2.0,1
1,1,2,0,0,0,0,0,0.158852344296711,0,0,2.16,2.0,0
1,1,5,0,0,0,7,0,0.0009797060881735,1,0,3.92,1.0,1
1,0,2,0,0,2,6,1,0.0058782365290412,0,0,12.12,12.0,0
0,0,2,0,0,0,4,1,0.1577326801959412,1,0,11.15,11.0,1
1,2,2,0,0,0,1,1,0.1577326801959412,1,0,1.13,3.0,1
1,0,0,2,1,3,21,0,0.0008397480755773,1,0,33.3,178.0,1
1,0,2,0,0,0,0,1,0.0134359692092372,0,0,0.75,0.0,0
0,2,0,0,0,0,2,0,0.158852344296711,0,0,79.75,1.0,0
1,1,0,0,0,0,2,1,0.0011196641007697,0,0,1.14,1.0,0
1,0,2,0,0,0,2,1,0.0067179846046186,1,0,0.71,1.0,1
0,1,0,0,0,0,7,0,0.0660601819454163,0,0,1.67,8.0,0
1,0,0,0,0,0,0,0,0.0001399580125962,1,0,0.2,28.0,1
1,0,2,0,0,0,9,1,0.1577326801959412,1,1,6.97,9.0,1
1,0,0,1,0,4,13,0,0.0078376487053883,1,1,0.9,1.0,1
1,1,2,0,0,0,0,1,0.0079776067179846,0,0,0.16,0.0,0
1,0,0,0,0,0,4,1,0.0090972708187543,1,0,51.24,51.0,1
1,0,0,0,0,0,0,0,0.0065780265920223,0,0,0.16,0.0,0
1,0,2,0,0,0,1,0,0.0036389083275017,1,0,0.1,0.0,1
0,0,5,0,0,0,0,0,0.0594821553533939,0,0,0.93,1.0,0
1,1,2,0,0,0,20,0,0.158852344296711,1,0,10.64,1940.0,1
0,1,3,0,0,0,1,0,0.158852344296711,0,0,8.19,8.0,0
1,0,0,0,0,1,15,0,0.0001399580125962,1,0,135.97,136.0,0
1,2,0,0,0,0,2,0,0.0005598320503848,1,0,1.87,2.0,1
1,0,3,0,0,0,0,1,0.0134359692092372,0,0,23.27,23.0,0
1,1,0,0,0,0,4,1,0.1577326801959412,0,0,0.9,1.0,0
1,1,2,0,0,0,8,0,0.158852344296711,0,0,13.06,13.0,0
1,0,0,0,0,0,5,0,0.0279916025192442,0,0,0.97,1.0,0
1,1,0,0,0,0,10,1,0.0011196641007697,1,0,35.84,36.0,1
1,0,0,1,1,2,15,0,0.0279916025192442,1,0,1.15,5.0,1
1,0,2,0,0,0,4,1,0.1577326801959412,1,0,1.96,2.0,1
1,2,0,0,0,1,1,0,0.0001399580125962,1,0,1.04,1.0,1
1,2,0,0,1,2,2,0,0.0001399580125962,1,0,124.2,124.0,1
1,0,0,0,0,0,4,0,0.158852344296711,1,0,18.96,98.0,1
1,1,3,0,0,0,0,1,0.0012596221133659,0,0,0.88,0.0,0
1,0,0,0,1,0,6,0,0.0074177746675997,1,0,30.12,1.0,1
1,0,5,0,0,0,0,1,0.1577326801959412,0,0,1.37,1.0,0
0,1,0,0,0,0,0,1,0.1577326801959412,0,0,3.2,3.0,0
1,1,3,0,0,0,6,0,0.0660601819454163,1,1,241.96,242.0,1
1,2,3,0,0,0,1,0,0.0054583624912526,0,0,1.06,1.0,0
1,0,0,0,0,0,1,1,0.158852344296711,0,0,4.9,5.0,0
1,0,0,0,0,0,5,0,0.0001399580125962,1,0,1.13,1.0,1
1,0,2,0,0,1,1,0,0.158852344296711,1,0,14.25,58.0,1
1,0,0,0,0,0,2,0,0.158852344296711,0,0,3.19,3.0,0
1,2,0,0,0,0,1,1,0.1577326801959412,1,0,16.83,21.0,1
1,2,2,0,0,0,0,0,0.0594821553533939,0,0,57.92,21.0,0
0,0,0,0,0,0,1,0,0.0023792862141357,1,1,2.0,58.0,1
1,0,2,0,0,0,1,0,0.0029391182645206,1,1,19.36,137.0,1
1,0,0,0,0,0,0,0,0.0138558432470258,0,0,1.15,1.0,0
1,0,0,0,0,0,1,1,0.158852344296711,0,0,1.67,2.0,0
1,0,0,0,0,0,8,1,0.0134359692092372,1,1,1.23,1.0,1
1,1,5,0,0,0,0,0,0.158852344296711,1,0,0.82,2.0,1
1,0,0,1,6,1,14,0,0.158852344296711,1,1,7.14,19.0,1
1,2,5,0,0,0,0,0,0.0065780265920223,1,1,1.1,423.0,1
1,2,0,1,0,0,2,0,0.0001399580125962,1,0,30.08,30.0,1
1,2,0,0,0,1,2,1,0.158852344296711,1,0,0.72,1.0,1
0,0,0,0,0,0,1,1,0.158852344296711,0,0,0.85,1.0,0
1,0,0,0,0,0,9,0,0.0040587823652904,1,0,3.67,4.0,1
1,0,2,0,0,0,7,0,0.0043386983904828,1,0,0.11,10.0,1
1,2,5,0,0,0,1,0,0.0594821553533939,1,0,3.92,98.0,1
1,0,2,0,0,0,9,0,0.0134359692092372,1,1,1.0,2.0,1
1,1,0,0,0,0,12,1,0.0134359692092372,0,0,1.28,2.0,0
0,2,2,0,0,0,0,0,0.0100769769069279,0,0,0.59,1.0,0
1,0,2,0,0,0,2,0,0.006997900629811,1,0,0.78,22.0,1
1,1,2,0,0,0,3,0,0.0001399580125962,0,0,30.31,30.0,0
0,1,2,0,0,0,0,1,0.0079776067179846,0,0,0.28,0.0,0
0,0,3,0,0,0,0,1,0.1577326801959412,0,0,1.13,1.0,0
1,2,0,0,0,0,1,1,0.1577326801959412,1,1,9.1,6.0,1
1,2,0,0,0,0,1,0,0.158852344296711,0,0,137.3,0.0,0
1,0,0,0,0,0,1,0,0.0004198740377886,0,0,0.93,1.0,0
0,0,2,0,0,0,0,0,0.0085374387683694,1,1,1.69,2.0,1
1,2,2,0,1,2,8,0,0.0026592022393282,1,0,12.19,12.0,1
1,0,2,0,0,0,0,0,0.0037788663400979,0,0,5.97,27.0,0
1,0,2,0,0,0,0,1,0.1577326801959412,0,0,38.97,39.0,0
0,0,2,0,0,0,1,0,0.0005598320503848,0,0,106.87,5.0,0
1,1,0,0,0,0,14,0,0.158852344296711,1,1,109.74,110.0,1
1,0,2,0,0,0,1,0,0.0660601819454163,0,0,1.04,1.0,0
1,2,0,0,0,0,3,0,0.0594821553533939,1,0,6.28,302.0,1
1,0,2,0,0,0,5,1,0.0134359692092372,1,0,2.84,1.0,1
1,0,2,0,0,0,0,0,0.0033589923023093,0,0,14.92,69.0,0
1,0,0,0,0,0,5,0,0.0029391182645206,1,0,0.29,0.0,1
1,0,0,0,0,0,3,0,0.0100769769069279,0,0,1.27,7.0,0
1,0,2,0,0,0,1,0,0.0009797060881735,1,0,0.91,1.0,1
1,0,0,0,1,0,10,0,0.0660601819454163,1,0,176.01,41.0,1
1,2,0,0,0,0,0,0,0.0078376487053883,1,0,0.88,0.0,1
1,0,0,0,12,2,28,0,0.0279916025192442,1,0,1.83,1.0,1
1,0,0,0,0,0,1,1,0.1577326801959412,0,0,1.19,1.0,0
0,0,5,0,0,0,1,0,0.0043386983904828,0,0,1.11,8.0,0
1,0,2,0,0,0,13,0,0.158852344296711,1,1,471.26,471.0,1
1,0,0,0,0,0,3,0,0.0660601819454163,1,0,0.97,1.0,1
1,1,0,0,0,0,8,0,0.158852344296711,0,0,79.96,80.0,0
1,1,2,0,0,0,3,1,0.1577326801959412,0,0,0.63,1.0,0
1,0,0,0,0,0,19,0,0.158852344296711,1,0,0.87,32.0,1
0,1,2,0,0,0,2,1,0.0062981105668299,0,0,0.89,0.0,0
1,2,2,0,0,0,4,0,0.006997900629811,1,0,14.23,19.0,1
1,0,2,0,0,0,6,0,0.006997900629811,0,0,0.87,86.0,0
0,0,2,0,0,0,2,0,0.158852344296711,0,0,3.04,21.0,0
1,0,2,0,0,0,1,1,0.0009797060881735,0,0,3.81,4.0,0
1,0,2,0,0,0,2,0,0.158852344296711,0,0,1.28,2.0,0
0,0,5,0,0,0,2,1,0.0054583624912526,0,0,1.73,2.0,0
1,0,2,0,0,0,0,1,0.0022393282015395,1,0,0.89,0.0,1
0,2,0,0,0,0,0,1,0.1577326801959412,0,0,2.44,2.0,0
0,0,2,0,1,0,10,0,0.0594821553533939,1,0,7.1,38.0,1
1,0,2,0,0,0,2,1,0.1577326801959412,1,0,0.98,0.0,1
0,0,3,0,0,0,4,0,0.0076976906927921,1,1,0.32,241.0,1
1,0,0,0,0,0,3,0,0.0660601819454163,1,0,8.06,8.0,1
1,0,2,0,0,0,2,1,0.0062981105668299,1,0,15.13,15.0,1
1,0,0,0,0,0,1,1,0.0002799160251924,1,0,1.07,1.0,0
1,1,2,0,0,0,1,0,0.0660601819454163,1,0,0.58,55.0,1
0,1,2,0,0,0,4,0,0.158852344296711,0,0,1.28,2.0,0
0,2,0,1,0,0,1,0,0.158852344296711,0,0,2.77,9.0,0
0,0,2,0,0,0,0,1,0.0079776067179846,0,0,0.97,1.0,0
1,0,0,1,1,0,9,0,0.0660601819454163,1,0,13.13,1.0,1
1,0,0,0,0,0,11,0,0.0053184044786564,1,1,1.28,36.0,1
1,0,0,0,0,0,8,1,0.005738278516445,1,1,0.75,0.0,1
0,0,0,0,0,0,0,0,0.0036389083275017,1,0,1.79,35.0,1
0,0,0,0,0,0,7,0,0.0660601819454163,1,0,26.18,19.0,1
1,0,0,0,0,0,2,0,0.0065780265920223,1,0,1.08,0.0,1
0,2,0,0,0,0,0,0,0.0594821553533939,0,0,0.16,0.0,0
0,0,2,0,0,0,0,1,0.0005598320503848,0,0,0.89,1.0,0
0,1,0,0,0,0,1,0,0.0001399580125962,1,0,0.76,1.0,1
1,1,5,0,0,0,13,0,0.009517144856543,1,0,1.74,0.0,1
1,1,3,0,0,0,1,0,0.158852344296711,0,0,14.81,15.0,0
0,0,0,0,0,0,4,0,0.158852344296711,1,1,6.81,118.0,1
1,0,3,0,0,0,1,0,0.0594821553533939,0,0,0.89,1.0,0
0,1,5,0,0,0,1,0,0.0005598320503848,0,0,1.28,2.0,0
0,0,0,0,0,0,2,1,0.0188943317004898,1,0,0.76,1.0,1
1,1,0,0,0,0,3,1,0.1577326801959412,0,0,1.09,1.0,0
1,0,2,1,0,0,1,1,0.1577326801959412,0,0,3.92,4.0,0
0,0,2,0,0,0,3,0,0.0002799160251924,1,0,530.08,530.0,1
1,0,0,0,0,0,1,0,0.0008397480755773,0,0,70.13,3.0,0
1,1,2,0,0,0,2,1,0.1577326801959412,0,0,0.83,1.0,0
1,2,0,0,0,0,1,0,0.158852344296711,0,0,0.87,188.0,0
1,1,2,0,0,0,6,0,0.0279916025192442,1,0,22.67,23.0,1
0,1,2,0,0,0,6,0,0.0043386983904828,0,0,5.02,5.0,0
1,0,2,0,0,0,0,0,0.001959412176347,0,0,2.27,50.0,0
1,0,0,0,0,0,1,1,0.1577326801959412,1,0,1.92,4.0,1
1,2,3,0,0,0,0,0,0.0100769769069279,0,0,0.04,0.0,0
0,0,0,0,0,0,5,0,0.0061581525542337,0,0,1.1,1.0,0
1,1,3,0,0,0,2,1,0.0016794961511546,0,0,3.08,35.0,0
1,1,0,0,0,0,8,0,0.0660601819454163,0,0,15.66,16.0,0
0,0,2,0,0,0,6,0,0.0660601819454163,0,0,105.86,188.0,0
1,1,2,0,0,0,1,0,0.0594821553533939,0,0,18.33,18.0,0
1,0,3,0,0,0,8,0,0.158852344296711,1,0,117.23,117.0,1
1,0,0,0,0,0,6,1,0.0062981105668299,1,1,0.69,16.0,1
1,1,3,0,0,0,2,0,0.0117564730580825,0,0,188.38,188.0,0
1,1,3,0,0,0,0,0,0.0036389083275017,0,0,0.68,77.0,0
1,1,2,0,0,0,1,1,0.0188943317004898,1,0,0.86,1.0,1
1,1,2,0,0,0,0,0,0.0660601819454163,0,0,1.16,1.0,0
1,2,5,0,0,0,0,0,0.0117564730580825,0,0,1.98,2.0,0
1,0,0,2,2,1,22,0,0.0023792862141357,1,0,33.94,28.0,1
1,2,0,0,0,0,1,0,0.0134359692092372,1,0,0.0,0.0,1
1,1,0,0,0,0,23,1,0.0134359692092372,1,0,0.87,34.0,1
1,2,0,0,0,0,0,1,0.1577326801959412,1,0,1.04,9.0,1
1,1,3,0,0,0,1,0,0.0279916025192442,0,0,19.7,20.0,0
0,0,2,0,0,0,2,0,0.0660601819454163,1,0,0.99,8.0,1
1,1,0,0,0,0,3,0,0.004478656403079,1,1,2.01,2.0,0
1,1,2,0,0,0,8,1,0.0067179846046186,1,0,71.07,11.0,1
0,1,5,0,0,0,0,1,0.1577326801959412,1,0,1.28,2.0,1
1,0,0,0,0,0,13,0,0.0023792862141357,1,0,97.16,97.0,1
1,0,0,0,0,0,2,1,0.1577326801959412,1,1,0.22,32.0,1
1,0,2,0,0,0,0,0,0.0037788663400979,1,0,0.92,1.0,1
1,0,0,0,0,0,9,0,0.0040587823652904,1,0,79.3,106.0,1
1,1,2,0,0,0,2,0,0.0013995801259622,0,0,358.97,359.0,0
1,2,0,0,0,0,0,0,0.0106368089573128,1,1,0.98,193.0,1
1,0,0,0,0,0,2,1,0.1577326801959412,1,0,25.72,23.0,0
0,2,0,0,0,0,1,1,0.1577326801959412,0,0,0.83,1.0,0
1,0,5,0,0,0,2,1,0.1577326801959412,1,0,2.99,77.0,1
1,1,2,0,0,0,1,0,0.0001399580125962,0,0,1.73,1.0,0
0,0,2,0,0,0,0,1,0.0013995801259622,0,0,0.25,0.0,0
1,0,2,0,0,0,4,1,0.1577326801959412,0,0,1.24,1.0,0
0,0,0,0,1,0,23,0,0.009517144856543,1,0,2.09,2.0,1
1,2,5,0,0,0,5,0,0.158852344296711,1,0,0.85,1.0,1
1,0,0,0,0,0,2,0,0.0022393282015395,1,0,1.14,18.0,1
1,0,0,0,0,0,0,1,0.0020993701889433,0,0,2.73,3.0,0
0,0,0,0,0,0,0,0,0.0090972708187543,0,0,29.12,29.0,0
1,0,2,0,0,0,11,0,0.158852344296711,1,1,121.23,384.0,1
0,0,2,0,0,0,7,0,0.009517144856543,1,0,1.02,1504.0,1
1,0,0,0,0,0,2,0,0.0279916025192442,0,0,1.22,0.0,0
1,0,2,0,0,0,2,1,0.0005598320503848,0,0,36.01,36.0,0
0,0,0,0,0,0,1,0,0.158852344296711,0,0,38.83,79.0,0
1,1,2,0,0,0,7,0,0.0134359692092372,1,0,0.61,1.0,1
1,0,0,0,0,0,15,0,0.0660601819454163,0,0,1.76,2.0,0
1,0,0,0,0,0,2,1,0.0134359692092372,0,0,0.74,1.0,0
1,1,0,0,0,0,3,0,0.158852344296711,0,0,218.59,219.0,0
1,0,3,0,0,0,0,1,0.0103568929321203,0,0,1.28,2.0,0
1,1,2,0,0,0,1,0,0.158852344296711,0,0,0.85,1.0,0
0,1,2,0,0,0,0,1,0.0188943317004898,1,1,0.72,67.0,1
1,1,2,0,0,0,0,1,0.1577326801959412,0,0,0.89,1.0,0
1,0,5,0,0,0,1,1,0.0134359692092372,1,0,1.07,0.0,1
1,1,0,0,0,0,0,0,0.0001399580125962,0,0,1.1,1.0,0
1,0,2,0,0,0,4,0,0.158852344296711,1,0,1.85,2.0,1
0,0,0,0,0,0,2,0,0.0594821553533939,0,0,2.8,3.0,0
0,0,0,0,0,0,5,1,0.1577326801959412,0,0,0.24,0.0,0
1,0,0,0,0,0,11,0,0.0029391182645206,1,0,223.17,223.0,1
1,0,0,0,0,0,0,1,0.1577326801959412,1,1,1.78,13.0,0
1,0,5,0,0,0,4,0,0.0033589923023093,1,0,2.14,2.0,1
1,1,0,0,0,0,11,0,0.0137158852344296,0,0,129.88,130.0,0
1,2,0,0,0,0,2,0,0.0008397480755773,0,0,71.85,72.0,0
0,0,0,0,0,0,2,0,0.158852344296711,1,0,226.99,227.0,1
1,0,0,0,0,0,0,1,0.1577326801959412,0,0,0.87,1.0,0
1,1,2,0,0,0,0,0,0.0011196641007697,0,0,0.9,1.0,0
1,0,2,0,0,0,13,0,0.0279916025192442,1,0,51.33,230.0,1
1,1,0,0,0,0,0,0,0.0078376487053883,0,0,13.94,14.0,0
1,0,2,0,0,0,1,0,0.158852344296711,0,0,3.27,3.0,0
1,0,0,0,0,2,11,1,0.1577326801959412,1,1,1.22,6.0,1
1,0,2,0,0,0,1,0,0.0020993701889433,0,0,6.17,6.0,0
1,2,0,0,0,0,0,0,0.0134359692092372,0,0,0.92,1.0,0
1,0,0,0,0,0,4,0,0.0279916025192442,0,0,0.87,0.0,0
1,0,3,0,0,0,4,0,0.0106368089573128,0,0,1.22,1.0,0
1,0,2,0,0,0,0,0,0.0117564730580825,1,0,30.98,42.0,1
1,0,2,0,0,0,0,0,0.0594821553533939,1,0,35.01,18.0,1
1,0,0,0,1,0,14,0,0.0074177746675997,0,0,1.15,1.0,0
1,0,0,0,1,0,4,1,0.0134359692092372,0,0,75.91,76.0,0
1,1,2,0,0,0,1,1,0.1577326801959412,0,0,1.05,1.0,0
1,0,0,0,0,0,25,0,0.158852344296711,1,0,25.97,26.0,1
1,0,2,0,0,0,8,1,0.1577326801959412,1,0,4.99,5.0,1
1,0,0,0,0,0,0,0,0.0594821553533939,0,0,0.34,0.0,0
1,2,2,0,0,1,1,1,0.0001399580125962,1,0,5.94,7.0,1
0,0,5,0,0,0,0,1,0.1577326801959412,0,0,1.0,1.0,0
0,0,5,0,0,0,3,0,0.0279916025192442,0,0,1.0,1.0,0
1,0,2,0,0,0,8,0,0.0134359692092372,1,1,22.2,22.0,1
1,0,2,0,0,0,4,0,0.0034989503149055,0,0,62.38,62.0,0
1,2,0,0,0,0,3,1,0.001959412176347,1,1,0.8,16.0,1
0,2,2,0,0,0,1,1,0.1577326801959412,1,1,29.16,1.0,1
1,0,0,0,0,0,3,1,0.0029391182645206,1,0,6.77,2.0,1
0,0,3,0,0,0,0,1,0.1577326801959412,0,0,0.92,1.0,0
1,2,3,0,0,1,1,0,0.158852344296711,1,0,1.26,1.0,1
0,2,2,0,0,4,5,0,0.158852344296711,1,0,0.76,1.0,1
1,2,3,0,0,0,0,1,0.0134359692092372,0,0,0.66,1.0,0
1,0,0,0,0,0,1,1,0.1577326801959412,0,0,0.96,1.0,0
1,2,0,0,0,0,1,0,0.0051784464660601,1,1,1.13,121.0,1
1,0,0,0,0,0,2,0,0.0051784464660601,1,0,1.73,2.0,1
1,0,5,0,0,0,0,0,0.0001399580125962,0,0,0.9,1.0,0
1,0,0,0,0,0,4,0,0.158852344296711,0,0,0.97,13.0,0
1,0,2,0,0,0,2,1,0.158852344296711,1,0,10.82,11.0,0
0,0,0,0,0,0,2,0,0.158852344296711,0,0,0.79,14.0,0
1,2,0,0,0,0,0,0,0.0043386983904828,0,0,2.77,3.0,0
1,2,3,0,0,1,0,0,0.0100769769069279,0,0,2.06,7.0,0
0,1,0,0,0,0,0,0,0.010776766969909,0,0,0.66,1.0,0
0,2,0,0,0,0,0,0,0.0051784464660601,1,0,3.79,4.0,1
0,1,0,0,0,0,0,0,0.0085374387683694,0,0,1.85,2.0,0
1,1,0,0,0,0,8,0,0.0040587823652904,1,0,1.28,780.0,1
1,0,2,0,0,0,0,0,0.001959412176347,0,0,0.19,5.0,0
1,0,2,0,0,0,0,0,0.0594821553533939,1,1,1.72,242.0,1
1,0,0,0,0,0,11,0,0.0012596221133659,1,0,1.01,1.0,1
1,2,0,0,1,1,3,1,0.1577326801959412,1,0,1.35,2.0,1
0,2,2,0,0,0,1,0,0.0134359692092372,0,0,0.96,1.0,0
1,0,0,0,0,0,2,0,0.158852344296711,0,0,1.28,261.0,0
1,0,2,0,0,0,2,0,0.158852344296711,0,0,40.06,40.0,0
0,0,0,0,0,0,2,1,0.0076976906927921,0,0,0.95,1.0,0
0,0,5,0,0,0,0,0,0.0085374387683694,0,0,0.91,1.0,0
1,0,0,0,0,0,24,1,0.0011196641007697,0,0,117.68,118.0,0
1,1,0,0,0,0,3,0,0.0660601819454163,1,0,24.92,42.0,1
1,0,0,0,0,0,0,0,0.0138558432470258,0,0,41.01,41.0,0
1,0,2,0,0,0,3,0,0.158852344296711,0,0,2.89,3.0,0
1,0,0,0,0,0,3,1,0.0134359692092372,1,1,2.72,3.0,1
1,1,2,0,0,0,1,1,0.1577326801959412,0,0,12.98,13.0,0
1,1,2,0,0,0,6,0,0.0660601819454163,1,0,0.95,2.0,1
1,1,2,0,0,0,3,0,0.158852344296711,0,0,14.22,14.0,0
1,2,0,0,0,0,0,1,0.0054583624912526,1,0,1.12,1.0,1
1,0,0,0,0,0,1,1,0.1577326801959412,1,1,1.85,11.0,1
1,0,3,0,0,0,3,0,0.0043386983904828,1,0,1.93,2.0,1
1,0,2,0,0,0,5,1,0.1577326801959412,0,0,1.19,1.0,0
1,2,0,0,0,0,1,0,0.0594821553533939,1,0,48.07,10.0,1
1,0,0,0,0,0,5,1,0.0090972708187543,0,0,0.96,1.0,0
1,2,2,0,0,0,0,0,0.0085374387683694,1,0,0.65,1.0,1
1,0,0,0,0,0,5,0,0.0036389083275017,1,0,2.82,3.0,1
1,0,0,0,0,0,2,0,0.158852344296711,0,0,83.33,83.0,0
1,0,0,0,0,0,6,0,0.0074177746675997,1,0,2.86,3.0,1
1,2,5,0,0,0,0,0,0.0006997900629811,0,0,1.06,1.0,0
1,0,2,0,0,0,1,1,0.0188943317004898,1,1,0.09,1.0,1
1,1,2,0,0,0,2,0,0.0004198740377886,0,0,1.78,2.0,0
0,2,0,0,0,0,0,1,0.1577326801959412,0,0,0.87,1.0,0
1,2,0,0,0,0,1,0,0.0008397480755773,1,0,36.18,11.0,0
1,2,0,0,0,1,4,1,0.0134359692092372,1,0,11.17,4.0,1
1,1,2,0,0,0,0,0,0.0034989503149055,0,0,1.95,1.0,0
1,0,0,1,0,1,4,1,0.0134359692092372,1,0,0.79,1.0,1
1,0,2,0,0,0,5,0,0.0076976906927921,0,0,10.96,11.0,0
1,0,5,0,0,0,2,0,0.0594821553533939,1,0,7.9,8.0,1
0,0,0,0,0,0,5,0,0.0090972708187543,0,0,0.91,0.0,0
1,2,3,0,0,0,0,0,0.010776766969909,0,0,45.92,14.0,0
1,0,0,0,0,0,0,1,0.1577326801959412,0,0,0.8,1.0,0
1,0,2,0,0,0,0,1,0.1577326801959412,1,0,1.22,1.0,1
1,0,2,0,0,0,3,1,0.1577326801959412,1,0,0.97,0.0,1
0,0,2,0,0,0,0,0,0.0660601819454163,0,0,1.11,19.0,0
1,2,5,0,1,0,9,0,0.008257522743177,1,1,4.62,5.0,1
1,0,0,0,0,0,0,0,0.0090972708187543,0,0,17.23,17.0,0
1,2,0,0,0,0,0,0,0.0137158852344296,1,0,0.84,4.0,1
0,1,2,0,0,0,0,1,0.0076976906927921,0,0,1.28,1.0,0
1,1,2,0,0,0,0,1,0.0001399580125962,0,0,1.24,1.0,0
1,0,0,0,0,0,7,0,0.158852344296711,0,0,1.18,1.0,0
1,2,0,0,0,0,0,0,0.0594821553533939,1,0,209.9,15.0,1
1,1,2,0,0,0,6,0,0.158852344296711,0,0,174.08,174.0,0
1,0,2,0,0,0,8,0,0.158852344296711,0,0,68.14,239.0,0
1,2,0,0,1,0,2,0,0.0054583624912526,1,1,19.12,53.0,1
1,1,2,0,0,0,36,0,0.0016794961511546,1,0,32.99,1.0,1
1,0,2,0,0,0,2,1,0.1577326801959412,1,1,1.22,1.0,1
1,1,0,0,0,0,1,0,0.0043386983904828,0,0,1.28,2.0,0
1,2,3,0,1,0,3,0,0.0594821553533939,1,0,22.07,24.0,0
0,0,0,0,0,0,0,0,0.0090972708187543,0,0,12.0,12.0,0
0,0,2,0,0,0,2,1,0.0054583624912526,1,0,1.05,9.0,1
0,2,3,0,0,0,1,1,0.0058782365290412,1,0,0.43,10.0,0
1,0,2,0,0,0,1,0,0.0134359692092372,0,0,1.18,1.0,0
0,2,0,0,0,0,0,0,0.001959412176347,1,0,1.18,0.0,1
1,0,2,0,0,0,0,1,0.0067179846046186,0,0,0.7,1.0,0
1,2,0,0,0,0,0,0,0.0594821553533939,0,0,0.74,1.0,0
1,0,0,0,0,0,3,0,0.158852344296711,1,0,32.02,32.0,1
1,0,5,0,0,0,1,0,0.158852344296711,1,0,0.62,1.0,1
1,0,0,0,0,0,0,0,0.0085374387683694,0,0,1.25,1.0,0
0,0,2,0,0,0,0,1,0.1577326801959412,0,0,3.91,4.0,0
1,1,3,0,0,0,1,1,0.005738278516445,0,0,1.15,1.0,0
1,0,5,0,0,0,3,0,0.0138558432470258,0,0,3.03,3.0,0
0,0,0,0,0,0,2,0,0.158852344296711,0,0,1.94,27.0,0
1,0,0,0,1,0,12,0,0.158852344296711,1,1,1.55,2.0,1
1,2,0,0,0,1,1,0,0.0594821553533939,0,0,1.09,1.0,0
1,1,0,0,0,0,3,0,0.0043386983904828,0,0,0.19,1.0,0
0,0,3,0,0,0,1,0,0.0660601819454163,1,0,2.04,2.0,1
1,0,2,0,0,0,0,0,0.0004198740377886,0,0,19.03,2.0,0
1,2,0,0,2,0,2,0,0.0053184044786564,1,0,1.19,1.0,1
1,0,3,0,0,0,0,1,0.1577326801959412,0,0,2.09,2.0,0
1,0,5,0,0,0,0,1,0.1577326801959412,0,0,0.83,1.0,0
0,2,2,0,0,2,0,0,0.0660601819454163,0,0,0.17,0.0,0
1,1,2,0,0,0,0,1,0.0061581525542337,0,0,0.95,1.0,0
1,2,2,0,0,0,2,0,0.158852344296711,0,0,2.09,3.0,0
1,0,0,0,0,1,6,1,0.1577326801959412,1,0,3.74,2.0,1
1,2,2,0,0,0,0,0,0.0660601819454163,0,0,0.05,0.0,0
0,2,0,0,0,0,0,0,0.0279916025192442,1,0,0.68,23.0,1
1,1,0,0,0,0,3,0,0.0137158852344296,0,0,3.73,5.0,0
1,0,0,0,0,1,2,1,0.1577326801959412,1,0,50.8,1.0,0
0,1,2,0,0,0,0,1,0.1577326801959412,0,0,0.88,1.0,0
0,0,0,0,0,0,0,1,0.1577326801959412,0,0,1.28,161.0,0
1,2,0,2,0,0,3,0,0.0100769769069279,1,0,0.25,321.0,1
1,0,3,0,0,0,2,1,0.158852344296711,1,1,207.86,208.0,1
0,2,5,1,0,0,1,0,0.158852344296711,0,0,2.95,89.0,0
1,0,3,0,0,0,1,0,0.0009797060881735,0,0,95.11,0.0,0
1,0,2,0,0,0,0,0,0.0660601819454163,0,0,1.84,2.0,0
1,2,0,0,1,0,1,0,0.0594821553533939,1,0,0.77,0.0,0
1,2,2,0,0,0,2,1,0.0134359692092372,1,0,0.84,2.0,1
1,1,0,0,0,0,18,0,0.158852344296711,0,0,1.28,453.0,0
1,2,0,0,0,0,4,0,0.158852344296711,1,0,219.92,220.0,1
1,2,0,0,0,0,0,0,0.0054583624912526,1,0,12.15,22.0,1
1,0,2,0,0,0,1,1,0.1577326801959412,0,0,0.21,0.0,0
0,1,2,0,0,0,1,1,0.1577326801959412,1,0,0.9,20.0,1
1,0,2,0,0,0,0,0,0.158852344296711,1,0,8.28,8.0,1
1,0,0,0,0,0,7,0,0.003219034289713,1,0,127.21,127.0,1
0,1,2,0,0,0,1,1,0.1577326801959412,0,0,0.84,1.0,0
0,2,0,0,0,0,0,0,0.0085374387683694,0,0,1.17,1.0,0
1,0,0,0,0,0,1,0,0.158852344296711,0,0,4.23,4.0,0
1,0,0,0,0,0,1,1,0.1577326801959412,0,0,1.82,2.0,0
1,2,2,0,0,0,1,1,0.0022393282015395,0,0,36.4,36.0,0
1,0,0,1,1,0,6,0,0.0029391182645206,1,0,1.01,1.0,1
1,2,0,0,0,0,4,0,0.0594821553533939,1,1,260.2,198.0,1
1,2,2,0,0,0,3,1,0.158852344296711,0,0,5.9,6.0,0
1,0,0,0,0,0,23,0,0.0076976906927921,1,0,17.26,70.0,1
1,0,0,0,0,0,2,0,0.0106368089573128,0,0,5.21,5.0,0
1,1,0,0,0,0,2,0,0.0134359692092372,0,0,0.73,1.0,0
1,1,0,0,0,0,1,0,0.158852344296711,0,0,1.28,153.0,0
1,0,0,0,0,0,7,0,0.0660601819454163,1,0,1.23,4.0,0
1,1,2,1,0,0,23,0,0.009517144856543,1,1,360.94,280.0,1
0,1,2,0,0,0,0,1,0.1577326801959412,0,0,0.18,0.0,0
1,0,0,0,0,0,12,0,0.0279916025192442,1,0,31.95,46.0,1
1,0,0,0,0,0,5,0,0.158852344296711,1,0,51.25,15.0,0
1,0,2,0,0,0,3,1,0.1577326801959412,0,0,0.27,0.0,0
0,0,3,0,0,0,0,0,0.158852344296711,0,0,2.38,2.0,0
1,1,2,0,0,0,5,0,0.0660601819454163,1,0,291.1,4.0,1
1,0,0,0,0,0,14,0,0.0004198740377886,1,0,0.94,1.0,1
1,0,0,1,0,0,2,0,0.0074177746675997,0,0,1.86,2.0,0
1,2,0,0,0,1,0,1,0.0011196641007697,1,0,21.31,11.0,1
1,0,0,0,0,2,6,0,0.0023792862141357,0,0,0.26,48.0,0
1,0,2,0,0,0,0,0,0.008257522743177,0,0,0.2,0.0,0
1,1,2,0,0,0,2,0,0.0061581525542337,0,0,0.79,1.0,0
1,1,0,0,0,0,5,0,0.0279916025192442,0,0,12.08,143.0,0
1,0,0,0,0,0,9,0,0.0074177746675997,1,1,52.12,43.0,1
1,1,2,0,0,0,4,0,0.0594821553533939,1,0,7.03,110.0,1
1,0,0,0,0,0,3,0,0.0076976906927921,0,0,1.14,4.0,0
1,1,5,0,0,0,4,0,0.158852344296711,0,0,1.15,1.0,0
1,2,3,0,0,0,1,1,0.0016794961511546,0,0,5.18,5.0,0
0,0,2,0,0,0,0,1,0.0022393282015395,0,0,0.96,1.0,0
1,1,2,0,0,0,0,1,0.1577326801959412,0,0,0.97,1.0,0
0,2,0,0,0,0,0,0,0.0100769769069279,0,0,0.26,0.0,0
0,0,0,0,0,0,1,0,0.0002799160251924,1,0,0.78,1.0,1
1,1,0,0,0,0,11,0,0.158852344296711,0,0,110.02,110.0,0
1,0,2,0,0,0,0,1,0.0188943317004898,1,0,0.2,0.0,1
1,2,3,0,0,0,0,1,0.1577326801959412,0,0,0.19,0.0,0
1,2,2,0,0,0,0,0,0.0018194541637508,0,0,1.97,2.0,0
0,1,2,0,0,0,2,1,0.0103568929321203,0,0,1.19,17.0,0
1,0,0,0,0,0,7,1,0.0074177746675997,1,0,1.08,1.0,1
1,2,2,0,0,0,1,0,0.0026592022393282,1,0,0.58,290.0,1
1,0,0,0,0,0,8,0,0.0078376487053883,1,0,3.46,3.0,1
1,0,5,0,0,0,1,0,0.158852344296711,0,0,2.05,2.0,0
1,2,0,0,0,0,0,0,0.0137158852344296,1,0,0.91,1.0,1
1,0,2,0,0,0,0,1,0.1577326801959412,1,1,5.43,5.0,1
1,0,0,0,0,0,8,0,0.158852344296711,0,0,87.62,88.0,0
1,1,0,0,0,0,21,1,0.158852344296711,1,0,59.12,4.0,1
1,2,0,0,0,0,3,0,0.0594821553533939,0,0,106.16,6.0,0
1,1,3,0,0,0,1,1,0.0058782365290412,1,0,1.0,1.0,1
1,0,2,0,0,0,0,0,0.0025192442267319,0,0,0.14,0.0,0
1,1,0,0,0,0,1,0,0.009517144856543,1,0,25.78,118.0,1
1,0,2,0,0,0,3,1,0.0011196641007697,0,0,0.99,0.0,0
1,0,0,0,0,0,3,0,0.0117564730580825,0,0,33.05,1.0,0
1,2,2,0,1,1,3,0,0.0100769769069279,1,0,0.21,14.0,1
1,0,2,0,0,0,0,0,0.0074177746675997,0,0,1.25,1.0,0
1,0,0,0,0,0,2,0,0.158852344296711,0,0,0.97,1.0,0
0,2,0,0,0,0,3,0,0.0594821553533939,1,0,1.01,100.0,1
1,2,2,0,0,1,1,0,0.0138558432470258,1,0,32.03,5.0,1
1,0,2,0,0,0,2,1,0.1577326801959412,0,0,0.99,1.0,0
0,2,2,0,0,0,0,0,0.0100769769069279,0,0,0.23,0.0,0
1,0,2,0,0,0,0,1,0.0079776067179846,0,0,0.06,0.0,0
1,0,3,0,0,0,2,0,0.158852344296711,1,1,0.68,2.0,1
1,2,0,1,0,1,1,0,0.158852344296711,1,0,1.0,159.0,1
1,0,3,0,0,0,2,1,0.158852344296711,1,1,1.12,14.0,1
1,2,0,0,0,0,1,1,0.1577326801959412,1,1,1.96,1.0,1
1,1,2,0,0,0,4,0,0.158852344296711,0,0,1.77,2.0,0
0,1,0,0,0,0,3,0,0.0085374387683694,0,0,0.84,0.0,0
1,0,0,0,0,0,1,1,0.1577326801959412,0,0,4.47,4.0,0
1,0,0,0,0,0,5,0,0.0106368089573128,0,0,1.23,1.0,0
1,2,2,0,0,0,0,1,0.1577326801959412,0,0,0.66,1.0,0
1,1,0,0,0,0,16,0,0.158852344296711,0,0,64.65,65.0,0
0,1,0,0,0,0,2,0,0.0594821553533939,1,0,9.71,1.0,1
1,0,2,0,0,0,0,1,0.1577326801959412,1,0,3.86,4.0,1
1,2,5,0,0,1,0,0,0.0660601819454163,1,1,22.21,24.0,1
1,0,0,0,0,0,13,1,0.0134359692092372,1,1,1.14,0.0,1
0,1,0,0,0,0,16,0,0.0660601819454163,0,0,66.03,66.0,0
1,0,0,0,0,0,1,1,0.1577326801959412,1,0,13.07,13.0,1
1,0,0,0,0,0,3,0,0.0005598320503848,1,0,1.1,1.0,1
1,1,2,0,0,0,6,0,0.0594821553533939,1,0,1.81,2.0,1
1,0,2,0,0,0,1,0,0.004478656403079,1,1,4.01,22.0,1
0,0,4,0,0,0,4,0,0.158852344296711,1,0,97.01,16.0,1
1,1,0,0,0,0,5,0,0.009517144856543,1,0,118.99,119.0,1
1,0,0,1,1,0,10,0,0.0030790762771168,1,1,0.72,0.0,1
1,0,0,0,0,0,5,0,0.006997900629811,0,0,1.17,1.0,0
1,1,2,0,0,0,2,0,0.0011196641007697,0,0,3.07,5.0,0
1,0,0,0,0,0,0,0,0.0033589923023093,0,0,1.07,1.0,0
1,2,0,1,2,2,6,0,0.0279916025192442,1,1,0.87,22.0,0
1,1,0,0,0,0,28,0,0.0660601819454163,1,0,5.77,2.0,1
1,0,0,0,0,1,8,0,0.0064380685794261,1,0,10.22,7.0,1
0,2,0,1,0,0,6,0,0.158852344296711,1,0,26.08,3.0,1
1,1,0,0,0,0,2,1,0.1577326801959412,0,0,0.82,1.0,0
1,1,0,0,0,0,12,1,0.0079776067179846,1,0,4.0,4.0,1
1,2,2,0,0,1,1,1,0.0062981105668299,1,0,0.27,1.0,1
1,0,0,0,0,0,1,1,0.1577326801959412,0,0,0.99,1.0,0
1,2,0,0,0,0,1,0,0.0009797060881735,1,1,2.04,1.0,1
1,1,2,0,0,0,0,0,0.0138558432470258,0,0,35.26,35.0,0
1,2,3,0,0,0,0,0,0.0013995801259622,0,0,1.04,1.0,0
1,0,2,0,0,0,3,0,0.0660601819454163,0,0,6.92,7.0,0
1,1,2,0,0,0,3,0,0.0009797060881735,0,0,0.93,1.0,0
1,0,2,0,0,0,4,0,0.0106368089573128,1,0,1.03,1.0,1
1,1,2,0,0,0,0,0,0.0594821553533939,0,0,0.88,1.0,0
1,0,3,0,0,0,4,0,0.0036389083275017,1,0,31.78,1.0,1
1,1,2,0,0,0,1,0,0.0029391182645206,1,0,0.33,6.0,1
1,0,1,0,0,0,0,0,0.0054583624912526,0,0,101.07,101.0,0
1,1,3,0,0,0,1,0,0.0043386983904828,0,0,10.09,10.0,0
1,0,3,0,0,0,2,1,0.0188943317004898,0,0,0.92,1.0,0
0,2,2,0,0,1,6,0,0.0029391182645206,1,1,3.37,1.0,1
1,2,2,0,0,4,2,1,0.005738278516445,1,1,8.59,9.0,1
1,0,0,0,0,0,2,1,0.158852344296711,0,0,1.28,2.0,0
1,1,1,0,0,0,5,0,0.0279916025192442,1,0,11.27,11.0,1
1,0,0,0,0,0,1,0,0.0002799160251924,0,0,1.22,1.0,0
0,0,2,0,0,0,0,1,0.0188943317004898,0,0,1.02,1.0,0
1,0,2,0,0,0,6,0,0.158852344296711,1,0,18.31,54.0,1
1,0,2,0,0,0,0,1,0.1577326801959412,1,1,1.0,9.0,1
1,1,0,0,0,0,0,1,0.1577326801959412,0,0,1.14,1.0,0
1,0,0,0,0,0,4,0,0.0026592022393282,1,1,8.22,8.0,1
0,1,2,0,0,0,0,1,0.0103568929321203,0,0,0.96,1.0,0
1,0,0,0,0,0,0,0,0.0065780265920223,0,0,1.27,1.0,0
0,2,3,0,0,0,2,0,0.0660601819454163,1,0,18.97,19.0,1
1,0,0,0,0,0,4,0,0.158852344296711,1,1,25.92,77.0,1
1,0,2,0,0,0,1,1,0.0011196641007697,1,0,1.12,6.0,1
1,0,3,0,0,0,7,0,0.0085374387683694,1,0,1.08,1.0,1
1,1,3,0,0,0,20,0,0.0001399580125962,0,0,27.91,3.0,0
1,1,0,0,0,0,33,0,0.0025192442267319,1,0,13.63,14.0,1
1,0,2,0,0,0,2,0,0.0660601819454163,0,0,0.28,0.0,0
1,1,2,0,0,0,1,1,0.0103568929321203,0,0,1.08,0.0,0
1,0,2,0,0,0,1,0,0.158852344296711,0,0,74.02,74.0,0
1,0,0,0,0,0,1,0,0.0065780265920223,0,0,1.28,2.0,0
1,1,2,0,0,0,4,1,0.1577326801959412,0,0,0.96,1.0,0
0,0,0,0,0,0,12,1,0.0079776067179846,0,0,0.58,0.0,0
1,1,5,0,0,0,12,0,0.0033589923023093,0,0,1.2,1.0,0
0,0,0,0,0,0,0,1,0.1577326801959412,0,0,1.26,1.0,0
0,1,2,0,0,0,0,1,0.0002799160251924,0,0,0.94,1.0,0
1,0,3,0,0,0,7,1,0.1577326801959412,0,0,37.75,38.0,0
1,0,5,0,0,0,2,1,0.1577326801959412,0,0,1.95,2.0,0
1,0,0,0,0,0,2,1,0.1577326801959412,0,0,0.41,1.0,0
0,0,0,0,0,0,6,0,0.010776766969909,0,0,52.07,1.0,0
1,0,5,0,0,0,0,1,0.0134359692092372,0,0,0.94,0.0,0
1,1,0,0,0,0,10,0,0.158852344296711,1,0,127.13,1.0,1
1,0,0,0,0,0,5,0,0.0029391182645206,1,0,2.19,2.0,1
1,2,2,0,0,0,0,0,0.0660601819454163,0,0,1.23,6.0,0
1,1,2,0,0,0,1,0,0.004478656403079,1,0,129.02,129.0,1
1,1,0,0,0,0,0,1,0.1577326801959412,1,1,45.28,45.0,1
1,1,0,0,0,0,4,1,0.0009797060881735,0,0,1.04,1.0,0
1,2,0,0,0,0,0,0,0.0005598320503848,1,0,0.32,1.0,1
1,0,2,0,0,0,4,0,0.0660601819454163,1,0,5.37,5.0,1
1,2,2,0,0,0,0,0,0.004478656403079,0,0,15.03,15.0,0
1,2,2,0,0,0,0,1,0.1577326801959412,0,0,1.22,1434.0,0
1,0,2,0,1,3,6,0,0.0138558432470258,1,0,1.28,1.0,0
1,0,0,0,1,0,1,1,0.1577326801959412,1,0,0.83,1.0,1
1,0,0,0,0,0,0,0,0.0005598320503848,0,0,0.0,0.0,0
1,0,0,0,1,0,6,0,0.158852344296711,1,0,4.32,10.0,1
1,0,2,0,0,0,1,0,0.158852344296711,1,1,0.66,1.0,1
1,2,2,0,0,0,0,0,0.0594821553533939,1,0,0.58,0.0,1
1,0,5,0,0,0,1,0,0.0043386983904828,0,0,5.05,5.0,0
1,0,2,0,0,0,0,0,0.0106368089573128,0,0,0.0,15.0,0
1,0,3,1,1,0,20,0,0.158852344296711,0,0,0.92,1.0,0
1,0,0,0,0,0,0,0,0.0594821553533939,0,0,2.04,2.0,0
1,0,0,0,0,0,14,0,0.0009797060881735,1,0,1.73,68.0,1
1,2,2,0,0,1,9,1,0.0067179846046186,1,1,10.09,355.0,1
1,2,2,1,0,4,6,0,0.0660601819454163,1,0,62.34,62.0,1
1,2,3,0,0,0,0,0,0.0594821553533939,1,0,0.99,214.0,1
1,1,2,0,0,0,1,1,0.1577326801959412,0,0,0.23,0.0,0
1,0,0,0,0,0,5,0,0.0090972708187543,1,0,1.23,0.0,1
1,0,3,0,0,0,2,1,0.0079776067179846,1,0,4.21,4.0,1
1,1,2,0,0,0,2,0,0.006997900629811,1,0,0.95,1.0,1
1,0,0,0,0,0,1,1,0.0012596221133659,0,0,0.08,0.0,0
1,0,0,0,0,0,0,0,0.0001399580125962,0,0,1.28,2.0,0
1,2,2,0,0,0,2,0,0.0106368089573128,0,0,0.9,1.0,0
0,1,3,0,0,0,1,0,0.0002799160251924,0,0,1.28,2.0,0
1,0,0,0,0,0,8,0,0.158852344296711,0,0,1.78,2.0,0
1,1,0,0,0,0,6,0,0.009517144856543,0,0,144.08,58.0,0
1,0,0,0,0,1,3,0,0.0137158852344296,1,0,1.83,101.0,0
0,1,5,0,0,0,0,0,0.0594821553533939,0,0,17.07,17.0,0
1,0,0,0,0,0,3,0,0.0594821553533939,1,0,3.01,2.0,1
1,2,0,0,2,0,3,0,0.158852344296711,1,1,0.77,41.0,1
1,1,2,0,0,0,1,1,0.0103568929321203,0,0,5.74,6.0,0
1,2,0,0,1,0,3,0,0.158852344296711,1,1,7.92,8.0,1
1,1,0,0,0,0,3,1,0.1577326801959412,0,0,0.91,1.0,0
1,0,0,0,0,0,0,0,0.0029391182645206,0,0,9.96,10.0,0
1,0,2,0,0,0,1,0,0.0004198740377886,0,0,6.29,5.0,0
1,0,0,8,0,1,16,0,0.0074177746675997,1,1,1.16,25.0,1
0,0,0,0,0,0,0,1,0.1577326801959412,0,0,1.24,1.0,0
1,2,0,0,0,0,1,0,0.0009797060881735,0,0,0.24,36.0,0
1,0,2,0,0,0,2,0,0.158852344296711,1,0,12.2,11.0,1
1,0,2,0,0,0,5,0,0.0030790762771168,0,0,0.17,9.0,0
1,2,3,0,0,0,8,0,0.0106368089573128,0,0,0.97,0.0,0
1,0,0,0,0,0,5,1,0.001959412176347,1,0,64.13,64.0,1
1,0,2,0,0,0,11,1,0.1577326801959412,0,0,180.28,180.0,0
0,0,0,0,0,0,6,0,0.158852344296711,1,1,1.25,48.0,1
1,0,2,0,0,0,0,1,0.1577326801959412,0,0,0.22,0.0,0
1,0,0,0,0,0,15,0,0.0009797060881735,1,0,0.23,0.0,0
1,0,3,0,0,0,4,0,0.0106368089573128,0,0,0.91,0.0,0
0,0,0,0,0,0,0,1,0.0062981105668299,0,0,0.98,1.0,0
1,2,2,0,0,0,1,0,0.158852344296711,0,0,1.28,2.0,0
1,1,3,0,0,0,1,0,0.0008397480755773,0,0,7.57,8.0,0
0,1,2,0,0,0,2,1,0.0188943317004898,1,0,0.2,1.0,1
1,1,2,0,0,0,5,0,0.0279916025192442,1,0,1.07,26.0,1
1,0,2,0,0,0,8,0,0.158852344296711,1,0,30.98,31.0,1
1,1,2,0,0,0,0,1,0.1577326801959412,1,0,0.99,1.0,1
0,1,2,0,0,0,0,1,0.1577326801959412,0,0,1.0,1.0,0
1,0,0,0,0,1,5,0,0.0279916025192442,1,1,1.09,1.0,1
0,2,2,0,0,0,0,1,0.1577326801959412,0,0,0.85,0.0,0
1,2,2,0,0,0,1,1,0.158852344296711,0,0,9.97,1.0,0
1,0,5,0,0,0,0,1,0.1577326801959412,1,0,1.02,11.0,1
1,2,0,1,0,0,10,0,0.158852344296711,1,0,17.21,17.0,1
1,0,3,0,0,0,0,1,0.0103568929321203,0,0,0.56,1.0,0
1,0,5,0,0,0,1,0,0.158852344296711,0,0,0.85,1.0,0
1,2,0,4,0,0,4,0,0.158852344296711,1,0,117.94,118.0,1
1,0,0,0,0,0,4,0,0.158852344296711,1,0,52.15,52.0,0
1,0,0,0,0,0,0,1,0.004478656403079,1,1,0.71,3.0,0
0,2,2,0,0,0,0,0,0.0117564730580825,0,0,2.17,2.0,0
1,0,0,0,0,0,0,1,0.1577326801959412,0,0,1.34,1.0,0
1,2,3,0,0,0,0,1,0.0134359692092372,1,0,1.04,1.0,1
1,0,3,0,0,0,1,0,0.0660601819454163,0,0,0.01,0.0,0
0,2,2,0,0,1,0,0,0.0117564730580825,0,0,0.86,1.0,0
1,2,0,1,0,0,1,0,0.158852344296711,0,0,0.91,1.0,0
1,0,0,0,0,0,3,1,0.0016794961511546,1,0,19.91,1.0,1
1,0,0,0,0,0,3,1,0.1577326801959412,1,1,6.05,1.0,1
1,1,0,0,0,0,17,0,0.0594821553533939,1,0,58.2,28.0,1
1,0,0,0,0,0,0,0,0.0033589923023093,0,0,1.12,1.0,0
1,2,0,0,0,0,11,0,0.0660601819454163,1,1,0.0,1.0,1
0,0,0,0,0,0,1,0,0.0029391182645206,0,0,0.91,1.0,0
1,0,3,0,0,0,1,1,0.0023792862141357,1,0,39.85,59.0,1
1,0,0,0,0,0,1,1,0.0134359692092372,0,0,0.92,10.0,0
1,0,2,0,0,0,6,0,0.158852344296711,1,1,34.36,1.0,1
1,0,0,0,0,0,1,1,0.1577326801959412,0,0,1.28,2.0,0
0,1,2,0,0,0,0,1,0.0188943317004898,0,0,0.22,0.0,0
1,0,2,0,0,0,2,1,0.0079776067179846,0,0,1.01,1.0,0
1,0,0,0,0,0,5,1,0.0138558432470258,1,0,1.09,1.0,1
1,0,2,0,0,0,0,0,0.0660601819454163,0,0,0.39,0.0,0
1,2,0,0,0,1,0,0,0.0018194541637508,1,0,0.86,41.0,1
1,0,3,0,0,0,1,1,0.0058782365290412,0,0,41.2,41.0,0
1,0,0,0,0,0,4,0,0.0008397480755773,1,1,32.0,32.0,1
1,1,2,0,0,0,0,1,0.0079776067179846,0,0,0.01,0.0,0
1,0,3,0,0,0,6,0,0.0660601819454163,1,1,1.28,1842.0,1
1,0,2,0,0,0,2,1,0.0138558432470258,1,0,25.31,25.0,1
1,0,0,0,0,0,10,0,0.0279916025192442,0,0,0.13,8.0,0
1,0,0,0,0,0,6,1,0.0134359692092372,0,0,1.28,2.0,0
1,1,0,0,0,0,9,1,0.158852344296711,1,0,3.79,8.0,1
0,2,2,0,0,0,3,0,0.0029391182645206,0,0,5.73,53.0,0
0,2,0,0,0,0,0,1,0.0001399580125962,0,0,7.72,8.0,0
0,2,2,0,0,0,2,0,0.0660601819454163,1,0,22.27,48.0,1
1,0,0,0,0,0,1,1,0.1577326801959412,0,0,0.81,0.0,0
1,0,0,0,0,0,0,1,0.0079776067179846,0,0,0.99,1.0,0
1,1,0,0,0,0,15,0,0.009517144856543,1,0,1.18,1.0,1
1,2,0,0,0,0,4,0,0.0660601819454163,1,1,0.73,3.0,1
1,0,3,0,0,0,0,1,0.0058782365290412,0,0,0.13,5.0,0
1,2,0,0,1,1,4,0,0.158852344296711,1,0,2.12,109.0,1
1,0,2,0,0,0,3,0,0.0005598320503848,1,0,1.08,0.0,1
1,0,2,0,0,0,1,0,0.0033589923023093,0,0,1.18,1.0,0
1,2,2,0,2,0,3,0,0.0001399580125962,1,0,9.07,9.0,1
1,0,0,0,0,0,0,0,0.0138558432470258,0,0,2.0,2.0,0
1,0,0,0,2,1,18,0,0.009517144856543,1,0,0.24,153.0,1
0,0,2,0,0,0,0,0,0.008257522743177,1,0,0.87,0.0,1
1,2,5,0,0,0,0,0,0.0137158852344296,0,0,16.05,16.0,0
0,1,0,0,0,0,4,0,0.0013995801259622,1,1,1.01,2.0,1
0,1,2,0,0,0,0,1,0.004478656403079,1,0,1.89,2.0,1
1,2,0,0,0,1,0,0,0.0002799160251924,0,0,0.7,1.0,0
0,2,0,0,0,0,0,0,0.0594821553533939,0,0,1.09,1.0,0
1,0,0,0,0,0,0,0,0.0117564730580825,0,0,2.83,3.0,0
1,2,2,0,0,0,1,0,0.158852344296711,1,0,37.35,34.0,1
1,2,2,0,0,0,2,0,0.0076976906927921,1,1,27.27,80.0,1
1,0,2,0,0,0,3,0,0.0009797060881735,1,0,38.94,11.0,1
1,0,0,0,0,0,8,0,0.0660601819454163,1,0,1.93,125.0,1
0,0,0,0,0,0,10,0,0.0279916025192442,0,0,0.9,1.0,0
0,1,2,0,0,0,1,0,0.0134359692092372,0,0,1.28,1.0,0
1,2,0,0,0,0,4,0,0.158852344296711,0,0,89.84,90.0,0
1,0,2,0,0,0,2,0,0.0026592022393282,1,0,4.97,32.0,1
1,0,0,0,0,0,0,0,0.0660601819454163,1,0,1.63,3.0,1
1,2,0,0,0,0,1,0,0.0054583624912526,1,0,1.23,10.0,1
0,0,0,0,0,0,9,0,0.0001399580125962,1,0,65.05,48.0,1
1,0,0,0,0,0,13,0,0.158852344296711,1,1,2.07,173.0,1
1,0,2,0,0,0,1,0,0.0025192442267319,1,1,0.79,2.0,1
1,0,0,0,0,0,23,0,0.0053184044786564,1,0,55.14,34.0,1
1,1,0,0,0,0,20,0,0.003219034289713,0,0,1.67,2.0,0
1,2,0,0,1,0,3,0,0.158852344296711,0,0,0.68,1.0,0
1,0,0,0,0,1,1,1,0.1577326801959412,1,1,79.72,75.0,1
1,2,3,0,0,0,2,1,0.0134359692092372,1,0,19.28,42.0,1
1,1,0,0,0,0,2,1,0.0001399580125962,1,1,5.16,40.0,1
1,0,0,0,0,0,0,1,0.0005598320503848,0,0,1.17,1.0,0
0,0,0,0,0,0,0,0,0.0137158852344296,0,0,1.1,160.0,0
1,1,2,0,0,0,1,1,0.1577326801959412,0,0,1.1,1.0,0
1,1,3,0,0,0,0,0,0.0279916025192442,0,0,1.62,2.0,0
1,2,0,0,0,0,0,0,0.0004198740377886,0,0,0.9,14.0,0
1,0,0,0,0,0,11,0,0.0074177746675997,0,0,1.86,12.0,0
1,0,5,0,0,0,4,1,0.0012596221133659,1,1,0.89,7.0,1
1,0,2,0,0,0,5,0,0.158852344296711,0,0,21.93,22.0,0
1,0,0,0,0,0,2,1,0.005738278516445,0,0,1.28,2.0,0
1,1,5,0,0,0,0,0,0.0137158852344296,0,0,0.82,0.0,0
0,0,0,0,0,0,0,1,0.1577326801959412,0,0,0.99,0.0,0
0,1,2,0,0,0,2,0,0.0594821553533939,0,0,29.04,29.0,0
1,0,0,0,0,0,0,1,0.0660601819454163,0,0,1.1,1.0,0
1,0,0,0,0,0,0,1,0.1577326801959412,1,1,0.84,1.0,1
1,1,0,0,0,0,17,0,0.158852344296711,1,0,6.18,6.0,1
1,2,0,0,0,1,3,0,0.158852344296711,0,0,323.11,323.0,0
0,0,2,0,0,0,0,1,0.0103568929321203,0,0,0.95,1.0,0
0,0,2,0,0,1,15,0,0.0594821553533939,1,0,3.29,101.0,1
1,0,3,0,0,0,7,0,0.0279916025192442,1,0,0.67,14.0,1
1,2,0,0,0,1,2,1,0.1577326801959412,1,1,80.15,22.0,1
1,0,0,0,0,0,3,0,0.0594821553533939,0,0,0.86,1.0,0
1,2,1,0,0,1,0,0,0.0005598320503848,1,1,0.87,39.0,1
1,1,2,0,0,0,3,0,0.0594821553533939,1,0,0.85,39.0,1
1,0,0,0,0,0,15,0,0.0023792862141357,1,0,20.12,20.0,1
0,0,0,0,0,0,2,0,0.0100769769069279,0,0,0.77,0.0,0
1,0,0,0,0,0,5,0,0.158852344296711,0,0,6.9,6.0,0
1,0,0,0,1,0,4,1,0.1577326801959412,0,0,2.13,2.0,0
1,0,0,0,0,0,14,0,0.0134359692092372,1,0,1.99,2.0,1
1,1,2,0,0,0,2,0,0.0001399580125962,0,0,0.99,1.0,0
1,0,0,0,0,0,3,1,0.0090972708187543,1,0,1.96,1.0,1
1,2,0,1,0,0,2,0,0.158852344296711,0,0,293.9,294.0,0
1,0,0,0,0,0,4,0,0.158852344296711,1,1,339.17,1653.0,1
1,1,2,0,0,0,2,0,0.0660601819454163,1,0,2.04,1.0,1
1,1,0,0,0,0,20,0,0.0660601819454163,1,0,33.22,21.0,1
1,0,0,0,0,0,2,1,0.158852344296711,0,0,6.05,6.0,0
1,2,0,0,0,0,1,1,0.1577326801959412,0,0,1.2,1.0,0
1,0,0,0,0,0,1,0,0.0012596221133659,0,0,1.03,1.0,0
1,1,0,0,0,0,0,0,0.0594821553533939,0,0,1.03,1.0,0
1,0,0,0,0,0,6,0,0.0023792862141357,0,0,1.15,1.0,0
1,0,0,0,0,0,10,1,0.158852344296711,1,0,5.99,1.0,1
1,0,0,0,1,0,10,0,0.0279916025192442,1,1,0.22,2.0,1
1,0,2,0,0,0,1,0,0.0009797060881735,0,0,1.98,2.0,0
0,1,2,0,0,0,9,0,0.158852344296711,1,0,384.72,385.0,1
1,1,2,0,0,0,1,0,0.158852344296711,0,0,6.29,6.0,0
1,0,0,0,1,0,8,0,0.0001399580125962,0,0,40.57,5.0,0
1,0,0,0,0,0,0,0,0.0134359692092372,0,0,1.01,1.0,0
1,2,3,0,0,0,0,1,0.0188943317004898,0,0,0.17,0.0,0
0,1,2,0,0,0,2,0,0.0594821553533939,0,0,19.91,99.0,0
1,2,0,0,0,0,0,0,0.0026592022393282,1,0,1.07,3.0,1
1,0,0,0,0,0,5,0,0.0074177746675997,1,1,1.28,2.0,1
1,0,0,0,0,1,1,1,0.0001399580125962,0,0,1.28,2.0,0
1,1,0,0,0,0,18,0,0.0279916025192442,1,0,248.94,0.0,1
1,1,0,0,0,0,0,1,0.0188943317004898,0,0,1.84,2.0,0
1,2,0,0,0,0,1,0,0.158852344296711,0,0,0.84,20.0,0
1,0,2,0,0,0,1,0,0.158852344296711,1,1,16.28,19.0,1
1,1,2,0,0,0,0,0,0.0022393282015395,0,0,2.99,3.0,0
1,0,2,0,0,0,0,1,0.0103568929321203,1,0,0.91,33.0,1
1,2,3,0,0,0,1,0,0.0054583624912526,0,0,6.02,4.0,0
1,2,2,0,0,0,0,1,0.1577326801959412,0,0,1.12,1.0,0
1,0,2,0,0,0,0,0,0.0018194541637508,1,1,1.0,1.0,1
1,1,2,0,0,0,0,1,0.004478656403079,0,0,3.18,3.0,0
1,0,2,0,0,0,2,1,0.0103568929321203,0,0,0.1,0.0,0
1,2,2,0,0,0,1,0,0.158852344296711,0,0,1.0,1.0,0
0,0,3,0,0,0,1,0,0.0594821553533939,0,0,1.83,2.0,0
1,2,0,0,0,0,0,0,0.0134359692092372,0,0,0.3,0.0,0
1,0,2,0,0,0,11,0,0.158852344296711,1,0,268.0,4.0,1
1,0,2,0,0,0,1,0,0.158852344296711,0,0,0.82,1.0,0
1,2,2,0,1,1,1,0,0.158852344296711,1,0,1.16,15.0,1
1,1,0,0,0,0,0,0,0.0137158852344296,1,0,2.84,27.0,1
0,0,0,0,0,0,4,0,0.0030790762771168,1,0,0.85,150.0,1
1,1,0,0,0,0,2,0,0.0005598320503848,0,0,1.24,1.0,0
0,1,2,0,0,0,1,0,0.158852344296711,0,0,8.19,8.0,0
1,2,0,0,0,1,6,0,0.0594821553533939,1,1,8.21,8.0,1
1,2,0,0,0,0,0,0,0.0023792862141357,0,0,1.3,1.0,0
1,0,0,0,0,0,0,0,0.0594821553533939,0,0,1.22,0.0,0
1,2,0,0,0,0,0,0,0.0076976906927921,0,0,0.57,1.0,0
1,1,0,0,0,0,11,0,0.0009797060881735,0,0,2.13,2.0,0
1,0,0,0,1,0,10,0,0.158852344296711,1,0,2.25,2.0,1
1,2,0,0,0,0,0,0,0.0594821553533939,0,0,0.15,0.0,0
0,2,2,0,0,0,0,1,0.0013995801259622,0,0,2.03,2.0,0
1,0,5,0,0,0,0,0,0.0023792862141357,0,0,7.1,7.0,0
1,0,2,0,0,0,22,0,0.0660601819454163,1,0,3.09,3.0,1
1,2,0,0,0,0,0,0,0.0001399580125962,1,0,1.01,0.0,1
0,1,2,0,0,0,0,0,0.0660601819454163,0,0,1.16,4.0,0
1,2,2,0,0,0,1,0,0.0660601819454163,0,0,0.64,20.0,0
1,0,0,0,1,1,7,1,0.158852344296711,1,0,0.86,0.0,1
0,0,0,0,0,0,1,1,0.158852344296711,0,0,0.22,0.0,0
1,1,0,0,0,0,8,0,0.0279916025192442,0,0,24.91,25.0,0
1,0,0,0,4,0,10,1,0.158852344296711,0,0,40.78,37.0,0
0,0,0,0,0,0,0,0,0.0660601819454163,0,0,37.16,37.0,0
1,2,0,0,0,2,0,0,0.0660601819454163,1,0,7.84,1.0,1
0,0,0,0,0,0,3,0,0.0660601819454163,0,0,0.95,1.0,0
1,2,0,0,0,0,2,0,0.0660601819454163,1,0,1.37,1.0,1
1,0,0,0,0,0,4,0,0.0033589923023093,1,0,83.43,15.0,1
1,0,3,0,0,0,5,0,0.158852344296711,0,0,1.28,2.0,0
0,1,0,0,0,0,19,0,0.0660601819454163,1,0,30.87,155.0,1
1,2,5,0,0,0,1,0,0.0106368089573128,1,0,0.8,1.0,1
0,2,5,0,0,0,0,1,0.1577326801959412,0,0,1.27,1.0,0
0,2,2,0,0,0,1,0,0.0117564730580825,1,0,17.18,17.0,1
0,2,0,0,0,0,0,0,0.0594821553533939,0,0,1.03,1.0,0
1,0,4,0,0,0,3,1,0.0079776067179846,0,0,0.94,1.0,0
1,1,2,0,0,0,18,0,0.158852344296711,1,0,37.27,7.0,1
0,1,0,0,0,0,0,0,0.0134359692092372,0,0,0.26,0.0,0
0,2,0,0,0,0,0,0,0.0090972708187543,1,0,0.83,1.0,0
1,0,0,0,0,1,5,0,0.0137158852344296,1,0,22.14,22.0,1
1,0,0,0,0,0,6,0,0.0117564730580825,1,0,6.0,0.0,0
1,2,5,0,0,0,2,1,0.0188943317004898,0,0,1.04,13.0,0
1,0,0,0,0,0,4,0,0.0134359692092372,1,1,0.14,0.0,1
1,0,0,0,0,0,2,1,0.1577326801959412,0,0,0.3,0.0,0
1,0,0,0,0,0,1,1,0.0079776067179846,0,0,3.33,4.0,0
1,0,5,0,0,0,1,0,0.0085374387683694,1,0,0.88,1.0,1
1,0,3,0,0,0,0,0,0.001959412176347,0,0,1.1,1.0,0
1,0,0,0,0,0,0,1,0.1577326801959412,0,0,0.96,1.0,0
1,0,0,0,0,0,8,0,0.0660601819454163,1,0,0.86,1.0,1
1,0,2,0,0,0,0,1,0.0079776067179846,0,0,0.31,0.0,0
1,1,2,0,0,0,0,1,0.0016794961511546,0,0,0.83,0.0,0
1,0,0,0,0,0,4,0,0.0279916025192442,0,0,1.04,1.0,0
0,0,0,0,0,0,4,0,0.0085374387683694,0,0,2.02,2.0,0
1,2,2,0,0,0,1,1,0.1577326801959412,1,0,1.09,1.0,1
1,2,2,0,2,1,2,0,0.0137158852344296,1,1,5.92,6.0,1
1,2,2,0,0,0,0,0,0.010776766969909,1,0,2.81,3.0,1
1,1,0,0,0,0,11,0,0.0660601819454163,0,0,140.22,140.0,0
1,1,2,0,0,0,0,0,0.0594821553533939,0,0,11.02,11.0,0
1,0,5,0,0,0,0,0,0.0594821553533939,0,0,5.13,5.0,0
0,0,0,0,0,0,3,0,0.008257522743177,0,0,28.14,28.0,0
1,0,2,0,0,0,0,1,0.1577326801959412,0,0,5.19,5.0,0
1,2,0,0,1,0,1,0,0.0026592022393282,1,0,4.15,4.0,1
1,0,2,0,0,0,2,1,0.0103568929321203,0,0,0.23,0.0,0
1,2,0,0,0,0,0,0,0.010776766969909,1,0,0.67,6.0,1
1,0,0,0,0,1,22,0,0.158852344296711,1,1,0.26,58.0,1
0,2,5,0,0,0,0,1,0.1577326801959412,0,0,1.02,1.0,0
1,1,0,0,0,0,0,1,0.0079776067179846,0,0,0.81,1.0,0
1,0,5,0,0,0,0,0,0.0138558432470258,0,0,1.3,1.0,0
1,0,2,0,0,0,2,0,0.0660601819454163,1,1,27.09,1366.0,1
1,1,2,0,0,0,2,1,0.1577326801959412,0,0,1.28,2.0,0
1,2,2,0,0,2,0,0,0.0594821553533939,0,0,1.08,1.0,0
0,2,0,0,0,0,1,1,0.1577326801959412,1,1,0.23,1.0,1
0,0,0,0,0,0,1,1,0.0079776067179846,0,0,0.99,1.0,0
1,1,3,0,0,0,0,1,0.1577326801959412,0,0,0.96,1.0,0
1,0,2,0,0,0,2,0,0.0134359692092372,0,0,0.3,0.0,0
1,0,0,0,0,0,3,0,0.0279916025192442,1,0,1.01,1.0,1
0,0,0,0,0,0,0,1,0.0001399580125962,0,0,1.71,2.0,0
1,0,0,0,0,0,0,0,0.0279916025192442,0,0,0.09,0.0,0
1,0,5,0,0,0,3,1,0.0188943317004898,0,0,0.15,0.0,0
1,0,0,0,0,0,17,0,0.158852344296711,1,0,4.05,132.0,1
0,2,2,1,1,0,1,1,0.0058782365290412,1,1,1.25,1.0,1
1,2,0,0,0,0,1,0,0.158852344296711,1,0,0.71,59.0,1
1,0,3,0,0,0,11,0,0.158852344296711,0,0,78.93,3.0,0
0,0,2,0,0,0,1,0,0.010776766969909,0,0,1.28,2.0,0
1,0,0,0,0,0,7,0,0.0106368089573128,0,0,1.16,1.0,0
1,2,0,0,0,1,0,0,0.0279916025192442,0,0,0.98,1.0,0
1,0,2,0,0,0,0,1,0.0016794961511546,0,0,9.09,9.0,0
1,0,2,0,0,0,8,0,0.158852344296711,0,0,2.08,2.0,0
1,1,0,0,0,0,7,1,0.0054583624912526,0,0,1.28,994.0,0
1,0,0,0,0,0,14,0,0.0011196641007697,1,1,0.91,50.0,1
1,0,0,0,0,0,0,1,0.0029391182645206,0,0,0.61,1.0,0
0,0,2,0,0,0,1,1,0.1577326801959412,1,1,0.85,1.0,1
1,0,0,0,0,0,5,1,0.0079776067179846,1,0,5.83,6.0,1
1,0,0,0,1,0,16,0,0.0660601819454163,0,0,17.01,1668.0,0
1,0,2,0,0,0,1,1,0.0001399580125962,1,0,0.92,154.0,1
0,0,5,0,0,0,0,1,0.1577326801959412,1,0,0.89,1.0,1
1,1,2,0,0,0,2,0,0.003219034289713,0,0,0.34,0.0,0
1,0,0,0,0,0,3,1,0.1577326801959412,1,0,2.05,2.0,1
0,2,0,0,0,0,1,0,0.158852344296711,0,0,1.98,2.0,0
1,0,2,0,0,0,2,1,0.1577326801959412,1,0,0.61,1.0,0
1,0,0,0,0,0,13,0,0.0660601819454163,1,0,5.05,5.0,1
1,0,5,0,0,0,0,0,0.158852344296711,0,0,1.26,17.0,0
1,2,5,0,0,0,0,0,0.0001399580125962,1,1,1.16,1.0,1
1,0,0,1,0,0,20,0,0.0279916025192442,0,0,1.08,23.0,0
1,0,0,0,1,1,3,0,0.0002799160251924,1,1,1.0,9.0,1
1,1,0,1,0,0,25,0,0.158852344296711,1,1,6.35,4.0,1
1,2,0,0,0,1,1,1,0.1577326801959412,1,1,1.17,1.0,1
1,1,0,1,0,0,9,1,0.1577326801959412,1,1,38.93,140.0,1
1,0,2,0,0,0,5,0,0.0660601819454163,1,1,35.21,16.0,1
1,1,0,0,0,0,4,1,0.0594821553533939,1,0,27.86,19.0,1
1,0,0,0,0,0,4,1,0.158852344296711,0,0,1.01,1.0,0
1,1,2,0,0,0,4,1,0.0022393282015395,1,0,0.26,0.0,0
1,0,0,0,0,0,1,0,0.0106368089573128,1,0,5.21,165.0,1
1,0,0,0,0,0,2,1,0.1577326801959412,0,0,0.72,1.0,0
0,2,0,0,0,0,0,1,0.1577326801959412,1,0,1.28,1.0,1
1,0,0,0,0,0,6,0,0.009517144856543,1,1,20.19,13.0,1
1,0,5,0,0,0,3,0,0.0090972708187543,0,0,1.03,1.0,0
1,1,2,0,0,0,0,0,0.0036389083275017,0,0,1.24,1.0,0
1,2,0,0,0,1,1,1,0.0134359692092372,1,0,0.84,4.0,1
1,0,2,0,0,0,4,1,0.0067179846046186,1,0,293.1,287.0,1
0,0,2,0,0,0,1,1,0.1577326801959412,1,0,10.01,1.0,1
1,2,0,0,0,1,1,0,0.158852344296711,0,0,2.13,2.0,0
1,2,0,0,1,1,1,0,0.0001399580125962,1,0,2.77,58.0,1
1,2,2,0,2,0,3,0,0.0279916025192442,1,0,1.12,1.0,1
1,0,0,0,1,0,4,1,0.1577326801959412,1,1,1.03,1.0,1
1,1,2,0,0,0,1,0,0.0660601819454163,0,0,0.84,34.0,0
1,2,0,0,1,0,5,0,0.0134359692092372,1,0,1.85,1.0,1
1,0,2,0,0,0,0,0,0.0660601819454163,0,0,0.99,0.0,0
1,1,2,0,0,0,0,0,0.0660601819454163,0,0,1.02,1.0,0
0,0,3,0,0,0,1,1,0.0023792862141357,0,0,1.28,2.0,0
1,2,0,0,1,1,7,1,0.1577326801959412,0,0,1.07,10.0,0
0,2,2,0,0,0,0,1,0.0134359692092372,0,0,0.84,1.0,0
1,2,0,0,0,0,1,0,0.158852344296711,1,0,1.47,18.0,1
1,0,0,0,0,0,1,0,0.158852344296711,0,0,1.28,2.0,0
1,0,0,0,0,0,9,1,0.0022393282015395,0,0,1.88,31.0,0
1,0,0,0,0,0,5,0,0.0040587823652904,1,1,1.04,1588.0,1
0,2,2,0,0,0,1,0,0.006997900629811,0,0,1.96,1.0,0
1,0,0,0,0,0,0,0,0.0002799160251924,1,1,9.99,21.0,1
1,0,0,0,3,0,25,1,0.0062981105668299,1,0,117.88,74.0,1
1,2,0,0,0,0,0,0,0.001959412176347,0,0,2.14,36.0,0
1,0,0,0,0,0,13,0,0.010776766969909,1,1,1.96,0.0,1
1,1,5,0,0,0,0,0,0.0001399580125962,0,0,5.12,1.0,0
1,1,0,0,0,0,5,1,0.0002799160251924,1,0,1.28,2.0,1
0,0,0,0,0,0,4,0,0.0117564730580825,0,0,0.67,1.0,0
1,0,2,0,0,0,0,0,0.0022393282015395,0,0,22.28,22.0,0
0,1,0,0,0,0,0,0,0.0033589923023093,0,0,2.42,2.0,0
1,2,0,1,0,1,3,0,0.0008397480755773,0,0,33.63,55.0,0
0,0,0,0,0,0,1,1,0.1577326801959412,0,0,1.16,1.0,0
1,2,2,0,1,0,1,0,0.0594821553533939,1,0,19.96,11.0,1
1,0,2,0,0,0,3,0,0.0660601819454163,0,0,0.9,7.0,0
1,2,0,0,3,1,6,0,0.010776766969909,1,0,135.97,2.0,1
1,0,5,0,0,0,4,0,0.0001399580125962,1,0,1.83,0.0,1
1,0,0,0,0,0,1,0,0.158852344296711,0,0,2.14,2.0,0
0,0,2,0,0,0,4,1,0.0079776067179846,0,0,1.28,2.0,0
1,1,2,0,0,0,1,0,0.0043386983904828,1,0,1.09,1.0,0
1,0,4,0,0,1,25,1,0.005738278516445,1,0,8.26,8.0,1
1,0,0,0,0,0,1,0,0.158852344296711,0,0,1.24,1.0,0
1,2,3,0,0,0,3,0,0.010776766969909,1,0,97.96,18.0,1
1,1,0,0,0,0,3,0,0.0594821553533939,0,0,1.21,1.0,0
1,2,2,0,0,0,1,1,0.1577326801959412,1,0,0.64,1.0,1
1,0,0,0,0,0,4,0,0.158852344296711,0,0,108.02,108.0,0
0,0,2,0,0,0,1,0,0.0660601819454163,1,0,0.26,0.0,1
0,0,0,0,0,0,1,0,0.158852344296711,0,0,179.61,180.0,0
1,0,3,0,0,0,0,1,0.1577326801959412,0,0,0.94,1.0,0
1,0,0,0,0,0,9,0,0.0279916025192442,1,1,11.2,14.0,1
1,0,2,0,0,0,0,0,0.0006997900629811,1,0,27.78,171.0,1
1,1,2,0,0,0,1,0,0.010776766969909,1,0,3.01,47.0,1
1,0,3,0,0,0,1,1,0.0009797060881735,0,0,0.75,1.0,0
0,1,3,0,0,0,1,1,0.1577326801959412,0,0,0.6,1.0,0
1,0,0,0,0,0,3,1,0.158852344296711,1,0,1.83,59.0,1
1,0,0,0,0,0,3,0,0.0117564730580825,1,1,2.78,3.0,1
1,0,0,0,0,0,5,1,0.0009797060881735,1,0,0.26,8.0,1
1,1,3,0,0,0,0,1,0.0001399580125962,1,0,3.32,3.0,1
0,0,2,0,0,0,0,1,0.0188943317004898,0,0,0.23,0.0,0
1,0,0,0,0,0,0,0,0.0134359692092372,1,0,0.97,1.0,1
1,0,2,0,0,0,4,1,0.1577326801959412,1,1,19.01,2.0,0
0,0,2,0,0,1,3,1,0.1577326801959412,0,0,45.1,45.0,0
0,1,2,0,0,0,0,1,0.0103568929321203,0,0,0.85,1.0,0
1,2,2,0,0,0,0,0,0.0594821553533939,0,0,1.02,1.0,0
1,0,3,0,0,0,1,0,0.0043386983904828,0,0,8.73,9.0,0
1,0,3,0,0,0,1,0,0.0138558432470258,0,0,1.66,1.0,0
1,0,0,0,0,1,6,1,0.004478656403079,1,0,35.73,470.0,1
1,2,0,0,0,0,1,0,0.0660601819454163,1,0,0.79,58.0,1
1,1,0,0,0,0,2,0,0.0594821553533939,1,0,9.31,9.0,1
1,0,0,0,0,0,0,1,0.1577326801959412,0,0,1.22,1.0,0
1,1,2,0,0,0,1,0,0.158852344296711,0,0,3.95,4.0,0
1,0,0,0,0,0,4,1,0.1577326801959412,1,1,0.96,191.0,1
0,1,2,0,0,0,1,0,0.0660601819454163,1,0,1.95,2.0,1
1,1,0,0,0,0,3,0,0.158852344296711,1,0,0.88,1.0,1
1,2,0,0,0,0,2,0,0.0660601819454163,1,1,0.96,19.0,1
1,0,0,0,0,0,19,0,0.0660601819454163,1,1,14.99,15.0,1
1,1,0,0,0,0,3,1,0.0002799160251924,0,0,220.15,220.0,0
1,0,2,0,0,0,2,0,0.0034989503149055,0,0,1.97,2.0,0
1,2,0,0,0,0,5,0,0.158852344296711,1,1,44.86,33.0,1
1,0,0,0,0,0,10,1,0.1577326801959412,1,0,1.15,9.0,1
1,0,0,0,0,0,1,0,0.158852344296711,0,0,3.12,7.0,0
0,1,3,0,0,0,0,1,0.001959412176347,0,0,0.89,0.0,0
1,1,3,0,0,0,0,1,0.1577326801959412,0,0,1.04,1.0,0
1,1,3,0,0,0,1,0,0.0002799160251924,0,0,128.08,128.0,0
0,0,2,0,0,0,1,1,0.1577326801959412,0,0,0.28,0.0,0
0,0,3,0,0,0,0,1,0.1577326801959412,1,0,0.98,1.0,1
1,1,2,0,0,0,4,0,0.0004198740377886,1,0,32.32,33.0,1
1,0,0,0,0,0,14,0,0.0137158852344296,1,1,2.1,4.0,1
1,2,0,0,0,0,2,0,0.0043386983904828,0,0,1.13,1.0,0
1,0,0,0,0,0,5,0,0.0134359692092372,1,0,3.14,3.0,1
1,1,3,0,0,0,0,1,0.1577326801959412,0,0,1.32,1.0,0
1,0,2,0,0,0,1,0,0.0660601819454163,0,0,1.02,7.0,0
1,2,0,0,0,0,1,0,0.0660601819454163,0,0,108.53,109.0,0
1,0,0,0,0,0,2,1,0.1577326801959412,1,0,0.92,1.0,1
1,2,0,1,1,0,6,0,0.158852344296711,1,1,2.12,1.0,1
0,0,2,0,0,0,0,0,0.006997900629811,0,0,0.96,1.0,0
1,2,2,0,0,0,0,0,0.0134359692092372,0,0,1.31,1.0,0
1,0,0,0,0,0,1,1,0.1577326801959412,1,0,1.98,1.0,1
1,1,0,0,0,0,0,0,0.0005598320503848,1,0,1.1,82.0,1
1,0,0,0,0,0,7,0,0.0660601819454163,1,1,78.69,79.0,1
1,0,2,0,0,0,2,0,0.0023792862141357,0,0,0.89,1.0,0
1,0,2,0,0,0,5,0,0.0134359692092372,0,0,1.1,1.0,0
1,2,2,0,0,0,0,1,0.0067179846046186,0,0,2.11,2.0,0
0,2,2,0,1,0,0,1,0.0188943317004898,1,0,1.37,19.0,1
1,1,0,0,0,0,0,0,0.0660601819454163,0,0,1.66,2.0,0
1,0,0,0,0,0,10,0,0.158852344296711,1,0,1.25,1.0,1
1,2,2,0,0,0,0,1,0.004478656403079,0,0,1.22,1.0,0
0,2,3,0,0,0,0,1,0.1577326801959412,1,0,0.83,1.0,1
1,2,0,0,0,0,2,0,0.0134359692092372,1,0,6.07,1.0,1
1,0,3,0,0,0,1,1,0.1577326801959412,0,0,7.94,8.0,0
1,0,0,0,0,0,5,1,0.0067179846046186,1,0,19.37,55.0,1
0,2,3,0,0,0,2,0,0.0660601819454163,1,1,0.97,1.0,1
1,0,0,0,0,1,10,0,0.0023792862141357,1,0,23.09,17.0,1
1,1,0,0,0,0,4,1,0.1577326801959412,1,1,78.87,191.0,1
1,2,2,0,0,0,2,1,0.1577326801959412,1,1,13.86,37.0,1
1,0,2,0,0,0,2,0,0.0100769769069279,0,0,4.28,43.0,0
1,0,0,0,0,0,0,1,0.1577326801959412,1,1,0.97,1.0,1
0,2,0,0,0,0,0,0,0.0594821553533939,0,0,1.2,1.0,0
1,1,3,0,0,0,0,1,0.1577326801959412,0,0,1.28,8.0,0
1,1,0,0,0,0,6,1,0.1577326801959412,1,0,1.71,1.0,1
1,0,0,0,0,0,0,0,0.0001399580125962,0,0,2.09,3.0,0
0,2,0,0,0,0,6,1,0.0058782365290412,0,0,17.78,18.0,0
1,0,0,0,0,0,1,1,0.158852344296711,0,0,9.17,9.0,0
1,0,2,0,0,0,8,0,0.009517144856543,1,0,0.9,4.0,1
1,2,0,0,0,0,1,1,0.1577326801959412,1,1,0.98,0.0,1
1,0,3,0,0,0,0,0,0.0054583624912526,0,0,0.85,1.0,0
1,0,0,0,1,0,5,1,0.1577326801959412,1,0,1.28,2.0,1
1,0,0,0,0,0,4,1,0.1577326801959412,1,0,1.15,1.0,1
0,0,0,0,0,0,3,0,0.0009797060881735,0,0,26.1,26.0,0
1,2,0,0,0,0,2,0,0.158852344296711,1,1,6.18,6.0,1
1,0,2,1,0,0,8,0,0.0036389083275017,1,0,2.04,2.0,0
1,1,2,0,0,0,1,0,0.0002799160251924,0,0,1.68,2.0,0
1,0,0,0,0,0,6,0,0.158852344296711,1,0,39.77,2.0,1
1,0,2,0,0,0,0,1,0.001959412176347,0,0,0.24,0.0,0
1,2,0,0,0,1,0,0,0.0043386983904828,1,0,0.95,1.0,1
0,0,2,0,0,0,4,0,0.158852344296711,1,0,168.28,168.0,1
0,2,0,0,0,0,0,1,0.1577326801959412,0,0,0.57,1.0,0
1,1,3,0,0,0,2,0,0.0001399580125962,0,0,47.19,47.0,0
1,0,0,0,0,0,0,1,0.0005598320503848,0,0,0.76,1.0,0
1,1,0,0,0,0,2,1,0.0029391182645206,0,0,1.28,127.0,0
1,0,0,0,0,0,6,0,0.158852344296711,1,1,2.93,51.0,1
1,1,0,0,0,0,17,1,0.0006997900629811,0,0,0.24,0.0,0
1,1,3,0,0,0,20,0,0.0279916025192442,1,0,2.26,2.0,1
1,0,0,0,0,0,3,0,0.0009797060881735,1,1,301.97,302.0,1
1,2,3,0,0,0,1,0,0.158852344296711,1,0,13.95,14.0,1
1,2,2,0,0,0,2,0,0.006997900629811,0,0,0.01,13.0,0
1,2,0,0,0,0,2,1,0.1577326801959412,0,0,5.23,5.0,0
0,0,5,0,0,0,2,1,0.0002799160251924,0,0,14.09,14.0,0
1,0,0,0,0,0,5,0,0.0660601819454163,0,0,0.86,1.0,0
0,0,0,0,1,0,8,1,0.1577326801959412,1,1,1.28,867.0,1
1,1,3,0,0,0,0,1,0.1577326801959412,0,0,0.81,1.0,0
1,2,3,0,0,1,1,0,0.158852344296711,1,0,1.97,2.0,1
1,1,3,0,0,0,1,1,0.0001399580125962,0,0,0.6,1.0,0
1,0,0,0,0,0,1,0,0.158852344296711,0,0,4.92,5.0,0
1,0,0,0,0,0,2,0,0.0009797060881735,0,0,37.79,38.0,0
1,2,3,0,0,0,1,1,0.1577326801959412,1,0,1.69,0.0,1
1,0,0,0,0,0,1,0,0.0061581525542337,0,0,1.28,2.0,0
1,0,2,0,0,0,6,0,0.0279916025192442,0,0,0.86,0.0,0
1,0,0,0,0,0,2,0,0.0137158852344296,0,0,58.01,58.0,0
1,0,0,0,0,0,0,0,0.0279916025192442,0,0,0.23,0.0,0
1,0,0,0,1,0,17,1,0.1577326801959412,1,1,2.06,33.0,1
1,0,0,0,0,0,11,1,0.158852344296711,1,0,2.33,2.0,1
1,0,0,0,0,0,1,0,0.003219034289713,0,0,1.92,2.0,0
1,0,0,0,0,0,6,0,0.0051784464660601,1,0,0.99,0.0,1
1,2,0,1,0,1,1,0,0.158852344296711,1,1,1.9,2.0,1
1,1,2,0,0,0,1,0,0.158852344296711,0,0,0.81,1.0,0
1,1,3,0,0,0,0,0,0.0005598320503848,1,0,1.13,1.0,1
1,0,3,0,0,0,1,0,0.158852344296711,0,0,31.98,32.0,0
1,0,0,2,1,0,5,0,0.0009797060881735,1,1,203.22,64.0,1
0,1,0,0,0,0,0,0,0.0085374387683694,0,0,1.24,1.0,0
0,0,0,0,0,1,3,1,0.0134359692092372,0,0,1.02,1.0,0
1,2,2,1,2,0,3,1,0.1577326801959412,0,0,1.68,2.0,0
1,1,3,0,0,0,1,0,0.158852344296711,1,0,1.22,5.0,1
1,0,3,0,0,0,0,0,0.0012596221133659,0,0,2.34,26.0,0
0,1,0,0,0,0,5,0,0.158852344296711,0,0,1.12,1.0,0
1,0,0,0,0,0,16,0,0.0279916025192442,1,0,0.23,1.0,1
1,1,0,0,0,0,8,0,0.158852344296711,0,0,72.18,72.0,0
1,0,5,0,0,0,0,0,0.0076976906927921,1,0,2.14,12.0,1
0,0,0,0,0,0,5,1,0.0016794961511546,1,0,47.34,48.0,1
1,1,2,0,0,0,0,0,0.0018194541637508,0,0,0.92,1.0,0
1,0,0,0,0,0,1,0,0.158852344296711,0,0,6.95,7.0,0
1,2,0,0,0,0,1,1,0.158852344296711,0,0,1.28,2.0,0
1,0,0,0,0,0,3,1,0.001959412176347,1,0,0.59,0.0,1
1,0,0,1,0,1,13,1,0.001959412176347,1,0,0.91,21.0,1
1,1,0,0,0,0,2,1,0.0188943317004898,0,0,0.23,0.0,0
1,0,2,0,0,0,1,0,0.0001399580125962,0,0,14.95,15.0,0
1,1,2,0,0,0,5,1,0.1577326801959412,0,0,12.0,12.0,0
1,0,5,0,0,0,1,0,0.0009797060881735,0,0,0.68,1.0,0
1,1,2,0,0,0,2,0,0.0013995801259622,0,0,1.93,5.0,0
1,0,0,0,0,0,1,1,0.0054583624912526,1,0,1.23,18.0,1
1,0,0,0,0,0,0,1,0.1577326801959412,1,1,1.14,5.0,1
0,1,2,0,0,0,0,1,0.0188943317004898,0,0,0.89,1.0,0
0,2,0,0,0,0,0,1,0.1577326801959412,0,0,1.06,1.0,0
1,1,0,0,0,0,17,0,0.0660601819454163,1,0,25.97,210.0,1
1,0,0,0,0,0,1,0,0.0106368089573128,1,0,1.29,1.0,1
1,0,0,0,0,0,0,0,0.0138558432470258,0,0,2.32,2.0,0
0,0,2,0,0,0,0,1,0.001959412176347,0,0,1.14,1.0,0
1,0,2,0,0,0,2,1,0.1577326801959412,1,0,5.21,0.0,1
1,0,0,0,0,0,2,1,0.0054583624912526,0,0,1.67,2.0,0
1,0,0,0,0,0,4,1,0.1577326801959412,1,0,2.63,3.0,1
1,2,3,0,0,0,0,1,0.0011196641007697,0,0,0.69,2.0,0
0,0,0,0,0,0,0,0,0.0594821553533939,0,0,2.05,2.0,0
0,0,0,0,0,0,4,0,0.0134359692092372,1,0,0.93,77.0,1
0,1,2,0,0,0,30,1,0.158852344296711,1,0,3.73,4.0,1
1,1,0,0,0,0,4,0,0.0660601819454163,0,0,0.17,0.0,0
1,0,0,0,0,0,2,0,0.0043386983904828,1,0,1.01,6.0,0
0,0,2,0,0,0,0,0,0.0023792862141357,0,0,1.29,1.0,0
1,0,5,0,0,0,0,0,0.0137158852344296,0,0,2.26,2.0,0
1,1,2,0,0,0,0,0,0.0023792862141357,0,0,0.89,1.0,0
1,1,0,0,0,0,2,0,0.0134359692092372,0,0,0.65,1.0,0
1,1,0,0,0,0,19,0,0.0064380685794261,0,0,117.67,118.0,0
1,2,0,0,0,0,5,0,0.158852344296711,1,0,19.12,15.0,1
1,2,0,0,0,0,0,0,0.0594821553533939,1,1,1.05,1.0,1
1,0,0,0,0,0,0,0,0.0051784464660601,1,0,1.13,1.0,1
0,2,0,0,0,0,1,0,0.0061581525542337,1,0,14.17,14.0,0
1,0,0,0,0,0,2,0,0.004478656403079,0,0,20.92,21.0,0
0,1,2,0,0,0,4,0,0.158852344296711,0,0,3.72,4.0,0
1,1,2,0,0,0,1,0,0.0660601819454163,1,1,0.87,130.0,1
1,0,0,0,0,0,8,0,0.0660601819454163,1,0,1.72,124.0,1
1,0,2,0,0,0,3,0,0.0660601819454163,0,0,0.17,0.0,0
1,0,0,0,0,0,1,0,0.0061581525542337,0,0,1.62,2.0,0
1,1,0,0,0,0,10,0,0.0090972708187543,1,0,1.24,1.0,1
1,0,3,0,0,0,0,0,0.010776766969909,0,0,1.09,1.0,0
1,1,2,0,0,0,2,1,0.1577326801959412,0,0,0.32,0.0,0
1,0,2,0,0,0,1,1,0.1577326801959412,0,0,0.22,0.0,0
1,0,2,0,0,0,0,0,0.001959412176347,0,0,0.2,0.0,0
1,0,3,0,0,0,2,1,0.158852344296711,0,0,1.28,2.0,0
0,2,0,0,0,0,1,0,0.0594821553533939,1,0,1.05,0.0,1
1,1,3,0,0,0,0,1,0.0079776067179846,0,0,1.12,1.0,0
1,1,2,0,0,0,0,0,0.0660601819454163,0,0,0.24,0.0,0
1,1,0,0,0,0,1,0,0.008257522743177,1,1,19.35,66.0,1
1,1,2,0,0,0,2,0,0.158852344296711,0,0,12.79,13.0,0
1,0,2,0,0,0,6,1,0.1577326801959412,0,0,27.87,28.0,0
1,2,0,0,0,2,1,1,0.0079776067179846,1,1,0.56,1.0,1
1,0,3,0,0,0,0,1,0.001959412176347,0,0,1.29,1.0,0
1,0,0,0,0,0,0,0,0.0034989503149055,0,0,0.73,0.0,0
0,1,3,0,0,0,0,1,0.0079776067179846,0,0,0.19,0.0,0
1,0,0,0,0,1,9,0,0.158852344296711,1,1,799.79,800.0,1
0,0,3,0,0,0,1,1,0.1577326801959412,0,0,1.28,2.0,0
1,0,2,0,0,0,2,1,0.0011196641007697,0,0,12.21,7.0,0
1,0,0,0,0,0,1,1,0.0134359692092372,0,0,1.28,2.0,0
0,1,2,0,0,0,2,0,0.0005598320503848,1,0,41.31,5.0,1
1,2,2,0,0,0,0,1,0.1577326801959412,1,0,0.71,1.0,1
1,0,0,2,0,0,18,1,0.1577326801959412,0,0,1.08,1.0,0
0,0,2,0,0,0,5,0,0.0065780265920223,1,0,7.21,30.0,1
1,2,0,0,0,0,1,0,0.0012596221133659,1,1,0.96,1.0,1
0,2,0,0,0,0,0,0,0.0594821553533939,0,0,0.86,0.0,0
1,0,2,0,0,0,7,1,0.001959412176347,1,1,45.63,22.0,1
1,2,0,0,0,0,1,0,0.0009797060881735,0,0,58.35,58.0,0
0,1,2,0,0,0,1,1,0.008257522743177,0,0,26.8,27.0,0
1,1,0,0,0,0,3,0,0.0660601819454163,0,0,0.27,1.0,0
1,1,2,0,0,0,8,0,0.158852344296711,0,0,11.86,12.0,0
1,1,0,0,0,0,7,0,0.0090972708187543,0,0,0.75,1.0,0
1,0,2,0,0,0,3,0,0.0134359692092372,0,0,1.23,1.0,0
0,0,0,0,0,0,4,1,0.0058782365290412,1,1,0.98,1.0,1
0,2,2,0,0,0,2,0,0.158852344296711,0,0,2.18,41.0,0
1,2,3,0,0,0,0,0,0.0018194541637508,1,0,0.86,1.0,1
0,2,0,0,0,0,3,0,0.158852344296711,1,1,0.7,38.0,1
1,2,0,0,0,0,4,1,0.001959412176347,1,0,1.28,2.0,1
1,1,2,0,0,0,3,1,0.0058782365290412,1,0,2.04,1.0,1
1,0,2,0,0,2,4,1,0.0134359692092372,0,0,1.13,81.0,0
1,1,2,0,0,0,1,1,0.0016794961511546,0,0,1.95,2.0,0
0,0,3,0,0,0,10,0,0.0064380685794261,0,0,30.74,31.0,0
1,0,5,0,0,0,1,0,0.0117564730580825,0,0,266.05,266.0,0
0,2,2,0,0,0,0,1,0.004478656403079,0,0,0.97,0.0,0
0,0,2,0,0,0,1,0,0.003219034289713,0,0,2.03,2.0,0
1,0,0,0,0,0,0,1,0.0062981105668299,1,0,4.15,1.0,1
1,2,0,0,0,0,3,0,0.158852344296711,1,0,0.95,0.0,1
1,0,0,0,0,0,16,0,0.0279916025192442,1,0,0.88,5.0,1
0,1,2,0,0,0,0,1,0.1577326801959412,1,0,0.11,0.0,1
1,0,0,0,0,0,10,0,0.158852344296711,0,0,105.23,105.0,0
1,0,0,0,0,0,4,1,0.1577326801959412,1,1,1.74,2.0,1
1,2,0,0,0,0,0,0,0.0008397480755773,0,0,0.8,0.0,0
1,0,0,0,0,1,12,1,0.1577326801959412,1,0,2.19,20.0,1
1,0,2,0,0,0,0,1,0.0079776067179846,1,0,0.94,2.0,0
0,0,2,0,0,0,0,1,0.1577326801959412,0,0,0.25,0.0,0
1,0,2,0,0,0,1,0,0.008257522743177,0,0,229.67,230.0,0
1,0,0,0,0,0,9,0,0.0018194541637508,1,1,0.98,79.0,1
1,0,2,0,0,0,11,0,0.158852344296711,0,0,56.25,56.0,0
1,0,0,0,0,0,5,0,0.0279916025192442,1,0,1.61,2.0,1
1,0,0,0,1,0,11,0,0.0594821553533939,1,1,6.9,252.0,1
1,1,0,0,0,0,1,0,0.0134359692092372,1,0,0.25,0.0,1
1,1,2,0,0,0,1,0,0.158852344296711,1,1,51.01,51.0,1
0,0,3,0,0,0,0,0,0.0594821553533939,1,0,1.28,2.0,0
0,1,0,0,0,0,1,0,0.0078376487053883,0,0,0.73,1.0,0
1,0,2,0,0,0,7,1,0.0054583624912526,1,0,143.85,5.0,1
1,0,0,0,0,0,1,1,0.0134359692092372,1,0,0.89,0.0,1
1,1,0,0,0,0,5,0,0.158852344296711,0,0,1.0,1.0,0
1,1,2,0,0,0,1,0,0.001959412176347,0,0,1.28,2.0,0
0,1,2,0,0,0,6,1,0.0001399580125962,0,0,33.3,33.0,0
0,0,2,0,0,0,0,1,0.1577326801959412,0,0,1.28,2.0,0
1,0,2,0,0,0,0,1,0.1577326801959412,0,0,0.21,0.0,0
0,2,0,0,0,0,0,0,0.0004198740377886,0,0,1.0,1.0,0
0,0,0,0,0,0,14,0,0.0043386983904828,0,0,3.91,34.0,0
1,2,0,0,0,0,5,0,0.0078376487053883,1,0,116.9,117.0,1
1,2,5,0,0,0,0,1,0.0036389083275017,1,0,11.84,12.0,1
1,0,2,0,0,0,1,1,0.0134359692092372,1,0,0.22,107.0,1
1,0,2,0,0,0,3,1,0.0062981105668299,0,0,32.08,7.0,0
0,1,2,0,0,0,0,1,0.001959412176347,0,0,0.26,0.0,0
1,2,2,0,0,0,0,0,0.158852344296711,1,0,1.31,3.0,1
0,1,2,0,0,0,0,0,0.0594821553533939,0,0,13.32,13.0,0
1,0,2,0,0,0,0,1,0.1577326801959412,0,0,1.03,1.0,0
0,2,0,0,0,0,0,0,0.0594821553533939,0,0,0.8,1.0,0
0,1,2,0,0,0,1,0,0.158852344296711,1,1,4.05,11.0,1
1,0,2,0,0,0,0,1,0.0188943317004898,0,0,0.87,0.0,0
1,0,2,0,0,0,17,1,0.0090972708187543,1,1,47.26,47.0,1
1,0,2,0,0,0,4,0,0.0134359692092372,1,0,1.12,78.0,1
0,0,2,0,0,0,0,1,0.0001399580125962,0,0,0.24,0.0,0
1,2,0,0,1,0,1,1,0.0001399580125962,0,0,3.82,4.0,0
1,1,0,0,0,0,0,0,0.0001399580125962,0,0,1.47,1.0,0
1,2,0,0,0,0,2,0,0.0002799160251924,1,0,1.15,1.0,1
1,2,3,0,0,0,0,0,0.0117564730580825,1,0,0.9,42.0,1
1,0,3,0,1,0,4,0,0.158852344296711,1,0,1.28,2.0,0
1,2,2,0,1,0,1,1,0.1577326801959412,0,0,0.93,1.0,0
1,2,0,0,0,0,0,0,0.0117564730580825,1,0,1.82,3.0,1
0,2,0,1,2,2,3,0,0.0002799160251924,1,1,59.07,59.0,0
0,0,0,0,0,0,2,0,0.158852344296711,0,0,14.13,14.0,0
1,0,2,0,0,0,3,1,0.0079776067179846,0,0,0.17,0.0,0
1,2,3,0,0,0,0,0,0.0078376487053883,0,0,4.19,38.0,0
1,0,0,2,1,0,9,1,0.0012596221133659,1,0,0.99,1.0,0
1,2,0,0,0,0,0,0,0.010776766969909,0,0,4.01,4.0,0
1,2,3,0,0,0,2,0,0.010776766969909,1,0,192.3,1476.0,1
1,0,0,0,0,0,9,0,0.0100769769069279,1,0,1.18,1.0,1
1,0,4,0,0,0,7,0,0.0008397480755773,1,1,0.81,6.0,0
1,1,0,0,0,0,3,0,0.0660601819454163,0,0,1.06,1.0,0
0,2,3,0,0,0,0,0,0.0594821553533939,0,0,0.22,0.0,0
1,2,0,0,0,0,0,0,0.010776766969909,1,0,1.9,2.0,1
0,0,0,0,0,0,3,0,0.0137158852344296,1,1,3.08,23.0,1
1,0,0,0,0,0,4,0,0.158852344296711,1,1,190.72,191.0,1
1,1,0,0,0,0,4,1,0.005738278516445,0,0,2.06,2.0,0
0,2,0,0,0,0,0,1,0.1577326801959412,0,0,0.25,0.0,0
1,0,2,0,0,0,0,1,0.1577326801959412,0,0,0.88,1.0,0
1,0,0,0,0,1,4,0,0.0029391182645206,1,0,32.88,33.0,1
0,0,2,0,0,0,2,0,0.0020993701889433,1,0,43.16,43.0,1
1,0,5,0,0,0,1,1,0.1577326801959412,1,1,58.05,58.0,1
1,0,3,0,0,0,0,1,0.1577326801959412,0,0,0.74,1.0,0
1,0,4,0,0,0,0,1,0.0090972708187543,0,0,3.12,3.0,0
0,0,2,0,0,0,11,0,0.0660601819454163,1,0,34.87,2.0,1
0,0,0,0,0,0,6,0,0.158852344296711,1,0,3.91,4.0,1
1,2,5,0,0,0,5,0,0.0106368089573128,0,0,1.06,1.0,0
1,1,0,0,0,0,3,0,0.158852344296711,0,0,0.75,0.0,0
0,0,2,0,0,0,3,1,0.1577326801959412,0,0,0.76,1.0,0
1,0,2,0,0,0,2,0,0.0660601819454163,1,0,0.94,41.0,1
1,0,3,0,0,0,0,0,0.0138558432470258,0,0,1.14,1.0,0
1,1,2,0,0,0,2,1,0.0090972708187543,0,0,1.28,2.0,0
1,0,0,0,0,0,5,0,0.158852344296711,0,0,57.03,57.0,0
0,0,2,0,0,0,0,0,0.0660601819454163,0,0,1.13,1.0,0
1,2,0,0,0,0,0,1,0.1577326801959412,1,1,4.1,15.0,1
0,0,0,0,0,0,2,0,0.0594821553533939,0,0,2.34,2.0,0
1,2,1,0,0,0,0,0,0.0012596221133659,0,0,0.92,1.0,0
1,0,2,0,0,0,0,0,0.0001399580125962,0,0,77.9,78.0,0
0,1,2,0,0,0,12,0,0.0001399580125962,0,0,171.0,171.0,0
0,0,2,0,0,0,1,1,0.0188943317004898,0,0,1.17,1.0,0
1,0,3,0,0,0,0,1,0.1577326801959412,1,0,0.21,0.0,1
1,1,2,0,0,0,8,0,0.0011196641007697,1,0,3.98,4.0,1
0,0,0,0,0,0,1,0,0.0100769769069279,0,0,0.61,1.0,0
1,2,0,0,0,0,1,0,0.158852344296711,0,0,83.34,83.0,0
1,0,0,0,0,0,0,1,0.0013995801259622,0,0,0.9,29.0,0
1,0,2,0,0,0,0,0,0.0001399580125962,1,0,8.9,13.0,1
1,0,0,0,0,0,5,0,0.158852344296711,1,0,51.31,66.0,1
1,0,0,0,0,0,4,0,0.158852344296711,1,1,414.03,259.0,1
1,0,0,0,0,0,7,0,0.0085374387683694,1,1,1.88,2.0,1
1,0,2,0,0,0,0,0,0.0061581525542337,0,0,158.06,158.0,0
1,0,0,0,0,0,3,0,0.0009797060881735,0,0,1.03,1.0,0
1,2,2,0,0,0,1,0,0.0076976906927921,0,0,0.98,1.0,0
0,0,0,0,0,0,0,1,0.1577326801959412,1,1,1.13,72.0,0
1,2,2,0,0,0,1,0,0.0106368089573128,1,0,1.28,67.0,1
1,0,0,0,0,0,1,0,0.0660601819454163,1,0,31.13,68.0,1
1,0,0,0,0,0,0,1,0.0030790762771168,1,0,0.95,20.0,1
1,0,0,0,0,1,3,0,0.0660601819454163,1,0,0.75,1.0,1
1,0,0,0,0,0,1,1,0.158852344296711,0,0,8.02,8.0,0
1,0,2,0,0,0,0,0,0.0034989503149055,0,0,24.92,25.0,0
1,0,3,0,0,0,0,1,0.1577326801959412,0,0,6.05,6.0,0
1,2,0,0,0,0,0,1,0.1577326801959412,0,0,0.92,1.0,0
1,1,2,0,0,0,0,1,0.0103568929321203,0,0,0.88,1.0,0
1,2,0,0,0,0,0,0,0.0051784464660601,0,0,0.87,0.0,0
0,0,0,0,0,0,2,0,0.0076976906927921,1,0,0.59,23.0,1
1,0,0,0,0,0,0,1,0.1577326801959412,0,0,0.97,1.0,0
0,0,2,0,0,0,1,0,0.0001399580125962,0,0,41.83,42.0,0
0,0,2,0,0,0,1,1,0.1577326801959412,0,0,1.28,1.0,0
1,0,2,0,0,0,2,1,0.0001399580125962,1,0,36.34,10.0,1
0,1,2,0,0,0,3,1,0.1577326801959412,0,0,44.41,44.0,0
1,2,0,0,0,0,2,1,0.158852344296711,1,0,0.85,1.0,1
1,2,0,0,0,0,0,0,0.0138558432470258,0,0,0.75,1.0,0
1,2,5,0,8,1,8,0,0.0279916025192442,1,1,1.05,0.0,1
0,0,0,0,0,0,0,1,0.1577326801959412,1,1,2.12,2.0,1
1,2,0,1,1,0,8,0,0.158852344296711,1,1,47.0,12.0,1
1,0,3,0,0,0,0,1,0.0002799160251924,0,0,0.28,0.0,0
1,0,5,0,0,0,1,0,0.0138558432470258,0,0,5.92,6.0,0
1,1,0,0,0,0,12,0,0.0279916025192442,0,0,1.1,2.0,0
1,0,0,0,0,0,6,1,0.1577326801959412,0,0,0.9,18.0,0
1,0,0,0,0,0,2,1,0.1577326801959412,1,0,23.91,1.0,1
1,2,2,0,0,0,4,1,0.1577326801959412,0,0,0.93,5.0,0
1,0,0,0,0,0,0,1,0.1577326801959412,1,0,2.09,2.0,1
1,0,0,1,1,1,4,0,0.0001399580125962,1,1,355.18,355.0,1
1,2,2,1,0,1,1,0,0.0023792862141357,1,0,36.82,2.0,1
1,0,3,0,0,0,0,1,0.1577326801959412,0,0,0.99,1.0,0
1,0,2,0,0,0,10,0,0.158852344296711,1,1,108.85,109.0,1
0,0,2,0,0,0,0,0,0.0660601819454163,1,0,0.89,44.0,1
1,0,0,0,0,0,1,0,0.0134359692092372,0,0,0.75,0.0,0
1,0,5,0,0,0,0,0,0.0008397480755773,0,0,2.19,10.0,0
1,0,2,0,0,0,3,1,0.1577326801959412,0,0,0.66,1.0,0
1,2,0,0,0,0,1,0,0.158852344296711,1,0,0.9,1.0,1
1,2,2,0,0,0,0,1,0.1577326801959412,1,0,0.88,0.0,1
1,1,2,0,0,0,0,1,0.1577326801959412,0,0,1.23,1.0,0
1,1,2,0,0,0,3,0,0.0138558432470258,1,0,1.12,1.0,1
1,2,0,0,0,0,0,0,0.0594821553533939,0,0,0.76,1.0,0
1,2,0,0,0,0,0,0,0.0137158852344296,0,0,35.07,31.0,0
1,0,0,0,0,0,4,0,0.0065780265920223,1,0,353.96,354.0,1
0,1,2,0,0,0,1,0,0.0004198740377886,0,0,76.02,76.0,0
1,1,2,0,0,0,2,0,0.0076976906927921,0,0,4.83,5.0,0
0,0,2,0,0,0,0,0,0.0023792862141357,1,0,0.9,1.0,1
0,0,0,0,0,0,22,0,0.0660601819454163,1,0,1.76,24.0,1
1,0,2,0,0,0,9,1,0.0054583624912526,1,0,7.03,30.0,1
1,2,0,0,0,0,0,0,0.0117564730580825,1,1,209.17,137.0,1
1,0,5,0,0,0,0,1,0.1577326801959412,0,0,0.68,1.0,0
0,1,2,0,0,0,5,1,0.001959412176347,0,0,0.19,0.0,0
1,0,0,0,0,0,4,0,0.158852344296711,1,0,0.93,6.0,1
1,2,3,0,0,0,4,0,0.006997900629811,0,0,27.29,7.0,0
1,0,3,0,0,0,0,1,0.0054583624912526,1,0,3.13,7.0,1
0,1,2,0,0,0,1,1,0.1577326801959412,0,0,0.99,1.0,0
1,0,2,0,0,0,0,1,0.0106368089573128,0,0,2.01,2.0,0
0,0,2,0,0,0,1,1,0.0188943317004898,0,0,4.88,0.0,0
1,2,2,0,0,0,0,0,0.0004198740377886,1,0,0.99,6.0,1
1,0,0,0,0,0,0,1,0.0103568929321203,0,0,0.22,0.0,0
1,0,2,0,0,0,2,1,0.1577326801959412,0,0,1.19,1.0,0
1,2,0,0,0,0,0,0,0.0043386983904828,1,0,182.1,182.0,1
1,0,0,0,0,0,0,0,0.0100769769069279,0,0,0.84,0.0,0
1,1,2,0,0,0,4,0,0.0660601819454163,0,0,0.99,1.0,0
1,1,3,0,0,0,1,0,0.158852344296711,0,0,183.97,184.0,0
1,2,0,0,0,0,1,0,0.0100769769069279,0,0,1.28,1.0,0
1,2,0,0,0,0,0,1,0.0002799160251924,0,0,0.02,0.0,0
1,0,5,0,0,0,1,0,0.0085374387683694,1,0,2.26,1.0,1
1,0,2,0,0,0,1,1,0.1577326801959412,1,0,0.65,1.0,1
1,1,3,0,0,0,1,0,0.0061581525542337,0,0,18.05,18.0,0
1,0,3,0,0,0,1,1,0.1577326801959412,1,0,0.97,1.0,1
1,0,2,0,0,0,0,1,0.1577326801959412,0,0,0.89,1.0,0
1,0,2,0,0,0,2,0,0.158852344296711,1,0,1.05,1.0,1
0,0,0,0,0,0,5,0,0.0053184044786564,1,1,6.84,7.0,1
1,2,3,0,0,0,0,0,0.0660601819454163,0,0,1.62,2.0,0
0,0,0,0,0,0,1,0,0.158852344296711,0,0,0.65,1360.0,0
1,0,5,0,0,0,0,0,0.0138558432470258,0,0,5.91,6.0,0
1,0,0,0,0,0,2,0,0.158852344296711,0,0,2.19,11.0,0
1,1,2,0,0,0,0,1,0.1577326801959412,0,0,2.96,3.0,0
1,0,0,0,0,0,1,0,0.0594821553533939,0,0,0.91,4.0,0
1,0,1,0,0,0,2,0,0.0085374387683694,0,0,8.28,8.0,0
1,2,2,0,0,0,6,0,0.0023792862141357,1,0,0.63,1.0,1
1,0,0,0,0,0,1,0,0.0106368089573128,0,0,36.17,36.0,0
1,1,1,0,0,0,0,1,0.1577326801959412,0,0,0.65,1.0,0
1,0,0,0,0,0,0,0,0.0134359692092372,0,0,0.82,1.0,0
0,2,0,0,0,0,0,0,0.0078376487053883,1,0,11.96,12.0,1
1,1,2,0,0,0,2,1,0.0062981105668299,0,0,4.11,4.0,0
1,1,2,0,0,0,4,1,0.0015395381385584,0,0,3.19,3.0,0
1,1,0,0,0,0,7,0,0.0134359692092372,1,0,1.2,1.0,1
1,0,0,0,0,0,5,0,0.0064380685794261,1,0,26.06,25.0,1
1,0,2,0,0,0,0,0,0.0001399580125962,1,0,1.85,8.0,1
1,0,2,0,0,0,7,1,0.1577326801959412,1,1,1.28,26.0,1
1,1,2,0,0,0,7,0,0.010776766969909,1,1,14.95,240.0,1
1,0,0,0,0,0,0,1,0.1577326801959412,0,0,0.11,0.0,0
1,1,2,0,0,0,12,1,0.0134359692092372,0,0,21.66,3.0,0
1,2,0,0,0,0,0,0,0.0023792862141357,1,0,0.83,51.0,1
1,0,0,0,0,0,4,1,0.0079776067179846,1,0,1.19,2.0,1
1,0,0,0,0,0,0,1,0.1577326801959412,0,0,1.26,1.0,0
1,0,2,0,0,0,0,1,0.0002799160251924,0,0,0.21,0.0,0
1,2,0,0,3,1,6,0,0.158852344296711,1,1,1.28,2.0,1
1,2,0,2,0,0,2,0,0.158852344296711,1,0,56.36,56.0,1
1,0,3,0,0,0,11,1,0.1577326801959412,0,0,0.97,8.0,0
1,1,5,0,0,0,0,1,0.1577326801959412,0,0,1.16,1.0,0
0,1,2,0,0,0,5,0,0.158852344296711,0,0,32.75,33.0,0
1,0,0,0,0,0,4,0,0.0594821553533939,1,0,1.02,442.0,1
1,0,0,0,0,0,0,0,0.0065780265920223,1,0,17.42,14.0,1
1,0,0,0,0,0,2,0,0.158852344296711,0,0,5.99,5.0,0
0,1,0,0,0,0,1,0,0.0001399580125962,0,0,1.28,2.0,0
1,0,2,0,0,0,2,0,0.0018194541637508,0,0,0.99,1.0,0
1,0,0,0,0,0,0,0,0.010776766969909,1,0,1.18,0.0,1
1,0,0,1,2,0,17,0,0.0660601819454163,1,0,209.26,209.0,1
1,0,5,0,0,0,4,0,0.0036389083275017,0,0,0.58,0.0,0
1,0,3,0,0,0,3,0,0.158852344296711,0,0,13.9,14.0,0
0,1,0,0,0,0,4,0,0.0594821553533939,0,0,1.33,1.0,0
1,0,5,0,0,0,0,1,0.1577326801959412,0,0,0.88,1.0,0
0,2,2,0,0,1,1,1,0.0188943317004898,0,0,0.21,0.0,0
1,0,0,0,0,0,6,1,0.0188943317004898,1,0,0.02,1.0,1
1,2,0,2,0,1,2,0,0.0660601819454163,1,0,140.1,140.0,1
0,0,0,0,0,0,1,0,0.008257522743177,1,0,1.28,2.0,1
1,0,2,0,0,0,0,0,0.0137158852344296,1,0,35.32,34.0,1
1,0,2,0,0,0,2,0,0.158852344296711,0,0,1.88,2.0,0
1,2,0,0,0,0,0,1,0.1577326801959412,0,0,0.91,1.0,0
1,0,2,0,0,0,0,0,0.0594821553533939,0,0,1.07,1.0,0
1,2,0,0,0,0,6,0,0.158852344296711,0,0,1.0,38.0,0
1,0,0,0,0,0,6,0,0.0004198740377886,0,0,133.63,134.0,0
1,0,0,0,3,1,15,0,0.0100769769069279,1,1,2.01,2.0,1
1,2,0,0,0,1,0,0,0.0134359692092372,1,0,1.27,29.0,1
1,0,3,0,0,0,0,0,0.0100769769069279,0,0,0.93,1.0,0
1,0,0,0,0,0,3,0,0.158852344296711,1,0,0.92,112.0,1
1,0,0,0,0,0,1,0,0.0016794961511546,1,0,3.22,2.0,1
1,1,0,0,0,0,1,0,0.0660601819454163,0,0,0.76,1.0,0
1,2,3,0,0,2,1,0,0.158852344296711,0,0,1.85,2.0,0
1,1,0,0,0,0,8,0,0.0660601819454163,1,0,5.32,5.0,1
1,0,2,0,0,0,2,1,0.158852344296711,0,0,1.08,1.0,0
1,0,2,0,0,0,6,0,0.0001399580125962,0,0,0.28,0.0,0
1,2,0,0,0,0,0,0,0.0043386983904828,0,0,1.09,117.0,0
1,0,0,0,0,0,2,1,0.158852344296711,0,0,109.27,109.0,0
1,0,0,0,0,0,11,1,0.158852344296711,1,0,1.76,1.0,1
0,1,2,0,0,0,1,1,0.0006997900629811,0,0,28.21,28.0,0
1,1,5,0,0,0,0,1,0.0022393282015395,0,0,1.34,1.0,0
0,2,2,0,0,0,0,1,0.1577326801959412,0,0,23.79,24.0,0
1,0,0,0,0,0,7,0,0.0134359692092372,1,0,602.95,29.0,1
1,0,0,0,0,0,1,1,0.1577326801959412,0,0,1.86,2.0,0
1,0,2,0,0,0,4,0,0.0036389083275017,1,1,2.07,2.0,1
1,0,0,0,0,0,3,1,0.1577326801959412,0,0,11.28,11.0,0
1,2,0,3,0,0,2,0,0.158852344296711,1,0,14.74,13.0,1
1,0,2,0,0,0,0,0,0.0002799160251924,1,1,1.28,2.0,1
1,2,0,0,0,0,1,1,0.1577326801959412,1,1,4.09,4.0,1
1,0,0,0,0,0,0,0,0.0065780265920223,0,0,0.43,0.0,0
0,2,0,0,0,0,0,1,0.1577326801959412,0,0,2.07,2.0,0
1,1,0,0,0,0,15,0,0.158852344296711,0,0,36.25,36.0,0
0,0,2,0,0,0,0,1,0.0001399580125962,0,0,0.98,1.0,0
1,0,0,0,0,0,1,1,0.0002799160251924,0,0,0.83,0.0,0
1,1,2,0,0,0,0,0,0.006997900629811,1,0,0.05,0.0,0
1,1,2,0,0,0,17,0,0.158852344296711,1,0,23.24,1.0,1
0,1,2,0,0,0,0,1,0.1577326801959412,0,0,0.54,1.0,0
0,0,0,0,0,0,1,0,0.0005598320503848,0,0,0.91,1.0,0
1,0,2,0,0,0,0,1,0.0079776067179846,0,0,1.05,1.0,0
1,0,2,0,0,0,10,0,0.0279916025192442,1,0,1.82,1.0,1
1,0,0,0,0,1,2,0,0.0005598320503848,1,0,1.09,0.0,1
1,1,5,0,0,0,9,0,0.0002799160251924,0,0,138.95,139.0,0
1,1,3,0,0,0,1,0,0.0043386983904828,0,0,17.07,390.0,0
1,2,0,0,0,0,0,0,0.0054583624912526,1,0,5.13,1.0,1
1,2,3,0,0,0,0,0,0.001959412176347,0,0,0.24,8.0,0
1,0,2,0,0,0,0,0,0.0029391182645206,0,0,0.01,0.0,0
1,2,0,0,3,0,3,0,0.0002799160251924,0,0,0.13,0.0,0
1,0,0,0,0,0,0,1,0.1577326801959412,0,0,1.18,1.0,0
1,2,0,0,1,1,2,0,0.0117564730580825,1,0,2.05,1.0,1
1,0,2,0,0,0,0,1,0.1577326801959412,0,0,0.95,1.0,0
1,0,0,0,0,0,2,0,0.158852344296711,0,0,14.96,15.0,0
0,0,0,0,0,1,4,0,0.0100769769069279,0,0,0.25,0.0,0
1,0,2,0,0,0,1,1,0.0079776067179846,1,0,21.78,58.0,1
1,0,2,0,0,0,7,1,0.0016794961511546,0,0,1.21,1.0,0
1,2,2,0,0,0,5,0,0.158852344296711,1,0,14.06,0.0,1
1,0,0,0,0,0,16,1,0.158852344296711,1,0,0.73,1.0,1
1,0,0,0,0,0,3,0,0.0025192442267319,1,0,0.93,1.0,1
1,2,0,0,0,2,0,0,0.0065780265920223,1,1,1.11,0.0,0
1,1,2,0,0,0,2,1,0.1577326801959412,1,0,0.74,10.0,1
1,0,0,0,0,0,0,0,0.0279916025192442,0,0,1.12,1.0,0
1,1,5,0,0,0,4,0,0.0137158852344296,1,0,4.1,1.0,1
1,2,5,0,0,0,5,0,0.158852344296711,1,0,2.45,2.0,1
1,2,0,1,0,0,1,1,0.1577326801959412,0,0,5.01,5.0,0
1,0,0,0,2,1,19,0,0.0026592022393282,1,0,4.74,1.0,1
0,1,2,0,0,0,1,0,0.0005598320503848,0,0,5.05,7.0,0
1,0,2,0,0,0,0,0,0.0015395381385584,1,1,1.05,61.0,1
0,0,2,0,0,0,0,0,0.0660601819454163,1,0,0.9,1.0,1
1,2,0,1,0,1,1,0,0.158852344296711,1,0,46.93,361.0,1
1,0,0,0,0,0,0,0,0.0137158852344296,0,0,1.07,1.0,0
0,0,0,0,0,0,14,0,0.0660601819454163,1,1,4.95,32.0,1
1,0,0,0,0,0,0,0,0.0106368089573128,1,0,3.78,15.0,1
1,0,0,0,0,0,3,0,0.0594821553533939,1,1,0.55,8.0,1
1,0,2,0,0,0,2,1,0.0062981105668299,1,0,1.02,52.0,1
0,0,0,0,0,0,2,0,0.0011196641007697,0,0,1.19,1.0,0
1,2,0,0,0,0,3,0,0.0078376487053883,1,1,26.2,53.0,1
1,2,5,0,0,0,0,0,0.0018194541637508,0,0,1.9,2.0,0
1,1,2,0,0,0,15,0,0.158852344296711,0,0,20.29,20.0,0
1,1,2,0,0,0,1,0,0.0029391182645206,1,0,27.65,2.0,1
0,2,0,0,0,0,1,1,0.0005598320503848,1,0,1.96,29.0,1
1,1,2,0,0,0,2,1,0.0006997900629811,0,0,1.29,1.0,0
1,0,2,0,0,0,0,1,0.1577326801959412,0,0,0.97,1.0,0
0,0,0,0,0,0,0,1,0.0012596221133659,0,0,5.14,5.0,0
1,0,2,0,0,1,0,0,0.0033589923023093,0,0,0.91,6.0,0
1,1,0,0,0,0,0,1,0.1577326801959412,1,1,1.38,1.0,1
0,0,0,0,0,0,8,0,0.0029391182645206,1,0,1.48,1.0,1
1,0,3,0,0,0,0,1,0.0012596221133659,0,0,1.1,6.0,0
1,0,2,0,0,0,1,0,0.0061581525542337,0,0,4.28,4.0,0
1,2,0,0,0,0,1,0,0.0005598320503848,0,0,0.85,1.0,0
1,2,0,0,0,0,1,0,0.0106368089573128,0,0,43.6,44.0,0
1,0,2,0,0,0,1,1,0.1577326801959412,1,1,0.75,1.0,1
1,0,0,0,0,0,3,0,0.0106368089573128,1,0,0.2,0.0,1
1,1,0,0,0,0,9,1,0.158852344296711,0,0,1.01,1.0,0
1,0,5,0,0,0,1,0,0.0100769769069279,1,1,0.64,6.0,1
1,0,0,2,0,0,20,0,0.0064380685794261,1,0,317.1,248.0,1
0,0,0,0,0,0,1,0,0.0594821553533939,1,0,27.88,118.0,1
1,0,0,0,0,0,0,1,0.005738278516445,0,0,0.95,1.0,0
1,2,2,1,0,1,5,1,0.0067179846046186,1,0,54.26,23.0,1
1,0,2,0,0,0,1,0,0.0138558432470258,1,1,64.92,44.0,1
1,2,0,0,0,0,0,1,0.0079776067179846,1,1,0.59,3.0,1
1,0,3,0,0,0,3,1,0.0090972708187543,0,0,1.28,2.0,0
0,0,2,0,0,0,6,0,0.0594821553533939,1,0,1.01,5.0,1
0,0,0,0,0,0,2,1,0.158852344296711,0,0,34.74,35.0,0
1,0,0,0,0,0,8,0,0.0594821553533939,1,0,29.01,2.0,1
1,1,0,0,0,0,4,1,0.1577326801959412,0,0,35.83,36.0,0
1,0,0,1,0,0,7,0,0.158852344296711,1,0,38.88,56.0,1
1,1,2,0,0,0,1,0,0.0134359692092372,0,0,24.91,25.0,0
0,1,2,0,0,0,2,0,0.0090972708187543,0,0,1.2,1.0,0
0,2,0,0,0,0,0,1,0.1577326801959412,0,0,1.08,1.0,0
1,0,0,0,0,0,2,1,0.0090972708187543,0,0,1.02,100.0,0
1,1,0,0,0,0,9,0,0.158852344296711,1,0,3.77,1.0,1
1,0,0,0,0,0,2,0,0.0279916025192442,1,1,1.07,2.0,1
1,0,3,0,0,1,3,0,0.0138558432470258,1,0,1.98,2.0,1
1,2,0,0,0,0,5,0,0.0134359692092372,1,0,1.13,2.0,1
0,0,0,0,0,0,3,0,0.0030790762771168,1,0,7.7,8.0,1
1,2,0,0,0,0,3,0,0.158852344296711,1,1,214.34,214.0,1
1,0,0,0,0,0,2,0,0.0134359692092372,0,0,1.77,2.0,0
1,0,2,0,0,0,3,0,0.0064380685794261,0,0,86.13,3.0,0
0,0,0,0,0,0,1,1,0.1577326801959412,0,0,0.87,1.0,0
1,1,0,0,0,0,15,1,0.0188943317004898,1,0,0.93,0.0,1
1,1,2,0,0,0,3,1,0.1577326801959412,1,1,0.85,0.0,1
1,1,0,0,0,0,3,1,0.1577326801959412,0,0,0.22,0.0,0
1,1,5,0,0,0,2,0,0.0594821553533939,0,0,34.05,34.0,0
0,2,2,0,0,0,1,0,0.0594821553533939,0,0,1.86,18.0,0
1,0,2,1,0,0,2,1,0.0134359692092372,1,0,3.86,1.0,1
1,2,0,0,2,0,3,0,0.0594821553533939,1,0,30.15,30.0,1
1,2,0,0,5,0,12,1,0.158852344296711,1,1,36.96,37.0,1
1,2,2,0,0,0,3,0,0.0594821553533939,1,0,6.12,1.0,1
1,1,3,0,0,0,3,0,0.0279916025192442,0,0,1.02,1.0,0
1,0,2,0,0,0,6,0,0.158852344296711,0,0,6.91,7.0,0
1,0,0,0,0,0,4,0,0.0001399580125962,1,0,1.86,2.0,1
1,2,0,0,0,1,4,0,0.0594821553533939,0,0,4.87,1.0,0
0,0,2,0,0,0,7,1,0.158852344296711,0,0,17.92,18.0,0
1,0,0,0,0,0,5,0,0.0005598320503848,1,0,1.59,1.0,1
1,1,2,0,0,0,0,1,0.1577326801959412,1,1,1.28,1.0,1
0,1,2,0,0,0,1,0,0.0011196641007697,0,0,169.86,215.0,0
1,2,0,0,0,0,1,0,0.158852344296711,0,0,8.35,258.0,0
1,0,0,3,0,0,6,0,0.008257522743177,1,1,31.35,507.0,1
0,2,0,0,0,0,1,0,0.158852344296711,0,0,1.24,1.0,0
1,0,0,1,0,2,15,0,0.0117564730580825,1,0,1.77,994.0,1
1,0,5,0,0,0,1,1,0.0079776067179846,0,0,0.16,0.0,0
1,1,2,0,0,0,0,0,0.0002799160251924,0,0,108.9,199.0,0
0,2,2,0,0,0,0,0,0.0594821553533939,1,1,0.68,1.0,1
1,0,0,0,0,0,5,0,0.158852344296711,0,0,11.14,11.0,0
0,1,0,0,0,0,1,0,0.158852344296711,0,0,1.08,1.0,0
1,2,0,0,0,0,0,1,0.1577326801959412,1,0,0.63,1.0,1
1,0,4,0,0,0,2,0,0.0100769769069279,0,0,49.06,49.0,0
0,0,2,0,0,0,5,0,0.006997900629811,0,0,0.33,5.0,0
0,1,0,0,0,0,1,0,0.0061581525542337,0,0,1.28,2.0,0
1,0,0,0,0,1,7,0,0.158852344296711,1,0,39.14,39.0,1
1,1,3,0,0,0,4,0,0.158852344296711,0,0,1.28,4.0,0
1,1,2,0,0,0,14,1,0.1577326801959412,1,1,28.01,90.0,1
1,0,5,0,0,0,6,1,0.1577326801959412,0,0,1.14,1.0,0
1,0,2,0,0,1,5,1,0.158852344296711,1,1,14.93,15.0,1
1,1,2,0,0,0,0,1,0.1577326801959412,1,0,3.16,3.0,1
1,0,0,0,0,0,2,1,0.005738278516445,0,0,1.21,1.0,0
1,2,0,9,0,0,9,0,0.158852344296711,1,0,64.93,281.0,1
1,0,3,0,0,0,0,1,0.1577326801959412,1,0,0.74,38.0,1
1,0,0,0,0,0,2,0,0.158852344296711,0,0,1.28,2.0,0
1,0,0,0,0,0,8,1,0.1577326801959412,1,1,1.82,3.0,1
1,0,2,0,0,0,0,1,0.1577326801959412,0,0,0.66,1.0,0
1,0,0,0,0,0,7,0,0.158852344296711,0,0,1.83,2.0,0
1,0,3,0,0,0,2,1,0.0134359692092372,0,0,0.79,1.0,0
1,0,0,1,0,1,12,1,0.0022393282015395,1,0,0.7,1.0,1
0,2,2,0,2,1,3,1,0.1577326801959412,1,1,0.77,36.0,1
1,0,0,0,0,0,1,0,0.0134359692092372,1,0,1.22,1.0,1
1,1,2,0,0,0,1,1,0.0188943317004898,0,0,1.03,1.0,0
1,0,2,0,0,0,0,0,0.0660601819454163,0,0,2.27,3.0,0
1,0,2,0,0,0,0,0,0.0660601819454163,0,0,0.65,1.0,0
1,2,2,0,0,0,0,0,0.010776766969909,0,0,0.9,1.0,0
1,2,2,0,0,0,5,0,0.0053184044786564,1,1,1.68,6.0,1
1,0,2,0,0,0,4,0,0.0100769769069279,1,0,0.16,0.0,1
1,1,2,0,0,0,13,0,0.0660601819454163,1,0,0.83,22.0,1
1,2,0,0,3,0,5,0,0.0054583624912526,1,0,1.28,2.0,1
0,0,2,0,0,0,0,1,0.1577326801959412,0,0,0.71,1.0,0
1,1,2,0,0,0,1,1,0.1577326801959412,0,0,2.11,2.0,0
1,1,2,0,0,0,11,1,0.158852344296711,0,0,57.26,18.0,0
0,2,3,0,0,0,0,0,0.0660601819454163,1,0,1.54,27.0,1
1,0,0,0,0,0,3,0,0.0100769769069279,0,0,0.84,1.0,0
1,0,5,0,0,0,2,0,0.158852344296711,1,1,13.35,13.0,1
1,1,0,0,0,0,3,1,0.0054583624912526,0,0,49.06,22.0,0
1,1,2,0,0,0,0,1,0.1577326801959412,0,0,0.91,1.0,0
1,0,0,0,0,0,6,0,0.0037788663400979,1,0,10.01,66.0,1
1,2,2,0,0,0,0,0,0.0594821553533939,1,0,1.0,1.0,1
0,2,0,0,0,1,0,0,0.0594821553533939,1,0,0.71,1.0,1
1,0,0,0,0,0,7,1,0.0029391182645206,1,1,1.97,130.0,1
1,0,0,0,0,0,15,0,0.158852344296711,0,0,6.24,4.0,0
1,2,3,0,0,0,0,1,0.1577326801959412,1,0,0.91,1.0,1
1,0,0,0,0,0,12,0,0.0660601819454163,1,0,1.2,1.0,0
1,1,0,4,0,1,14,0,0.0594821553533939,1,0,0.63,108.0,1
1,2,1,0,0,0,0,1,0.0079776067179846,0,0,0.18,0.0,0
1,0,0,0,4,4,14,0,0.0137158852344296,1,0,83.0,118.0,1
1,1,2,0,0,0,0,0,0.0138558432470258,0,0,0.8,0.0,0
1,0,3,0,0,0,1,0,0.0030790762771168,1,1,106.83,107.0,1
1,0,0,0,0,0,4,0,0.0029391182645206,1,1,21.05,21.0,1
1,2,0,2,0,0,2,0,0.0594821553533939,1,0,0.99,16.0,1
1,1,3,0,0,0,0,1,0.0079776067179846,0,0,1.16,1.0,0
0,0,2,0,0,0,1,0,0.158852344296711,1,0,1.28,2.0,1
0,0,0,0,0,0,11,0,0.0660601819454163,0,0,0.81,1.0,0
1,1,2,0,0,0,3,0,0.158852344296711,0,0,4.6,5.0,0
0,2,0,0,0,0,2,1,0.005738278516445,1,0,14.0,14.0,1
1,1,0,0,0,0,3,0,0.0018194541637508,0,0,36.26,36.0,0
1,0,0,0,0,0,7,1,0.005738278516445,1,0,2.06,1.0,1
1,1,0,0,0,0,0,1,0.1577326801959412,0,0,0.85,1.0,0
1,1,2,0,0,0,0,1,0.1577326801959412,0,0,0.98,1.0,0
1,2,0,0,0,0,0,0,0.0001399580125962,1,0,9.89,27.0,1
1,2,0,0,0,0,0,1,0.1577326801959412,1,0,2.78,1.0,1
1,1,2,0,0,0,6,0,0.158852344296711,1,0,0.23,1.0,1
1,0,0,0,0,0,2,1,0.0005598320503848,0,0,1.28,240.0,0
1,2,3,0,0,0,2,0,0.158852344296711,0,0,0.77,1.0,0
0,1,2,0,0,0,2,1,0.0029391182645206,1,0,12.0,12.0,1
1,0,2,0,0,0,5,0,0.0134359692092372,0,0,1.06,1.0,0
1,1,2,0,0,0,1,0,0.008257522743177,0,0,12.9,13.0,0
1,0,3,0,0,0,0,1,0.1577326801959412,0,0,0.83,1.0,0
0,0,2,0,0,0,2,0,0.0078376487053883,1,1,41.05,194.0,1
0,0,0,0,0,0,0,1,0.1577326801959412,0,0,1.0,1.0,0
1,0,2,0,0,0,2,1,0.0090972708187543,0,0,1.66,2.0,0
1,1,0,0,0,0,0,0,0.0279916025192442,0,0,0.59,1.0,0
1,2,0,0,0,0,0,1,0.0001399580125962,1,0,1.7,2.0,0
1,0,0,0,1,3,14,0,0.0134359692092372,1,0,0.91,22.0,1
0,0,3,0,0,0,2,1,0.158852344296711,0,0,7.35,7.0,0
1,1,3,0,0,0,1,0,0.158852344296711,1,0,126.15,126.0,1
1,1,0,0,0,0,24,0,0.009517144856543,1,0,3.25,3.0,1
1,0,5,0,0,0,0,0,0.0134359692092372,0,0,1.14,1.0,0
0,2,0,0,0,3,2,0,0.158852344296711,1,0,23.12,0.0,1
1,0,0,0,0,0,0,1,0.0134359692092372,1,0,0.21,22.0,1
1,2,2,0,0,0,0,0,0.0594821553533939,1,1,4.14,4.0,1
1,0,5,0,0,0,0,0,0.0054583624912526,0,0,0.81,1.0,0
1,0,0,0,0,0,3,1,0.158852344296711,0,0,0.78,1.0,0
1,0,0,2,0,0,15,0,0.0279916025192442,1,0,7.1,0.0,1
1,0,0,0,0,1,10,0,0.0008397480755773,1,0,10.33,1.0,1
1,2,0,0,0,0,0,0,0.0117564730580825,0,0,1.05,1.0,0
1,0,2,0,0,0,2,0,0.0660601819454163,1,0,0.1,39.0,1
0,1,2,0,0,0,0,1,0.004478656403079,0,0,1.18,1.0,0
0,1,2,0,0,0,1,0,0.008257522743177,0,0,1.06,1.0,0
1,0,3,0,0,0,2,1,0.0029391182645206,1,0,0.91,1.0,1
1,0,0,0,2,2,11,0,0.0004198740377886,0,0,0.96,2.0,0
1,0,0,0,0,0,2,1,0.0090972708187543,0,0,0.69,1.0,0
1,1,0,0,0,1,15,0,0.0279916025192442,1,0,6.93,43.0,1
1,0,0,2,0,0,5,0,0.0001399580125962,0,0,1.95,119.0,0
0,2,0,0,0,0,0,0,0.0015395381385584,0,0,0.99,1.0,0
0,1,0,0,0,0,1,0,0.158852344296711,0,0,1.99,2.0,0
1,2,3,0,0,0,0,0,0.0100769769069279,1,0,0.26,0.0,1
0,1,2,0,0,0,1,1,0.1577326801959412,0,0,0.65,1.0,0
0,0,3,0,0,0,2,1,0.0029391182645206,0,0,2.02,2.0,0
0,0,0,0,1,0,6,0,0.0594821553533939,0,0,0.95,1.0,0
1,0,2,0,1,0,6,0,0.158852344296711,0,0,1.9,2.0,0
1,1,3,0,0,0,1,1,0.0079776067179846,0,0,1.14,1.0,0
0,0,2,0,0,0,1,1,0.0079776067179846,1,0,28.92,29.0,1
1,1,2,0,0,0,0,0,0.0015395381385584,0,0,0.78,1.0,0
1,0,2,0,0,0,0,1,0.1577326801959412,1,1,2.81,3.0,1
1,0,2,0,0,0,1,1,0.0079776067179846,0,0,1.28,2.0,0
1,0,0,0,0,0,1,0,0.0594821553533939,0,0,1.04,1.0,0
1,0,2,0,0,0,11,0,0.0011196641007697,1,1,76.96,77.0,1
1,1,2,0,0,0,5,0,0.158852344296711,1,0,21.38,12.0,1
1,0,0,0,0,0,9,0,0.0660601819454163,1,0,50.13,7.0,1
1,0,0,0,4,17,12,0,0.0023792862141357,0,0,1.28,2527.0,0
1,0,2,0,0,0,1,0,0.0660601819454163,0,0,0.69,62.0,0
1,1,0,0,0,0,8,0,0.0660601819454163,1,0,0.9,13.0,1
0,2,2,0,0,0,0,0,0.0660601819454163,0,0,0.17,0.0,0
1,0,0,0,0,0,0,0,0.0138558432470258,0,0,0.66,1.0,0
1,0,5,0,0,0,3,0,0.158852344296711,0,0,1.28,2.0,0
1,1,1,0,0,0,0,1,0.1577326801959412,0,0,0.68,1.0,0
0,1,0,0,0,0,1,1,0.0090972708187543,0,0,1.28,2.0,0
1,0,5,0,0,0,0,0,0.0023792862141357,0,0,0.92,1.0,0
1,2,0,0,2,1,8,0,0.158852344296711,1,1,0.89,81.0,1
1,0,5,0,0,0,3,0,0.0078376487053883,0,0,177.95,178.0,0
1,1,0,0,0,0,2,1,0.0002799160251924,0,0,28.78,29.0,0
1,0,0,0,0,0,5,0,0.158852344296711,1,0,11.05,3.0,1
1,2,2,0,0,0,0,0,0.0085374387683694,1,0,7.82,36.0,1
1,2,0,0,0,0,0,0,0.0594821553533939,1,0,8.95,18.0,1
1,1,2,0,0,0,0,1,0.0188943317004898,0,0,0.71,1.0,0
0,1,2,0,0,0,5,1,0.1577326801959412,1,0,20.76,78.0,1
1,0,5,0,0,0,1,0,0.0009797060881735,0,0,15.31,15.0,0
1,0,2,0,0,0,9,0,0.0015395381385584,0,0,0.91,1.0,0
1,0,5,0,0,0,0,1,0.1577326801959412,0,0,1.28,1.0,0
1,0,0,0,0,0,0,0,0.0134359692092372,0,0,0.83,1.0,0
1,1,2,0,0,0,3,0,0.009517144856543,1,0,15.26,5.0,1
1,0,0,0,0,0,1,1,0.004478656403079,0,0,1.28,2.0,0
1,1,0,0,0,0,12,0,0.0660601819454163,0,0,50.81,51.0,0
1,0,0,0,0,0,2,0,0.006997900629811,0,0,0.19,0.0,0
1,0,0,0,0,0,6,0,0.158852344296711,0,0,1.96,2.0,0
1,1,0,0,0,0,8,0,0.158852344296711,0,0,1.28,2.0,0
1,1,3,0,0,0,4,0,0.0001399580125962,0,0,1.28,1880.0,0
1,0,2,0,0,2,9,1,0.0054583624912526,0,0,116.97,117.0,0
1,1,0,0,0,0,8,0,0.158852344296711,1,1,0.76,1378.0,1
1,1,5,0,0,0,1,0,0.158852344296711,0,0,2.03,2.0,0
1,0,0,0,1,1,13,0,0.0279916025192442,1,0,0.83,4.0,1
1,0,2,1,0,0,9,0,0.0009797060881735,1,0,1.2,1.0,1
1,0,0,0,0,0,0,0,0.0090972708187543,0,0,1.94,2.0,0
1,0,0,0,0,0,8,1,0.1577326801959412,1,0,0.86,1.0,1
1,0,0,0,0,0,1,0,0.158852344296711,0,0,1.17,1.0,0
1,0,0,0,0,0,0,1,0.1577326801959412,0,0,0.27,0.0,0
1,1,2,0,0,0,0,1,0.0188943317004898,0,0,0.92,1.0,0
0,0,0,0,0,0,2,0,0.0137158852344296,0,0,1.15,5.0,0
0,0,2,0,0,0,7,1,0.1577326801959412,0,0,0.77,1.0,0
1,0,0,0,0,0,1,0,0.0026592022393282,1,1,19.82,37.0,1
0,1,2,0,0,0,0,1,0.1577326801959412,1,0,2.07,2.0,1
1,2,3,0,0,0,0,0,0.0025192442267319,0,0,1.04,15.0,0
1,0,0,0,0,0,8,0,0.0134359692092372,1,0,1.11,1.0,1
0,0,2,0,0,0,6,0,0.158852344296711,1,0,8.09,20.0,1
0,2,0,0,0,0,2,0,0.0594821553533939,1,0,1.18,1.0,1
1,2,2,0,0,0,0,0,0.0134359692092372,0,0,0.58,0.0,0
1,2,5,0,0,0,1,0,0.0594821553533939,0,0,1.28,2.0,0
1,1,5,0,0,0,2,0,0.158852344296711,0,0,1.0,7.0,0
1,1,2,0,0,0,2,1,0.1577326801959412,0,0,1.04,1.0,0
1,1,2,0,0,0,3,0,0.0660601819454163,1,0,36.01,36.0,1
1,2,0,0,0,0,0,0,0.0078376487053883,0,0,1.11,1.0,0
1,1,3,0,0,0,0,0,0.0137158852344296,0,0,13.17,13.0,0
0,0,0,0,0,0,7,0,0.0134359692092372,1,0,1.07,1.0,1
1,2,2,0,0,1,0,1,0.0054583624912526,1,0,1.02,2.0,1
1,0,0,0,0,0,5,1,0.0134359692092372,0,0,1.13,1.0,0
1,2,0,0,0,0,1,0,0.0594821553533939,1,1,11.17,11.0,1
1,0,3,0,0,1,2,1,0.0016794961511546,0,0,1.15,1.0,0
1,0,0,0,2,0,21,0,0.158852344296711,1,0,1.23,0.0,1
1,2,0,0,0,1,13,0,0.0002799160251924,1,0,0.92,239.0,1
1,0,0,0,1,0,23,0,0.0053184044786564,1,0,1.05,57.0,1
1,0,0,2,1,0,11,0,0.0022393282015395,0,0,26.01,26.0,0
1,2,0,0,0,0,1,0,0.0279916025192442,0,0,1.1,1.0,0
1,0,0,0,0,0,9,0,0.158852344296711,0,0,65.92,66.0,0
1,0,3,0,0,4,5,0,0.158852344296711,0,0,1.28,2.0,0
1,0,0,1,3,0,24,0,0.0279916025192442,1,1,2.89,79.0,1
1,0,0,0,0,0,5,0,0.0018194541637508,1,0,13.88,14.0,1
0,2,0,0,0,0,1,0,0.0594821553533939,0,0,0.71,1.0,0
1,1,0,0,0,0,19,0,0.0134359692092372,0,0,1.07,1.0,0
1,2,5,0,0,0,0,1,0.001959412176347,0,0,0.98,1.0,0
1,0,2,0,0,0,0,0,0.0001399580125962,0,0,0.82,0.0,0
1,1,2,0,0,0,0,1,0.1577326801959412,0,0,91.88,92.0,0
1,0,0,0,0,0,6,0,0.0660601819454163,1,0,216.72,1555.0,1
1,0,0,0,0,0,0,1,0.0012596221133659,1,0,0.56,1.0,1
1,2,0,0,0,3,0,0,0.0001399580125962,1,0,1.12,0.0,1
1,0,0,0,1,0,6,1,0.158852344296711,0,0,32.78,33.0,0
1,2,2,0,0,0,0,1,0.1577326801959412,1,1,2.77,5.0,1
1,1,2,0,0,0,1,0,0.158852344296711,1,0,20.93,156.0,1
1,1,0,0,0,0,27,1,0.158852344296711,0,0,9.06,9.0,0
0,0,0,0,0,0,0,1,0.1577326801959412,0,0,0.9,1.0,0
1,1,2,0,0,0,1,1,0.158852344296711,0,0,19.32,19.0,0
0,0,0,0,0,0,4,1,0.158852344296711,1,1,16.09,60.0,1
1,2,2,0,0,0,0,0,0.158852344296711,0,0,0.12,0.0,0
1,1,2,0,0,0,1,0,0.0660601819454163,0,0,0.54,0.0,0
1,0,0,0,0,0,6,0,0.0008397480755773,1,1,202.62,3.0,1
1,0,0,2,3,0,24,0,0.0011196641007697,0,0,19.96,20.0,0
1,0,2,0,0,0,13,0,0.0025192442267319,1,0,16.89,1.0,1
1,1,0,0,0,0,0,0,0.0594821553533939,0,0,4.03,4.0,0
1,0,0,0,0,0,1,0,0.0040587823652904,1,1,0.93,0.0,1
1,1,0,0,0,0,1,1,0.158852344296711,0,0,2.05,2.0,0
1,0,2,0,0,0,0,0,0.0279916025192442,0,0,1.28,2.0,0
0,1,2,0,0,0,8,0,0.158852344296711,0,0,8.7,9.0,0
1,2,0,0,0,0,0,0,0.0065780265920223,0,0,0.78,1.0,0
1,0,0,0,0,0,14,0,0.008257522743177,0,0,67.71,68.0,0
1,2,2,0,0,0,0,0,0.0004198740377886,1,1,0.75,23.0,1
0,0,2,0,0,0,2,0,0.0117564730580825,1,0,43.45,142.0,1
1,0,3,0,0,1,7,1,0.1577326801959412,0,0,1.69,2.0,0
1,0,5,0,0,0,3,1,0.1577326801959412,1,0,1.11,5.0,1
1,0,0,0,0,1,2,1,0.0134359692092372,1,0,1.08,22.0,0
1,0,2,0,0,0,1,1,0.1577326801959412,0,0,14.86,15.0,0
1,1,0,0,0,0,14,0,0.158852344296711,1,0,142.31,142.0,1
1,0,2,0,0,0,0,1,0.1577326801959412,0,0,0.9,1.0,0
1,2,0,0,1,0,4,0,0.0660601819454163,1,0,26.86,1.0,1
0,0,0,0,0,0,2,0,0.006997900629811,1,0,0.86,1.0,1
0,0,2,0,0,0,4,0,0.0660601819454163,1,0,5.07,47.0,1
1,2,2,0,0,1,2,0,0.0004198740377886,1,0,13.28,13.0,0
0,0,2,0,0,0,1,0,0.158852344296711,1,0,12.9,43.0,1
1,2,2,0,1,0,1,0,0.010776766969909,1,0,1.31,17.0,1
1,1,5,0,0,0,23,0,0.009517144856543,1,0,2.06,56.0,1
0,0,0,0,0,0,0,1,0.0079776067179846,0,0,0.2,0.0,0
1,1,2,0,0,0,1,0,0.158852344296711,0,0,79.95,1427.0,0
1,0,0,0,0,0,7,0,0.158852344296711,1,0,0.13,0.0,1
1,1,2,0,0,0,5,1,0.158852344296711,0,0,0.23,0.0,0
0,0,2,0,0,0,4,0,0.0064380685794261,0,0,13.92,23.0,0
1,2,0,0,0,0,3,0,0.0117564730580825,0,0,1.13,1.0,0
1,0,2,0,0,0,1,0,0.0008397480755773,0,0,21.35,21.0,0
1,0,3,0,0,0,3,0,0.003219034289713,0,0,0.98,1.0,0
0,0,3,0,0,0,5,0,0.0005598320503848,0,0,1.09,1.0,0
1,2,0,0,0,0,3,1,0.0029391182645206,1,0,13.05,1.0,1
1,0,2,0,0,0,0,1,0.0009797060881735,1,0,4.08,4.0,1
0,0,0,0,0,0,3,0,0.0011196641007697,0,0,27.37,27.0,0
1,1,0,0,0,0,1,0,0.0138558432470258,0,0,24.97,25.0,0
0,1,3,0,0,0,0,1,0.1577326801959412,0,0,1.14,1.0,0
0,1,4,0,0,0,1,1,0.158852344296711,0,0,1.28,2.0,0
1,1,0,0,0,0,6,0,0.0005598320503848,0,0,5.1,5.0,0
1,0,0,0,0,0,7,0,0.0106368089573128,1,0,0.23,0.0,1
1,1,3,0,0,0,1,1,0.0029391182645206,0,0,5.95,6.0,0
1,0,0,0,0,0,10,0,0.158852344296711,0,0,7.86,8.0,0
0,1,2,0,0,0,0,1,0.1577326801959412,0,0,0.02,0.0,0
1,0,0,0,0,0,0,1,0.0058782365290412,1,0,0.98,1.0,1
1,0,0,0,0,1,9,0,0.0279916025192442,0,0,2.29,18.0,0
1,1,0,0,0,0,1,0,0.158852344296711,0,0,162.72,163.0,0
0,0,0,0,0,0,1,1,0.0001399580125962,1,0,0.96,65.0,0
1,0,0,0,0,0,1,0,0.158852344296711,0,0,1.28,518.0,0
1,1,2,0,0,0,0,0,0.0011196641007697,0,0,0.81,1.0,0
1,0,2,0,0,0,6,0,0.0594821553533939,0,0,2.08,66.0,0
1,1,0,0,0,0,0,0,0.0138558432470258,0,0,1.06,1.0,0
1,2,3,0,0,0,2,0,0.0001399580125962,0,0,0.81,1.0,0
1,0,0,0,0,0,27,0,0.009517144856543,1,0,118.09,182.0,1
1,0,0,0,0,0,3,0,0.158852344296711,0,0,12.22,12.0,0
1,0,0,0,0,1,7,1,0.0067179846046186,1,0,3.08,3.0,1
1,0,2,0,0,0,1,0,0.0594821553533939,1,1,32.95,24.0,1
1,0,0,0,0,0,8,0,0.0117564730580825,0,0,1.06,1.0,0
1,1,0,0,0,0,0,0,0.0660601819454163,1,1,1.3,2.0,1
1,1,3,0,0,0,3,1,0.004478656403079,0,0,2.17,2.0,0
1,0,0,0,1,0,8,0,0.008257522743177,1,0,40.68,2.0,0
1,1,2,0,0,0,4,0,0.0660601819454163,0,0,7.31,7.0,0
1,1,0,0,0,0,15,0,0.0018194541637508,1,0,330.93,137.0,1
1,0,2,0,0,0,7,0,0.0036389083275017,1,1,18.03,18.0,1
1,0,2,0,0,0,7,0,0.0138558432470258,1,1,1.21,1.0,1
1,2,2,0,0,3,0,1,0.1577326801959412,0,0,1.12,1.0,0
1,0,0,0,0,0,0,1,0.0002799160251924,0,0,0.13,0.0,0
1,0,5,0,0,0,0,1,0.1577326801959412,0,0,1.18,1.0,0
1,2,3,1,0,0,1,0,0.158852344296711,1,1,4.98,3.0,0
1,0,2,0,0,0,0,0,0.0005598320503848,0,0,0.21,0.0,0
1,0,2,0,0,0,1,1,0.0188943317004898,1,0,0.8,0.0,1
0,1,3,0,0,0,9,0,0.158852344296711,0,0,57.18,57.0,0
1,1,2,0,0,0,1,0,0.158852344296711,0,0,0.93,1.0,0
0,0,0,0,0,0,0,0,0.0005598320503848,0,0,0.82,0.0,0
1,1,0,0,0,0,4,1,0.1577326801959412,0,0,0.97,1.0,0
1,0,0,0,0,0,5,0,0.158852344296711,0,0,85.08,85.0,0
1,0,0,0,0,0,3,1,0.0002799160251924,0,0,1.22,1.0,0
1,2,0,0,0,0,0,0,0.0594821553533939,0,0,0.71,1.0,0
1,1,2,0,0,0,1,0,0.0005598320503848,0,0,0.99,3.0,0
1,1,0,0,0,0,1,1,0.1577326801959412,0,0,1.28,2.0,0
1,0,2,0,0,0,2,0,0.0594821553533939,0,0,2.08,2.0,0
0,0,2,0,0,0,11,0,0.0064380685794261,1,0,26.65,63.0,1
1,2,0,0,0,0,2,0,0.0117564730580825,0,0,6.11,6.0,0
1,0,0,0,0,0,0,0,0.0085374387683694,1,1,60.93,33.0,1
0,0,0,0,0,0,5,0,0.008257522743177,1,0,24.89,23.0,1
1,2,2,0,0,0,0,0,0.006997900629811,0,0,1.57,5.0,0
0,0,2,0,1,0,3,0,0.0090972708187543,0,0,0.21,0.0,0
1,1,2,0,0,0,4,1,0.1577326801959412,0,0,1.28,2.0,0
1,0,0,0,2,1,7,0,0.0594821553533939,1,0,2.26,2.0,1
1,0,0,1,0,0,5,0,0.0061581525542337,1,1,2.09,3.0,1
1,2,0,0,1,1,1,0,0.0043386983904828,1,1,2.34,7.0,0
1,0,2,0,0,0,2,0,0.0036389083275017,1,1,0.6,1.0,1
1,2,2,0,0,0,2,0,0.158852344296711,0,0,3.79,4.0,0
1,2,0,0,0,0,0,1,0.1577326801959412,0,0,1.16,1.0,0
0,0,2,0,0,0,0,1,0.1577326801959412,0,0,0.96,0.0,0
1,0,0,0,0,0,0,0,0.0008397480755773,0,0,2.85,107.0,0
1,0,0,0,0,0,1,0,0.001959412176347,0,0,1.94,2.0,0
1,0,0,0,0,0,1,0,0.158852344296711,0,0,2.05,2.0,0
1,1,2,0,0,0,0,1,0.1577326801959412,0,0,1.09,1.0,0
0,2,0,0,0,0,0,0,0.0594821553533939,0,0,0.69,1.0,0
0,0,0,0,0,0,1,1,0.004478656403079,0,0,0.83,0.0,0
1,1,2,0,0,0,0,1,0.1577326801959412,0,0,0.81,0.0,0
1,0,0,0,0,1,3,0,0.0001399580125962,1,1,33.86,34.0,1
0,0,0,0,0,0,2,1,0.1577326801959412,0,0,1.06,1.0,0
0,1,2,0,0,0,4,0,0.0029391182645206,1,0,0.14,8.0,1
1,1,0,0,0,0,0,1,0.0002799160251924,0,0,0.82,0.0,0
1,0,3,0,0,0,3,0,0.158852344296711,1,0,83.42,83.0,1
1,0,0,0,0,0,2,0,0.0134359692092372,0,0,0.86,1.0,0
1,1,3,0,0,0,11,1,0.0004198740377886,0,0,113.96,114.0,0
0,1,2,0,0,0,0,0,0.0076976906927921,1,0,1.06,1.0,1
1,2,0,0,0,0,0,0,0.0594821553533939,0,0,1.06,1.0,0
1,1,0,0,0,0,3,0,0.0134359692092372,0,0,0.85,0.0,0
1,0,0,0,0,0,0,0,0.0138558432470258,1,0,13.0,13.0,1
0,0,0,0,0,0,1,0,0.0078376487053883,0,0,1.34,5.0,0
1,0,2,0,0,0,6,0,0.0594821553533939,0,0,2.36,12.0,0
1,0,0,0,0,1,5,1,0.158852344296711,0,0,27.85,28.0,0
1,0,2,0,0,0,0,0,0.0137158852344296,1,0,0.96,1.0,1
1,0,2,0,0,0,4,1,0.1577326801959412,0,0,2.31,2.0,0
1,1,3,0,0,0,1,1,0.1577326801959412,0,0,26.76,27.0,0
1,0,2,0,0,0,5,0,0.008257522743177,1,0,65.06,65.0,1
0,0,0,0,0,0,0,0,0.0660601819454163,1,0,1.92,14.0,1
1,2,0,0,0,0,1,0,0.0015395381385584,1,0,1.18,171.0,1
1,0,3,0,0,0,1,1,0.0090972708187543,0,0,113.99,114.0,0
1,0,5,20,0,0,24,0,0.158852344296711,1,1,0.87,129.0,1
1,0,3,0,1,0,12,0,0.0085374387683694,0,0,10.37,10.0,0
1,0,0,0,0,0,4,0,0.0043386983904828,1,0,43.25,568.0,1
1,1,2,0,0,0,6,0,0.0279916025192442,1,0,1.01,9.0,1
1,2,1,0,0,0,0,1,0.1577326801959412,0,0,1.2,1.0,0
1,2,0,0,0,0,3,0,0.0137158852344296,1,1,63.07,63.0,1
1,0,3,0,0,0,0,0,0.0594821553533939,0,0,0.29,2.0,0
1,1,0,0,0,0,23,0,0.0008397480755773,1,0,403.41,403.0,1
1,1,5,0,0,0,1,0,0.006997900629811,0,0,1.28,2.0,0
1,0,0,0,1,0,13,0,0.0053184044786564,1,1,1.69,345.0,1
1,0,2,0,0,0,14,0,0.0594821553533939,1,0,0.91,3.0,1
1,0,0,0,0,0,9,0,0.0009797060881735,1,1,2.65,211.0,1
1,0,5,0,0,0,0,1,0.0029391182645206,0,0,2.81,3.0,0
1,0,0,0,0,0,8,0,0.0594821553533939,1,0,0.61,1.0,1
0,0,2,0,0,0,3,0,0.158852344296711,1,0,88.25,1595.0,1
1,0,2,0,0,0,0,0,0.001959412176347,0,0,1.04,6.0,0
1,1,2,0,0,0,1,1,0.0188943317004898,1,0,0.25,1.0,1
1,2,2,0,0,0,2,0,0.158852344296711,1,0,164.02,164.0,1
1,0,2,0,0,0,0,1,0.1577326801959412,0,0,0.19,0.0,0
1,0,0,0,0,0,7,1,0.0090972708187543,0,0,0.97,1.0,0
1,0,0,0,0,0,5,0,0.0594821553533939,0,0,4.01,10.0,0
0,1,3,0,0,0,2,0,0.0594821553533939,0,0,3.17,3.0,0
1,1,2,0,0,0,0,1,0.1577326801959412,0,0,10.07,10.0,0
1,0,0,0,0,0,5,0,0.0036389083275017,1,0,4.24,4.0,1
0,0,2,0,0,0,0,1,0.1577326801959412,0,0,4.93,5.0,0
1,0,0,0,0,0,0,0,0.0005598320503848,0,0,0.76,1.0,0
1,0,2,0,0,2,6,1,0.0002799160251924,0,0,0.17,0.0,0
1,0,0,0,0,0,2,0,0.0279916025192442,0,0,0.76,1.0,0
1,2,0,0,0,0,3,0,0.158852344296711,1,0,4.31,7.0,1
1,0,2,0,0,0,2,1,0.0188943317004898,0,0,0.83,0.0,0
0,0,0,0,0,0,0,1,0.1577326801959412,0,0,0.81,0.0,0
1,0,0,0,0,0,8,0,0.0594821553533939,1,0,20.29,495.0,1
1,1,2,0,0,0,2,1,0.0002799160251924,1,0,0.29,0.0,1
0,2,5,0,0,0,0,0,0.0090972708187543,0,0,2.34,2.0,0
1,0,2,0,0,0,3,1,0.0188943317004898,0,0,0.83,1.0,0
1,2,0,0,0,0,2,1,0.0020993701889433,1,0,2.11,2.0,1
0,1,0,0,0,0,14,1,0.1577326801959412,1,0,122.07,122.0,1
1,0,2,0,0,0,9,1,0.0001399580125962,1,0,4.91,5.0,1
1,0,2,0,0,0,9,1,0.1577326801959412,0,0,32.9,33.0,0
1,0,0,0,0,0,1,1,0.1577326801959412,0,0,0.04,0.0,0
0,1,2,0,0,0,3,0,0.0076976906927921,0,0,1.28,2.0,0
1,1,2,0,0,0,0,1,0.1577326801959412,0,0,0.61,1.0,0
1,0,0,2,0,0,19,1,0.1577326801959412,1,1,17.4,67.0,1
1,0,0,0,0,0,1,0,0.0009797060881735,1,0,15.91,1.0,0
0,0,0,0,0,0,0,0,0.0594821553533939,1,0,2.16,2.0,1
1,1,2,0,0,0,0,0,0.004478656403079,0,0,6.7,7.0,0
1,2,3,0,0,0,0,1,0.1577326801959412,1,1,53.0,53.0,1
1,0,2,0,0,0,0,1,0.0103568929321203,0,0,0.76,1.0,0
1,0,0,0,0,0,5,1,0.1577326801959412,0,0,0.25,0.0,0
1,0,0,4,1,0,11,0,0.0134359692092372,0,0,117.14,117.0,0
1,0,2,0,1,3,4,1,0.1577326801959412,1,0,1.11,1.0,1
1,0,0,0,0,0,0,1,0.1577326801959412,1,0,1.12,0.0,1
1,2,0,0,0,0,0,1,0.0011196641007697,0,0,0.74,1.0,0
1,0,2,0,0,0,0,1,0.0079776067179846,0,0,0.36,0.0,0
1,0,0,0,0,0,10,1,0.0188943317004898,1,0,5.14,21.0,1
1,1,0,0,0,0,4,0,0.158852344296711,0,0,30.27,30.0,0
1,2,3,0,0,0,11,0,0.0005598320503848,1,1,0.61,78.0,1
1,0,0,0,0,0,1,0,0.0001399580125962,1,0,229.85,230.0,0
1,2,0,0,0,0,0,0,0.0134359692092372,0,0,1.93,2.0,0
1,0,0,2,1,0,8,1,0.001959412176347,1,1,84.7,0.0,1
1,0,2,0,0,0,5,1,0.0067179846046186,1,0,0.6,21.0,1
1,0,2,0,0,0,1,0,0.158852344296711,0,0,1.15,1.0,0
1,2,0,0,0,0,0,0,0.0004198740377886,1,0,1.29,4.0,1
1,1,2,0,0,0,0,1,0.1577326801959412,0,0,0.58,1.0,0
0,0,2,0,0,1,3,0,0.0660601819454163,0,0,25.2,2.0,0
1,1,3,0,0,0,9,0,0.009517144856543,1,0,130.33,99.0,1
1,2,2,0,0,0,1,0,0.0660601819454163,1,0,0.32,45.0,1
0,2,0,0,0,0,0,1,0.1577326801959412,1,1,0.26,3.0,1
1,0,3,0,0,1,1,0,0.0025192442267319,0,0,0.99,1.0,0
1,1,0,0,0,0,4,0,0.0660601819454163,0,0,2.06,2.0,0
1,0,4,0,0,0,1,0,0.0660601819454163,0,0,33.04,33.0,0
1,0,2,0,0,0,10,0,0.158852344296711,1,0,4.87,5.0,1
1,1,1,0,0,0,1,0,0.158852344296711,1,0,1.17,1.0,1
0,1,0,0,0,0,3,1,0.158852344296711,0,0,18.35,18.0,0
1,2,2,0,1,2,3,1,0.0079776067179846,0,0,0.14,0.0,0
1,2,0,0,0,0,0,0,0.0008397480755773,1,1,71.02,97.0,1
1,0,2,0,0,0,0,1,0.1577326801959412,0,0,0.77,1.0,0
1,2,3,0,0,0,3,0,0.0134359692092372,1,0,42.11,2.0,1
1,1,2,0,0,0,10,0,0.158852344296711,1,0,73.11,5.0,1
1,0,2,0,0,0,1,0,0.0037788663400979,1,0,0.82,14.0,1
1,2,2,0,0,0,0,1,0.0016794961511546,1,1,3.03,31.0,1
1,0,5,0,0,0,6,0,0.0117564730580825,0,0,26.09,26.0,0
1,0,0,0,0,0,0,0,0.0018194541637508,0,0,1.86,76.0,0
1,0,0,0,0,0,19,0,0.0279916025192442,1,0,0.81,0.0,1
0,0,0,0,0,0,1,1,0.1577326801959412,1,0,0.9,1.0,1
1,0,0,0,0,0,6,0,0.158852344296711,0,0,1.67,2.0,0
1,0,0,0,0,1,2,0,0.0043386983904828,0,0,274.14,34.0,0
1,0,2,0,0,0,11,0,0.0279916025192442,1,0,1.02,1.0,1
1,0,0,0,0,0,0,0,0.0594821553533939,0,0,0.86,7.0,0
1,0,0,0,0,0,1,0,0.0134359692092372,1,0,0.9,50.0,1
1,2,5,0,2,0,3,0,0.0594821553533939,1,0,0.67,0.0,1
1,0,0,0,0,0,7,0,0.008257522743177,1,1,0.18,1.0,1
1,2,0,0,0,0,2,0,0.0043386983904828,1,1,1.85,1.0,1
1,0,2,0,0,0,0,0,0.0030790762771168,0,0,0.22,0.0,0
1,2,2,0,0,0,0,1,0.0002799160251924,0,0,1.28,2.0,0
1,0,3,0,0,0,0,1,0.0058782365290412,0,0,1.04,1.0,0
1,2,0,0,0,0,2,1,0.0079776067179846,1,1,12.04,1.0,1
1,2,0,0,0,1,0,0,0.0594821553533939,1,0,0.8,1520.0,1
1,0,2,2,0,1,15,0,0.0660601819454163,1,0,70.9,83.0,1
1,0,0,0,0,0,2,1,0.1577326801959412,1,0,0.81,0.0,1
1,0,0,0,0,0,10,0,0.0660601819454163,1,0,2.28,2.0,1
0,2,0,0,0,0,4,1,0.158852344296711,1,0,43.24,15.0,1
1,0,2,0,0,0,0,1,0.0103568929321203,0,0,0.99,1.0,0
1,1,2,0,0,0,8,0,0.0002799160251924,0,0,172.67,173.0,0
1,0,2,0,0,0,5,0,0.158852344296711,1,0,6.62,7.0,1
1,0,0,0,0,0,14,0,0.0279916025192442,1,0,2.06,8.0,1
1,0,0,0,1,0,13,0,0.004478656403079,1,0,0.99,1.0,1
1,0,0,0,0,0,9,0,0.0117564730580825,1,0,24.33,2.0,1
1,0,0,0,0,0,0,1,0.1577326801959412,0,0,1.16,1.0,0
0,1,0,0,0,0,21,0,0.009517144856543,1,0,19.95,20.0,1
1,2,3,0,0,0,1,1,0.0134359692092372,1,1,0.59,1.0,1
1,1,0,0,0,0,1,0,0.158852344296711,0,0,61.0,61.0,0
1,0,0,0,0,0,4,0,0.001959412176347,0,0,33.04,33.0,0
1,0,0,0,0,0,5,0,0.0005598320503848,1,0,28.23,128.0,1
1,0,2,0,0,0,1,0,0.0660601819454163,1,0,30.85,24.0,1
0,0,2,0,0,0,0,1,0.1577326801959412,0,0,0.9,1.0,0
1,0,2,0,1,0,11,0,0.158852344296711,1,0,40.11,40.0,1
1,2,0,0,0,0,3,1,0.158852344296711,0,0,6.61,7.0,0
1,0,0,0,0,0,6,0,0.0106368089573128,1,0,18.06,493.0,1
1,0,2,0,0,0,0,1,0.0008397480755773,0,0,1.12,1.0,0
1,0,0,0,0,1,2,0,0.0043386983904828,1,0,43.35,43.0,1
1,2,0,0,0,0,3,0,0.0015395381385584,1,0,1.71,22.0,1
1,2,0,0,0,0,0,0,0.0117564730580825,0,0,3.08,119.0,0
1,0,2,0,0,0,0,1,0.0188943317004898,0,0,0.9,1.0,0
1,0,0,0,0,0,0,1,0.158852344296711,1,1,1.28,2.0,1
1,0,0,0,3,0,18,1,0.1577326801959412,0,0,17.87,6.0,0
1,0,0,0,0,0,1,0,0.0034989503149055,0,0,290.1,290.0,0
1,0,2,0,0,0,2,0,0.158852344296711,1,0,47.87,49.0,1
1,0,2,0,0,1,3,1,0.0023792862141357,1,0,2.28,85.0,0
0,0,3,0,0,0,4,0,0.158852344296711,1,0,36.13,101.0,1
1,1,0,0,0,0,5,1,0.0090972708187543,0,0,4.73,5.0,0
1,0,5,0,0,0,0,1,0.1577326801959412,0,0,0.85,0.0,0
1,1,3,0,0,0,0,1,0.1577326801959412,0,0,1.23,1.0,0
1,2,0,0,0,0,0,0,0.0137158852344296,1,0,0.3,1.0,1
1,0,0,0,0,0,7,0,0.158852344296711,1,0,0.69,1.0,1
1,0,0,0,0,0,1,1,0.0002799160251924,0,0,1.27,1.0,0
1,2,2,0,0,0,0,0,0.0100769769069279,0,0,3.9,44.0,0
1,0,0,0,0,0,10,1,0.005738278516445,1,0,108.7,172.0,1
1,0,0,0,0,0,0,0,0.0011196641007697,0,0,1.01,1.0,0
1,0,0,0,0,0,2,0,0.0660601819454163,0,0,0.9,1.0,0
1,0,0,0,0,0,8,0,0.158852344296711,1,0,0.27,127.0,1
1,0,0,0,0,0,1,0,0.0054583624912526,1,0,0.99,0.0,1
1,1,2,0,0,0,0,1,0.0079776067179846,0,0,0.88,1.0,0
1,0,0,0,1,0,1,0,0.0594821553533939,0,0,8.02,8.0,0
1,2,2,0,0,0,0,0,0.0594821553533939,1,0,1.25,22.0,1
1,0,0,0,0,0,1,0,0.0004198740377886,0,0,2.36,1.0,0
0,2,0,0,0,0,6,1,0.158852344296711,0,0,310.01,99.0,0
1,0,2,0,0,0,0,0,0.0033589923023093,0,0,2.78,3.0,0
1,0,2,0,0,0,1,0,0.010776766969909,0,0,1.29,1.0,0
1,1,2,0,0,0,1,0,0.158852344296711,1,0,29.65,54.0,1
1,0,0,0,0,0,0,0,0.0078376487053883,0,0,7.05,1.0,0
1,2,0,0,0,0,0,0,0.0134359692092372,0,0,0.91,1.0,0
1,2,2,0,0,0,0,0,0.0054583624912526,0,0,0.77,1.0,0
1,0,0,0,0,0,1,1,0.1577326801959412,0,0,1.87,2.0,0
1,1,2,0,0,0,9,1,0.1577326801959412,0,0,4.15,4.0,0
1,0,0,0,0,0,2,1,0.1577326801959412,0,0,0.07,0.0,0
1,0,0,0,0,0,0,0,0.158852344296711,1,0,0.83,23.0,1
1,0,0,0,0,0,1,1,0.1577326801959412,0,0,1.06,1.0,0
1,0,2,0,0,0,0,0,0.0660601819454163,0,0,28.06,28.0,0
1,2,2,0,0,0,1,0,0.0594821553533939,1,0,36.7,37.0,1
1,0,3,0,0,0,3,1,0.158852344296711,0,0,0.75,1.0,0
1,0,0,0,0,0,4,1,0.005738278516445,1,0,1.02,1.0,1
1,1,2,0,0,0,3,1,0.0188943317004898,1,1,1.3,3.0,1
1,0,4,0,0,0,0,0,0.0001399580125962,0,0,0.86,1.0,0
1,1,0,0,0,0,0,0,0.0074177746675997,0,0,2.02,2.0,0
0,2,5,0,0,0,2,0,0.0030790762771168,1,0,26.28,26.0,1
1,1,0,0,0,0,8,0,0.0064380685794261,1,1,99.9,185.0,1
1,0,0,0,0,0,5,1,0.005738278516445,1,0,0.92,3.0,0
0,1,0,0,0,0,1,1,0.1577326801959412,0,0,1.28,2.0,0
1,0,0,0,0,0,9,0,0.0594821553533939,0,0,25.33,8.0,0
1,1,0,0,0,0,5,0,0.0660601819454163,1,0,242.74,0.0,1
0,0,2,0,0,0,0,0,0.0594821553533939,0,0,1.1,1.0,0
1,1,0,0,0,0,5,1,0.158852344296711,0,0,0.2,0.0,0
1,1,2,0,0,0,0,0,0.158852344296711,1,0,0.84,1.0,1
1,1,2,0,0,0,2,0,0.158852344296711,0,0,2.07,0.0,0
1,1,2,0,0,0,0,1,0.001959412176347,0,0,0.95,1.0,0
1,1,0,0,0,0,4,0,0.0660601819454163,1,0,1.02,43.0,1
0,0,0,0,0,0,0,0,0.0090972708187543,0,0,0.21,0.0,0
1,2,3,2,0,0,2,0,0.158852344296711,1,0,21.07,156.0,1
1,1,0,0,0,0,16,0,0.009517144856543,1,0,29.23,91.0,0
1,2,5,0,0,0,0,0,0.0008397480755773,0,0,28.84,29.0,0
1,0,0,0,0,0,21,0,0.009517144856543,1,0,64.06,64.0,1
0,2,3,0,0,0,0,1,0.1577326801959412,0,0,0.01,0.0,0
1,0,0,0,0,0,1,0,0.0065780265920223,0,0,1.08,1.0,0
1,0,0,0,0,0,8,0,0.158852344296711,1,0,13.89,5.0,1
1,2,0,0,0,0,1,0,0.158852344296711,0,0,8.0,8.0,0
1,0,2,0,0,0,1,1,0.0079776067179846,1,0,0.14,0.0,1
1,1,3,0,0,0,8,1,0.0090972708187543,0,0,1.28,2.0,0
1,1,2,0,0,0,0,1,0.0006997900629811,0,0,0.23,0.0,0
1,2,0,0,0,1,1,0,0.0134359692092372,1,0,0.95,1.0,1
1,1,2,0,0,0,1,1,0.1577326801959412,1,0,0.78,1.0,1
1,1,2,0,0,0,0,1,0.1577326801959412,1,0,14.31,14.0,1
1,1,0,0,0,0,2,0,0.0594821553533939,0,0,0.93,36.0,0
0,0,0,0,1,0,11,0,0.0660601819454163,1,0,15.32,27.0,1
1,0,0,0,0,0,4,1,0.1577326801959412,0,0,29.65,30.0,0
1,0,0,0,1,0,14,0,0.0137158852344296,1,0,2.07,2.0,1
1,0,0,0,0,0,2,0,0.0660601819454163,0,0,0.86,1.0,0
1,1,0,0,0,0,5,0,0.0137158852344296,1,0,202.08,2.0,1
1,0,0,0,0,0,0,0,0.0053184044786564,1,0,34.06,34.0,1
1,0,0,0,0,0,12,0,0.158852344296711,0,0,25.18,28.0,0
1,0,2,0,0,0,7,0,0.0074177746675997,1,0,1.01,131.0,1
1,0,0,0,0,1,8,0,0.0074177746675997,0,0,4.21,39.0,0
1,0,5,0,0,0,5,0,0.0594821553533939,1,0,3.17,1.0,0
0,0,0,0,0,0,1,1,0.1577326801959412,0,0,1.98,2.0,0
1,0,2,0,0,0,4,0,0.0029391182645206,0,0,183.17,143.0,0
0,0,0,0,0,0,0,1,0.1577326801959412,0,0,1.07,1.0,0
1,2,3,0,0,0,1,0,0.158852344296711,0,0,0.91,1.0,0
0,1,2,0,0,0,7,1,0.0009797060881735,0,0,76.13,76.0,0
1,0,2,0,0,0,1,0,0.0660601819454163,1,0,49.17,1.0,1
1,1,0,0,0,0,1,0,0.158852344296711,0,0,2.9,3.0,0
1,0,2,0,0,0,0,1,0.1577326801959412,1,1,2.83,1.0,1
0,0,0,0,0,0,4,1,0.158852344296711,0,0,1.22,1.0,0
1,0,0,0,0,0,3,0,0.158852344296711,0,0,94.98,116.0,0
1,0,0,0,0,1,4,0,0.0594821553533939,0,0,1.05,24.0,0
1,1,0,0,0,0,0,1,0.1577326801959412,0,0,1.1,1.0,0
1,0,0,0,0,0,2,1,0.1577326801959412,0,0,1.97,2.0,0
1,1,0,0,0,0,5,0,0.0660601819454163,0,0,12.16,47.0,0
1,0,0,0,0,0,0,0,0.0008397480755773,0,0,1.12,1.0,0
1,0,0,0,0,0,4,0,0.0134359692092372,1,0,0.93,15.0,1
1,0,0,0,0,0,0,1,0.0054583624912526,1,0,0.41,1.0,0
1,0,2,0,0,0,1,1,0.1577326801959412,0,0,2.75,3.0,0
0,0,0,0,0,0,1,0,0.0594821553533939,0,0,0.92,6.0,0
1,0,0,0,1,0,13,1,0.0090972708187543,1,0,0.85,7.0,1
1,0,0,0,0,0,9,0,0.0004198740377886,0,0,0.9,1674.0,0
1,0,2,0,0,1,1,0,0.0660601819454163,0,0,1.02,1.0,0
0,0,0,0,0,0,4,0,0.158852344296711,1,0,9.99,4.0,1
1,0,2,0,0,0,0,0,0.0006997900629811,0,0,116.24,116.0,0
1,1,2,0,0,0,5,1,0.158852344296711,0,0,0.01,1.0,0
0,0,2,0,0,0,1,1,0.1577326801959412,0,0,0.71,1.0,0
1,0,0,0,0,1,3,0,0.0051784464660601,1,0,0.7,1.0,0
0,1,0,0,0,0,7,1,0.1577326801959412,0,0,1.08,1.0,0
1,2,0,0,0,0,0,0,0.0008397480755773,0,0,50.16,81.0,0
1,0,3,0,0,0,16,0,0.010776766969909,1,0,482.59,483.0,1
1,0,0,0,0,0,2,0,0.0013995801259622,1,0,3.08,3.0,1
0,2,0,0,0,0,0,1,0.1577326801959412,0,0,0.81,1.0,0
1,0,0,0,0,0,1,0,0.010776766969909,0,0,1.93,29.0,0
0,2,2,0,0,0,1,0,0.158852344296711,0,0,1.05,1.0,0
1,0,0,0,0,0,13,1,0.0134359692092372,1,0,0.68,1.0,1
1,1,0,0,0,0,0,0,0.0594821553533939,1,0,2.1,2.0,0
1,0,0,0,0,0,2,0,0.158852344296711,0,0,0.66,1.0,0
0,0,5,0,0,0,0,1,0.1577326801959412,0,0,0.8,1.0,0
1,1,2,0,0,0,0,1,0.0188943317004898,0,0,0.93,0.0,0
1,2,2,0,0,1,0,1,0.1577326801959412,1,1,0.93,1.0,1
1,0,0,4,0,0,6,1,0.0022393282015395,0,0,1.28,545.0,0
1,0,0,0,0,0,0,0,0.0134359692092372,1,0,1.13,1.0,0
1,0,3,0,0,0,2,0,0.0005598320503848,1,0,9.93,35.0,1
1,0,1,0,0,0,2,0,0.009517144856543,1,0,161.96,25.0,1
0,0,0,0,0,0,7,1,0.0012596221133659,0,0,1.85,3.0,0
1,2,0,0,0,0,1,0,0.0594821553533939,1,0,15.93,30.0,1
1,2,0,0,0,0,3,0,0.0594821553533939,1,0,1.9,2.0,1
1,0,0,0,0,0,2,1,0.0062981105668299,1,0,2.87,1.0,0
1,2,3,0,0,0,0,0,0.006997900629811,1,0,0.24,0.0,1
1,1,2,0,0,1,2,1,0.0134359692092372,1,0,3.11,1.0,0
1,1,0,0,0,0,1,0,0.158852344296711,0,0,0.92,1.0,0
1,0,0,0,0,0,19,0,0.0279916025192442,1,0,62.01,62.0,0
1,0,3,0,0,0,8,0,0.0660601819454163,1,0,0.25,7.0,1
1,0,3,0,0,0,5,0,0.158852344296711,1,0,2.2,2.0,1
1,2,0,0,0,0,1,1,0.1577326801959412,1,1,0.86,1.0,1
1,0,0,0,0,1,7,0,0.0018194541637508,0,0,12.77,13.0,0
0,0,2,0,0,0,0,1,0.1577326801959412,0,0,0.61,1.0,0
1,1,2,0,0,0,2,1,0.158852344296711,1,1,4.25,1.0,0
1,0,0,0,0,0,11,0,0.0013995801259622,1,0,44.78,45.0,1
1,0,3,0,0,0,0,0,0.0029391182645206,0,0,0.83,0.0,0
1,0,2,0,0,0,6,0,0.0026592022393282,1,0,1.15,1.0,1
1,1,0,0,0,0,38,0,0.009517144856543,1,0,87.03,77.0,1
1,0,0,0,1,1,7,0,0.0001399580125962,1,0,0.73,1.0,1
1,0,3,0,0,0,0,0,0.003219034289713,1,1,2.83,3.0,1
0,0,2,0,0,0,7,0,0.004478656403079,0,0,8.67,9.0,0
1,0,2,0,0,0,0,0,0.0279916025192442,0,0,1.06,5.0,0
1,0,5,0,0,0,3,0,0.158852344296711,0,0,0.92,1.0,0
1,0,5,0,1,0,4,0,0.0053184044786564,1,0,0.02,6.0,1
1,1,2,0,0,0,4,0,0.0033589923023093,0,0,5.66,6.0,0
1,2,2,0,0,0,0,0,0.0001399580125962,0,0,18.6,19.0,0
1,0,0,0,0,0,1,0,0.0137158852344296,0,0,0.83,3.0,0
1,0,2,0,0,0,0,0,0.0090972708187543,0,0,1.81,2.0,0
1,2,0,0,0,0,1,0,0.0117564730580825,1,0,6.26,2.0,1
1,0,3,0,0,0,0,0,0.0594821553533939,0,0,0.18,0.0,0
1,0,2,0,0,1,7,1,0.1577326801959412,1,1,27.72,6.0,1
1,0,2,0,0,0,0,1,0.1577326801959412,0,0,18.04,18.0,0
1,0,0,0,2,1,13,0,0.158852344296711,1,0,14.16,1.0,1
1,0,2,0,0,0,2,0,0.0660601819454163,1,0,7.73,7.0,1
1,2,2,0,0,0,0,0,0.010776766969909,1,0,3.77,4.0,1
1,0,0,2,0,0,4,0,0.158852344296711,1,0,86.36,23.0,1
1,1,2,0,0,0,0,1,0.1577326801959412,0,0,0.82,1.0,0
0,0,0,0,0,0,0,1,0.1577326801959412,1,0,6.82,7.0,1
1,2,5,0,0,0,0,0,0.0054583624912526,1,1,6.32,1.0,1
1,1,2,0,0,0,1,1,0.0067179846046186,1,0,5.23,13.0,1
1,0,0,0,0,0,4,0,0.0023792862141357,0,0,0.95,1.0,0
1,0,0,0,0,0,4,0,0.0074177746675997,1,1,530.14,151.0,1
1,2,2,0,0,2,5,0,0.006997900629811,1,1,4.83,35.0,1
1,2,2,0,0,2,0,0,0.0137158852344296,1,1,2.93,6.0,1
1,0,0,0,0,0,2,0,0.0134359692092372,0,0,26.92,27.0,0
1,0,0,0,0,0,1,0,0.0134359692092372,1,0,1.3,1.0,1
0,0,2,0,0,0,2,0,0.0036389083275017,0,0,1.03,7.0,0
1,1,5,0,0,0,2,0,0.158852344296711,0,0,1.14,1.0,0
1,0,0,0,0,0,23,0,0.158852344296711,1,0,369.89,370.0,1
1,2,0,0,0,1,0,0,0.0106368089573128,0,0,0.53,0.0,0
1,0,0,0,0,0,4,0,0.158852344296711,0,0,92.97,93.0,0
1,0,2,0,0,0,0,1,0.0134359692092372,0,0,0.11,0.0,0
0,0,5,0,0,0,0,1,0.1577326801959412,0,0,0.94,1.0,0
1,2,5,0,0,0,0,0,0.0029391182645206,0,0,5.13,125.0,0
1,0,0,0,0,0,1,0,0.0074177746675997,1,1,1.12,2.0,1
0,2,2,0,0,0,0,0,0.0660601819454163,0,0,36.78,84.0,0
1,2,5,1,0,0,1,0,0.158852344296711,0,0,1.28,2.0,0
1,1,2,0,0,0,2,1,0.0103568929321203,0,0,1.31,15.0,0
1,0,0,0,0,0,9,0,0.158852344296711,0,0,2.9,8.0,0
1,1,5,0,0,0,0,1,0.0079776067179846,0,0,0.73,1.0,0
0,0,0,0,0,0,0,1,0.1577326801959412,0,0,0.25,0.0,0
1,2,0,0,0,0,3,0,0.0022393282015395,1,1,128.06,40.0,0
1,0,0,0,0,0,0,0,0.0001399580125962,1,0,1.85,44.0,1
0,0,3,0,0,0,3,1,0.1577326801959412,1,0,1.01,1.0,1
1,1,2,0,0,0,0,1,0.0188943317004898,0,0,0.87,1.0,0
1,0,2,0,0,0,0,0,0.0074177746675997,0,0,0.83,1.0,0
1,0,5,0,0,0,0,1,0.1577326801959412,0,0,1.2,1.0,0
1,0,0,0,1,0,6,0,0.0004198740377886,0,0,0.11,8.0,0
1,1,2,0,0,0,9,0,0.009517144856543,1,0,54.91,1.0,1
1,2,0,0,0,0,0,0,0.158852344296711,1,0,0.87,43.0,1
1,0,0,0,0,0,4,0,0.158852344296711,1,1,80.08,95.0,0
1,0,2,0,0,0,1,0,0.158852344296711,1,0,69.03,167.0,1
1,0,2,0,0,0,2,0,0.0002799160251924,0,0,0.62,1.0,0
0,1,0,0,0,0,4,0,0.158852344296711,0,0,0.77,1.0,0
0,1,0,0,0,0,0,0,0.0134359692092372,0,0,1.05,1.0,0
1,0,2,0,0,0,8,0,0.0061581525542337,0,0,1.27,1.0,0
1,0,0,0,0,0,12,0,0.0660601819454163,1,1,5.97,1.0,1
1,0,2,0,0,0,0,1,0.0103568929321203,0,0,0.84,0.0,0
1,0,0,0,0,1,11,0,0.158852344296711,1,0,19.15,11.0,1
0,0,0,0,0,0,5,0,0.0004198740377886,0,0,0.85,0.0,0
1,2,0,1,0,0,2,0,0.0040587823652904,0,0,18.27,100.0,0
0,1,0,0,0,0,1,0,0.158852344296711,1,0,55.35,81.0,1
1,0,2,0,0,0,0,1,0.0103568929321203,0,0,0.03,0.0,0
1,0,2,0,0,0,1,0,0.158852344296711,0,0,2.83,3.0,0
1,1,2,0,0,0,11,0,0.0660601819454163,1,0,13.0,13.0,1
1,1,2,0,0,0,2,0,0.158852344296711,0,0,1.87,2.0,0
1,1,0,0,0,0,4,1,0.0079776067179846,1,0,7.85,5.0,0
0,1,4,0,0,0,15,0,0.0279916025192442,1,0,1.04,142.0,1
1,1,0,0,0,0,21,0,0.0064380685794261,1,0,85.06,73.0,1
0,1,2,0,0,0,1,0,0.158852344296711,0,0,1.19,1.0,0
0,0,0,0,0,0,9,1,0.0090972708187543,1,1,1.91,2.0,1
0,1,2,0,0,0,0,0,0.0076976906927921,0,0,0.15,0.0,0
1,0,0,0,0,0,0,1,0.1577326801959412,0,0,1.03,1.0,0
1,0,2,0,2,0,5,1,0.0079776067179846,1,0,0.09,0.0,1
1,2,0,0,1,0,1,0,0.158852344296711,1,0,59.15,74.0,1
1,0,0,0,0,1,26,0,0.0279916025192442,1,0,1.86,1.0,1
1,2,0,0,0,0,1,0,0.0660601819454163,1,0,49.12,3.0,1
1,2,0,0,0,0,0,0,0.0054583624912526,0,0,1.15,1.0,0
1,0,0,0,0,0,4,0,0.0660601819454163,1,0,0.26,16.0,1
0,0,0,0,0,0,3,0,0.0005598320503848,1,0,1.0,0.0,1
1,0,2,0,0,0,3,0,0.0025192442267319,1,1,12.36,1.0,1
1,1,2,0,0,0,0,1,0.0103568929321203,0,0,0.6,1.0,0
1,0,2,0,0,0,11,0,0.0023792862141357,1,0,0.86,6.0,1
1,1,0,0,0,0,5,0,0.0009797060881735,1,0,2.06,1.0,1
1,0,5,0,0,0,4,1,0.1577326801959412,1,0,2.25,2.0,1
1,2,0,1,0,0,1,0,0.0594821553533939,1,0,217.97,1632.0,1
1,0,0,0,0,0,18,0,0.158852344296711,1,0,9.24,9.0,1
1,0,0,0,0,0,15,0,0.0033589923023093,0,0,55.41,1.0,0
1,0,0,0,0,0,0,0,0.0043386983904828,0,0,0.24,0.0,0
1,0,0,0,0,0,8,1,0.0011196641007697,1,0,1.13,1.0,1
1,0,3,0,0,0,3,0,0.0660601819454163,0,0,0.24,0.0,0
0,0,2,0,0,0,0,0,0.0106368089573128,0,0,0.58,1.0,0
0,2,5,0,0,0,0,1,0.0085374387683694,1,0,10.9,11.0,1
1,0,3,0,0,0,0,1,0.0188943317004898,0,0,0.2,0.0,0
1,0,2,0,0,0,6,1,0.1577326801959412,0,0,1.21,1.0,0
1,0,0,0,0,0,3,0,0.158852344296711,1,0,1.04,79.0,1
1,1,2,0,0,0,13,0,0.0023792862141357,1,0,74.01,74.0,1
0,0,0,0,0,0,0,1,0.1577326801959412,0,0,0.94,1.0,0
0,0,2,0,0,0,2,0,0.158852344296711,1,0,11.76,5.0,1
1,0,0,0,0,0,3,0,0.0279916025192442,0,0,1.08,1.0,0
0,1,2,0,0,0,3,0,0.008257522743177,1,0,1.11,1.0,0
1,0,2,0,0,0,1,1,0.0079776067179846,0,0,1.28,1.0,0
1,0,2,0,0,0,5,0,0.0004198740377886,1,0,1.12,0.0,1
1,0,3,0,1,0,1,1,0.0134359692092372,0,0,1.37,37.0,0
1,1,2,0,0,0,1,1,0.0103568929321203,0,0,0.87,1.0,0
1,0,2,0,0,0,2,0,0.0001399580125962,0,0,0.99,1.0,0
1,1,2,0,0,0,0,1,0.005738278516445,0,0,2.04,2.0,0
0,0,2,0,0,0,4,1,0.0016794961511546,1,0,54.68,33.0,1
1,1,2,0,0,0,9,0,0.0137158852344296,0,0,1.05,10.0,0
0,0,2,0,0,0,0,0,0.0660601819454163,0,0,1.47,1.0,0
1,2,2,0,0,0,0,0,0.0037788663400979,0,0,3.0,3.0,0
1,2,0,0,0,0,0,0,0.0594821553533939,1,0,1.02,1.0,1
1,0,0,0,0,0,4,1,0.1577326801959412,1,0,15.98,16.0,1
1,1,2,0,0,0,0,1,0.0103568929321203,0,0,0.25,0.0,0
1,1,3,0,0,0,0,1,0.158852344296711,0,0,1.28,227.0,0
1,0,0,0,0,0,4,0,0.0660601819454163,0,0,1.1,1686.0,0
0,2,0,1,0,0,1,0,0.001959412176347,1,1,0.99,1.0,1
1,0,2,0,0,0,0,1,0.0188943317004898,1,0,1.08,59.0,1
1,0,0,0,0,0,3,0,0.0134359692092372,1,0,33.85,34.0,1
1,1,0,0,0,0,1,0,0.0030790762771168,0,0,7.24,12.0,0
1,0,2,0,0,0,3,0,0.158852344296711,1,1,1.1,25.0,1
0,0,3,0,0,0,0,1,0.1577326801959412,1,0,1.01,0.0,1
1,0,0,0,0,0,14,0,0.0134359692092372,1,0,1.29,1.0,1
1,2,0,0,0,0,0,1,0.0054583624912526,0,0,0.65,8.0,0
1,1,2,0,0,0,0,0,0.0660601819454163,0,0,0.57,1.0,0
1,0,0,0,5,0,37,1,0.158852344296711,1,1,30.86,31.0,1
1,2,0,0,0,0,2,0,0.158852344296711,0,0,237.83,238.0,0
1,0,0,0,0,0,0,1,0.1577326801959412,1,0,1.21,1.0,1
1,2,0,1,0,0,1,0,0.158852344296711,1,1,15.92,143.0,1
1,0,0,0,0,0,2,0,0.0029391182645206,1,1,192.8,193.0,1
0,0,2,0,0,0,2,0,0.0106368089573128,0,0,1.13,1.0,0
0,0,0,0,0,0,7,0,0.0020993701889433,1,0,2.04,2.0,1
1,0,2,0,0,0,7,0,0.0004198740377886,1,0,76.01,76.0,1
1,0,0,0,0,0,0,1,0.1577326801959412,1,0,1.09,1.0,1
1,0,0,0,0,0,1,0,0.0138558432470258,0,0,13.98,14.0,0
0,0,0,0,0,0,3,0,0.158852344296711,1,0,4.71,5.0,1
1,0,0,0,0,0,1,0,0.0100769769069279,1,0,0.2,0.0,1
1,1,2,0,0,0,3,0,0.008257522743177,0,0,120.33,120.0,0
1,0,0,0,0,0,0,0,0.0023792862141357,0,0,1.04,1.0,0
1,0,0,0,0,0,1,0,0.158852344296711,0,0,1.99,2.0,0
1,0,0,0,2,0,15,0,0.0660601819454163,1,0,2.1,1.0,1
1,1,0,0,0,0,6,0,0.0660601819454163,1,0,13.93,14.0,1
1,2,0,0,0,0,17,0,0.158852344296711,1,0,130.04,242.0,1
1,0,3,0,0,0,0,0,0.0002799160251924,1,0,1.15,0.0,1
1,2,0,0,0,1,1,0,0.158852344296711,1,0,242.25,29.0,1
0,0,3,0,0,0,1,0,0.0029391182645206,1,0,1.03,1.0,1
1,2,0,0,0,1,0,0,0.0078376487053883,0,0,0.95,1.0,0
1,1,3,0,0,0,9,0,0.009517144856543,1,0,33.81,34.0,1
0,0,5,0,0,0,0,0,0.0594821553533939,0,0,1.13,1.0,0
0,0,2,0,0,0,0,0,0.0090972708187543,0,0,1.28,2.0,0
1,2,5,0,0,0,1,0,0.0594821553533939,0,0,5.9,6.0,0
0,1,0,0,0,0,1,0,0.0090972708187543,0,0,6.33,6.0,0
1,0,0,0,0,0,1,1,0.0002799160251924,1,0,0.21,3.0,1
1,1,0,0,0,0,10,0,0.0138558432470258,1,0,9.75,4.0,1
1,2,2,0,1,2,1,0,0.010776766969909,0,0,12.86,5.0,0
1,1,0,1,0,0,7,1,0.1577326801959412,0,0,1.28,2.0,0
1,0,2,0,0,0,6,0,0.0022393282015395,1,1,1.75,13.0,1
1,1,0,0,0,0,1,1,0.0067179846046186,1,1,70.9,71.0,1
1,1,2,0,0,0,0,1,0.0079776067179846,0,0,0.16,5.0,0
0,0,0,0,0,3,9,1,0.0023792862141357,1,0,214.03,214.0,1
1,1,2,0,0,0,0,1,0.1577326801959412,0,0,1.12,1.0,0
1,0,0,0,0,0,10,0,0.158852344296711,1,0,8.04,26.0,1
1,2,2,0,0,0,3,0,0.0134359692092372,1,0,127.1,127.0,1
1,0,5,0,0,0,0,0,0.003219034289713,1,0,22.26,0.0,1
1,1,0,0,0,0,0,1,0.1577326801959412,0,0,3.16,3.0,0
1,1,0,0,0,0,1,1,0.0011196641007697,0,0,1.28,1117.0,0
1,2,0,1,2,2,3,0,0.0020993701889433,1,0,0.87,44.0,1
1,0,0,3,0,0,13,0,0.0660601819454163,0,0,0.9,166.0,0
1,1,0,0,0,0,3,1,0.0058782365290412,1,0,20.6,9.0,1
1,0,0,0,0,0,5,0,0.0594821553533939,1,0,5.14,3.0,1
1,1,0,0,0,0,2,0,0.158852344296711,0,0,3.09,3.0,0
0,0,0,0,1,0,7,0,0.0660601819454163,0,0,178.63,179.0,0
1,2,2,0,0,0,0,1,0.1577326801959412,1,1,9.07,45.0,1
1,1,2,0,0,0,1,1,0.0085374387683694,0,0,1.13,1.0,0
0,2,2,0,0,0,0,0,0.0064380685794261,1,0,1.3,1.0,1
1,2,0,0,0,0,0,1,0.0002799160251924,0,0,2.94,3.0,0
1,1,0,0,0,0,1,0,0.158852344296711,0,0,2.84,35.0,0
0,0,2,0,0,0,0,0,0.0011196641007697,0,0,1.09,1.0,0
1,0,2,0,0,0,0,1,0.1577326801959412,0,0,0.83,1.0,0
1,0,2,0,0,0,0,0,0.0011196641007697,1,0,0.92,0.0,1
1,0,0,0,0,0,2,0,0.0279916025192442,1,0,0.83,1.0,1
1,0,2,0,0,0,3,0,0.158852344296711,0,0,1.09,1.0,0
1,0,0,0,0,0,3,1,0.1577326801959412,1,1,2.4,2.0,1
1,0,0,0,0,0,7,0,0.158852344296711,1,0,10.05,4.0,1
1,0,0,0,0,0,1,0,0.0660601819454163,0,0,0.22,0.0,0
1,0,2,0,0,0,0,0,0.0660601819454163,1,0,40.95,41.0,1
0,0,2,0,0,0,2,0,0.0029391182645206,0,0,0.6,1.0,0
1,2,3,1,0,0,6,0,0.001959412176347,1,0,218.84,335.0,1
1,0,0,0,1,0,21,0,0.158852344296711,1,0,2.3,16.0,1
0,0,2,0,0,0,0,1,0.1577326801959412,0,0,1.07,1.0,0
1,2,0,0,0,0,0,0,0.0594821553533939,1,0,3.93,4.0,1
0,0,0,0,0,0,0,1,0.1577326801959412,0,0,0.24,0.0,0
1,0,0,0,0,0,25,0,0.158852344296711,1,1,40.8,41.0,1
0,2,2,0,0,0,0,0,0.0117564730580825,0,0,2.91,3.0,0
1,0,2,0,0,0,0,1,0.1577326801959412,1,0,5.13,5.0,1
1,0,2,0,0,0,0,0,0.0138558432470258,0,0,0.93,1.0,0
1,2,0,0,0,0,1,1,0.0134359692092372,1,0,0.33,0.0,1
1,1,2,0,0,0,0,0,0.0660601819454163,1,0,1.85,118.0,1
1,0,0,0,0,0,11,0,0.0660601819454163,1,0,65.22,145.0,1
1,0,2,0,0,0,0,0,0.0660601819454163,1,0,1.68,2.0,1
1,0,2,0,0,0,1,1,0.1577326801959412,0,0,24.24,24.0,0
1,0,0,0,0,0,2,1,0.0090972708187543,1,0,0.01,0.0,1
0,0,0,0,0,0,12,0,0.006997900629811,1,0,0.86,15.0,1
1,0,0,0,0,0,19,1,0.0090972708187543,1,0,0.14,0.0,1
1,1,2,0,0,0,2,1,0.0079776067179846,0,0,45.89,46.0,0
1,0,0,0,0,0,3,0,0.0134359692092372,0,0,0.71,1.0,0
1,1,0,0,0,0,15,0,0.0279916025192442,1,0,0.86,7.0,1
1,0,0,0,0,0,9,0,0.0279916025192442,1,0,16.17,1.0,1
0,0,0,0,0,0,1,0,0.0090972708187543,0,0,4.07,4.0,0
1,2,0,0,1,0,1,1,0.005738278516445,1,1,0.61,1.0,0
1,1,0,0,0,0,1,0,0.0001399580125962,0,0,0.71,1.0,0
1,0,2,0,0,0,1,1,0.1577326801959412,0,0,0.9,1.0,0
1,2,0,0,0,0,3,0,0.0660601819454163,1,0,0.96,38.0,1
1,0,2,0,0,0,1,1,0.1577326801959412,1,1,1.17,0.0,1
1,0,2,0,0,0,1,0,0.0005598320503848,0,0,0.34,1.0,0
1,2,2,0,0,1,1,0,0.010776766969909,1,0,21.66,22.0,1
1,1,5,0,0,0,2,0,0.158852344296711,0,0,0.64,1.0,0
1,0,0,0,0,0,3,0,0.0074177746675997,1,1,1.28,2.0,1
1,2,0,0,0,0,1,0,0.158852344296711,1,0,1.01,1.0,1
1,0,2,0,0,0,4,0,0.0660601819454163,1,0,8.22,55.0,1
1,0,2,0,0,0,5,0,0.0054583624912526,0,0,0.72,1.0,0
1,0,0,0,0,0,6,1,0.158852344296711,1,0,1.28,1555.0,1
0,2,0,1,0,0,4,0,0.158852344296711,1,0,54.89,55.0,1
1,1,0,0,0,0,1,1,0.0103568929321203,0,0,0.6,1.0,0
0,0,0,0,0,0,2,1,0.0023792862141357,1,0,1.01,23.0,1
1,0,2,0,0,0,0,1,0.0067179846046186,0,0,2.32,5.0,0
1,1,0,0,0,0,22,0,0.0134359692092372,1,0,1.13,0.0,1
1,0,0,0,0,0,4,0,0.0078376487053883,1,0,2.14,2.0,1
1,1,2,0,0,0,7,0,0.0660601819454163,0,0,1.28,2.0,0
1,0,2,0,0,0,2,0,0.0100769769069279,0,0,0.89,1.0,0
0,2,0,0,0,0,1,0,0.158852344296711,0,0,3.78,13.0,0
1,0,3,0,0,0,0,1,0.1577326801959412,0,0,1.28,1.0,0
1,2,0,0,0,0,3,0,0.0065780265920223,0,0,1.02,1.0,0
1,0,0,0,0,0,2,0,0.0090972708187543,0,0,1.05,1.0,0
1,0,0,0,0,0,7,0,0.0594821553533939,1,0,54.28,54.0,1
0,0,0,0,3,2,14,0,0.0051784464660601,1,1,5.16,7.0,1
1,0,2,0,0,0,2,1,0.0188943317004898,0,0,1.02,1.0,0
1,2,0,0,0,0,6,0,0.0040587823652904,1,0,1.09,1.0,1
1,0,3,0,0,0,1,0,0.0594821553533939,1,0,0.88,1.0,1
1,0,0,0,0,0,2,1,0.1577326801959412,0,0,28.93,29.0,0
1,0,0,0,0,0,7,1,0.0004198740377886,0,0,0.91,5.0,0
1,1,3,0,0,0,0,0,0.0034989503149055,0,0,1.03,5.0,0
0,2,0,0,0,0,0,0,0.0594821553533939,0,0,0.92,1.0,0
1,0,2,1,0,0,10,1,0.1577326801959412,1,0,84.17,84.0,1
1,2,2,0,0,0,0,0,0.0100769769069279,0,0,0.28,0.0,0
1,0,0,0,0,0,5,0,0.158852344296711,1,1,6.92,7.0,1
1,0,2,0,0,0,4,1,0.0188943317004898,0,0,1.04,4.0,0
1,0,5,0,0,0,1,0,0.0134359692092372,1,1,1.13,5.0,1
1,1,3,0,0,0,1,0,0.0594821553533939,1,0,5.34,5.0,1
1,1,0,0,0,0,8,0,0.158852344296711,1,0,279.0,9.0,1
1,2,0,0,1,0,1,0,0.158852344296711,1,0,0.91,52.0,1
1,1,2,0,0,0,1,0,0.158852344296711,0,0,11.97,12.0,0
1,1,2,0,0,0,5,0,0.0036389083275017,0,0,8.18,8.0,0
0,2,0,0,0,0,0,0,0.0594821553533939,0,0,0.94,1.0,0
1,0,3,0,0,0,0,0,0.0011196641007697,0,0,1.16,1.0,0
0,0,2,0,0,0,2,0,0.001959412176347,0,0,0.77,41.0,0
1,0,2,0,3,0,8,0,0.0008397480755773,1,1,41.89,42.0,1
1,1,2,0,0,0,1,1,0.003219034289713,0,0,2.77,3.0,0
1,0,2,0,0,0,2,0,0.006997900629811,0,0,0.89,1.0,0
1,0,2,0,0,0,0,0,0.158852344296711,1,1,3.0,1.0,1
1,2,0,0,0,0,1,0,0.0594821553533939,0,0,0.77,42.0,0
1,0,0,0,0,0,3,0,0.0064380685794261,0,0,1.24,1.0,0
1,2,2,0,0,0,0,0,0.0022393282015395,1,0,1.12,1.0,0
1,1,0,0,0,0,4,1,0.0090972708187543,0,0,1.28,2.0,0
1,2,2,0,0,1,0,0,0.158852344296711,1,1,8.32,27.0,1
0,0,2,0,0,0,4,0,0.0085374387683694,1,0,1.13,0.0,1
1,2,0,0,0,0,1,0,0.0117564730580825,1,1,6.01,109.0,1
1,2,3,0,0,0,0,0,0.0004198740377886,0,0,0.31,0.0,0
1,1,0,0,0,0,3,0,0.158852344296711,0,0,0.99,1.0,0
1,0,0,0,0,0,7,0,0.0004198740377886,1,0,77.94,1.0,1
1,2,0,0,0,0,1,0,0.0594821553533939,1,0,16.22,27.0,1
1,0,2,0,0,0,0,1,0.1577326801959412,0,0,13.22,13.0,0
1,1,2,0,0,0,3,0,0.158852344296711,0,0,1.24,1.0,0
1,0,3,0,0,0,0,0,0.0074177746675997,0,0,1.26,1.0,0
1,2,3,1,0,0,1,0,0.158852344296711,1,0,0.95,244.0,1
1,0,2,0,0,0,4,0,0.158852344296711,0,0,78.46,78.0,0
1,1,0,0,0,0,0,0,0.0005598320503848,0,0,0.99,1.0,0
1,1,0,0,0,0,17,0,0.009517144856543,1,0,46.88,47.0,1
1,0,0,0,0,1,8,0,0.0023792862141357,1,0,1.09,5.0,1
1,2,2,0,0,0,1,0,0.0594821553533939,0,0,1.29,2.0,0
1,0,2,0,0,0,9,0,0.0279916025192442,0,0,0.98,178.0,0
1,0,2,0,0,0,0,1,0.1577326801959412,1,1,0.88,2.0,1
1,0,2,0,0,0,1,1,0.0009797060881735,1,1,0.12,1.0,1
1,0,0,0,0,0,1,0,0.158852344296711,0,0,0.66,1.0,0
1,2,0,0,0,1,2,0,0.0026592022393282,1,0,1.94,180.0,1
1,1,2,0,0,0,4,0,0.0001399580125962,0,0,2.67,3.0,0
1,0,0,0,0,0,4,0,0.0004198740377886,0,0,0.86,0.0,0
1,0,3,0,0,0,2,0,0.0025192442267319,1,1,104.93,419.0,1
0,0,3,0,0,0,0,1,0.001959412176347,1,0,7.93,8.0,1
1,0,2,0,0,0,0,1,0.0137158852344296,0,0,1.05,1.0,0
1,1,2,0,0,0,1,1,0.1577326801959412,1,0,1.11,34.0,1
1,0,3,0,0,0,2,0,0.0006997900629811,0,0,10.01,10.0,0
1,1,2,0,0,0,1,0,0.158852344296711,0,0,1.04,1.0,0
1,1,0,0,0,0,1,1,0.0134359692092372,1,0,0.56,1.0,1
1,1,2,0,0,0,0,0,0.0090972708187543,0,0,27.74,28.0,0
1,2,2,0,0,3,3,1,0.1577326801959412,1,1,1.08,2.0,1
1,0,0,0,0,0,1,0,0.158852344296711,0,0,0.96,1.0,0
1,0,3,0,0,0,1,0,0.0001399580125962,0,0,1.71,2.0,0
0,0,0,0,0,0,10,1,0.0058782365290412,1,0,3.56,4.0,1
1,0,0,0,0,0,10,1,0.0029391182645206,1,1,0.57,1.0,1
1,0,0,0,0,0,6,0,0.0279916025192442,1,0,1.2,1.0,1
1,1,5,0,0,0,1,0,0.158852344296711,0,0,5.08,5.0,0
1,0,0,0,0,0,0,0,0.0029391182645206,0,0,1.17,132.0,0
1,1,2,0,0,0,3,1,0.0005598320503848,1,0,1.28,2.0,1
1,1,2,0,0,0,10,0,0.010776766969909,0,0,22.86,15.0,0
1,0,0,0,0,0,1,0,0.158852344296711,1,0,0.83,11.0,1
1,1,0,1,0,0,10,0,0.0134359692092372,1,0,4.1,4.0,1
1,0,0,0,0,0,4,1,0.0090972708187543,0,0,0.14,14.0,0
1,0,2,0,0,0,10,0,0.0660601819454163,1,0,0.73,34.0,1
1,0,0,0,0,0,4,0,0.0594821553533939,0,0,6.82,14.0,0
1,0,0,0,0,0,3,1,0.0012596221133659,1,0,1.93,0.0,0
1,2,0,0,0,0,1,0,0.0117564730580825,1,0,0.97,2.0,1
1,1,2,0,0,0,0,0,0.0594821553533939,0,0,30.22,8.0,0
1,0,2,3,0,0,16,1,0.0188943317004898,0,0,81.91,82.0,0
1,2,0,0,1,3,4,0,0.0009797060881735,1,1,1.21,14.0,1
1,2,0,0,0,0,0,0,0.0594821553533939,1,0,1.16,114.0,1
1,1,2,0,0,0,0,0,0.0660601819454163,0,0,2.2,2.0,0
0,0,2,0,0,0,0,1,0.1577326801959412,0,0,1.09,1.0,0
1,0,2,0,0,0,0,0,0.158852344296711,0,0,54.22,54.0,0
0,2,0,0,0,0,2,0,0.0001399580125962,0,0,13.86,14.0,0
0,1,0,0,0,0,7,0,0.0009797060881735,0,0,18.86,19.0,0
1,0,0,0,0,0,0,1,0.008257522743177,0,0,0.9,1.0,0
1,0,2,0,0,0,0,1,0.1577326801959412,0,0,0.87,1.0,0
1,0,0,0,0,0,3,0,0.0134359692092372,1,0,1.1,1.0,1
1,2,0,0,0,0,1,0,0.0594821553533939,1,0,2.26,31.0,1
1,0,2,0,0,0,0,1,0.1577326801959412,0,0,0.99,1.0,0
1,0,2,0,0,0,11,0,0.0026592022393282,1,0,11.85,52.0,1
1,2,0,0,0,0,0,0,0.0594821553533939,0,0,1.86,2.0,0
1,1,0,0,0,0,10,0,0.158852344296711,1,0,43.97,136.0,1
1,0,0,0,0,0,4,0,0.0037788663400979,1,1,0.56,1.0,1
1,0,0,0,0,0,1,0,0.0660601819454163,1,0,0.94,20.0,1
1,0,0,0,0,0,0,0,0.0594821553533939,0,0,0.6,1.0,0
1,1,0,0,0,0,1,0,0.0660601819454163,0,0,0.73,1.0,0
1,2,0,0,0,0,0,1,0.001959412176347,0,0,2.13,2.0,0
0,0,0,0,0,0,0,1,0.0134359692092372,0,0,1.29,1.0,0
1,1,5,0,0,0,0,1,0.1577326801959412,0,0,1.01,1.0,0
1,1,2,0,0,0,1,0,0.158852344296711,0,0,167.09,167.0,0
1,1,5,0,0,0,2,0,0.0001399580125962,0,0,1.0,1.0,0
1,1,0,0,0,0,16,0,0.158852344296711,1,0,68.41,43.0,1
1,0,0,0,0,0,4,0,0.0001399580125962,0,0,29.89,30.0,0
1,0,0,0,0,0,8,0,0.0036389083275017,1,0,1.92,2.0,0
0,0,0,0,0,0,0,1,0.1577326801959412,0,0,0.67,1.0,0
1,0,0,0,0,0,1,1,0.0012596221133659,0,0,0.07,0.0,0
1,0,0,0,0,0,4,1,0.0012596221133659,0,0,1.28,2.0,0
0,0,2,0,0,0,12,0,0.0064380685794261,1,1,10.92,13.0,1
1,0,5,0,0,0,0,0,0.0004198740377886,0,0,1.06,1.0,0
0,0,0,0,0,0,0,0,0.0134359692092372,0,0,0.96,1.0,0
1,0,0,0,0,0,9,0,0.0023792862141357,1,1,1.04,204.0,1
1,1,0,0,0,0,1,0,0.0660601819454163,0,0,0.62,1.0,0
1,0,2,0,0,0,1,0,0.158852344296711,0,0,2.69,3.0,0
0,1,2,0,0,0,0,1,0.0012596221133659,1,0,4.17,10.0,1
0,1,0,0,0,0,8,0,0.158852344296711,0,0,43.06,35.0,0
1,0,0,0,1,2,5,0,0.0001399580125962,1,1,6.05,13.0,1
1,0,0,0,0,0,1,1,0.158852344296711,1,1,1.28,448.0,1
1,1,0,0,0,0,13,0,0.0134359692092372,1,0,0.99,1.0,1
1,2,5,0,0,0,0,1,0.1577326801959412,1,1,1.22,36.0,1
1,0,0,0,0,0,8,0,0.0279916025192442,1,0,1.26,0.0,1
1,2,0,0,0,0,0,1,0.1577326801959412,0,0,1.31,10.0,0
1,2,0,0,1,0,1,0,0.0029391182645206,1,0,1.0,1.0,0
1,1,2,0,0,0,0,1,0.1577326801959412,0,0,0.76,1.0,0
1,1,2,0,0,0,0,0,0.0137158852344296,0,0,73.76,9.0,0
1,0,2,0,0,0,1,0,0.158852344296711,0,0,292.92,28.0,0
1,2,0,0,0,0,1,0,0.0660601819454163,1,0,1.36,34.0,1
1,1,0,0,0,0,30,0,0.158852344296711,0,0,50.0,50.0,0
1,1,2,0,0,0,5,0,0.0001399580125962,1,0,0.87,67.0,1
1,1,2,0,0,0,0,1,0.001959412176347,0,0,0.89,1.0,0
0,0,3,0,0,0,0,0,0.0106368089573128,0,0,0.18,0.0,0
0,0,0,0,0,0,1,0,0.158852344296711,0,0,0.74,1.0,0
0,0,0,0,0,0,0,0,0.158852344296711,0,0,4.36,4.0,0
1,2,0,1,0,1,1,0,0.158852344296711,1,0,1.16,1.0,1
1,0,2,0,0,0,0,0,0.0117564730580825,1,0,1.07,5.0,1
1,1,0,0,0,0,2,0,0.158852344296711,0,0,1.28,2.0,0
1,0,0,0,0,0,1,0,0.0011196641007697,1,0,28.95,5.0,1
1,1,2,0,0,0,1,1,0.0103568929321203,0,0,0.94,1.0,0
1,1,0,0,0,0,4,0,0.0594821553533939,0,0,1.28,2.0,0
1,2,0,0,1,0,2,0,0.0117564730580825,0,0,76.82,77.0,0
1,1,2,0,0,0,33,0,0.009517144856543,1,0,242.07,242.0,1
0,1,2,0,0,0,1,0,0.158852344296711,0,0,1.21,1.0,0
1,2,0,0,0,0,1,1,0.1577326801959412,1,0,27.04,27.0,1
1,0,3,0,0,0,1,1,0.0188943317004898,0,0,1.28,2.0,0
1,2,0,0,0,2,4,0,0.0106368089573128,1,0,0.91,10.0,1
0,0,3,0,0,0,0,0,0.0054583624912526,0,0,0.11,0.0,0
1,1,5,0,0,0,0,1,0.0188943317004898,0,0,0.22,0.0,0
1,0,0,0,0,0,0,0,0.0022393282015395,0,0,2.31,2.0,0
1,2,3,0,0,0,0,0,0.0138558432470258,1,0,1.09,1.0,1
1,0,0,0,0,0,1,1,0.001959412176347,0,0,32.09,32.0,0
1,0,2,0,0,0,4,0,0.0279916025192442,0,0,1.91,3.0,0
0,0,2,0,0,0,0,0,0.0090972708187543,0,0,5.14,5.0,0
1,0,2,0,0,0,14,0,0.0134359692092372,0,0,0.87,1.0,0
1,1,2,0,0,0,1,1,0.0103568929321203,0,0,1.01,1.0,0
0,2,0,0,0,0,2,0,0.158852344296711,0,0,59.97,60.0,0
1,0,0,0,0,0,15,0,0.158852344296711,0,0,1.87,11.0,0
1,0,0,0,0,0,6,0,0.0001399580125962,1,0,1.85,6.0,1
1,2,0,0,0,0,1,0,0.158852344296711,0,0,1.01,3.0,0
1,1,0,0,0,0,1,1,0.0188943317004898,0,0,0.01,0.0,0
1,0,2,0,0,0,2,0,0.006997900629811,1,0,0.87,0.0,1
1,0,2,0,0,0,1,1,0.1577326801959412,0,0,1.11,1.0,0
1,0,0,0,0,0,1,0,0.0018194541637508,1,0,1.83,1.0,1
1,0,0,2,0,0,18,1,0.0011196641007697,1,0,33.98,3.0,1
1,2,0,0,0,0,1,0,0.0076976906927921,1,0,1.63,1.0,1
1,0,2,0,0,0,1,0,0.0660601819454163,1,0,0.7,15.0,1
1,1,0,0,0,0,3,1,0.0016794961511546,0,0,1.8,2.0,0
0,0,0,0,0,0,14,0,0.0008397480755773,0,0,1.81,24.0,0
1,0,0,0,0,0,7,0,0.0138558432470258,1,1,1.9,2.0,1
1,0,0,0,2,2,20,0,0.0137158852344296,1,0,29.81,30.0,1
1,0,2,0,0,0,0,0,0.001959412176347,1,0,0.69,2.0,1
1,2,2,0,0,0,0,1,0.0079776067179846,1,0,0.98,1.0,1
1,0,2,0,0,0,2,0,0.008257522743177,1,0,28.96,33.0,1
0,0,0,0,0,0,1,1,0.1577326801959412,0,0,0.52,0.0,0
1,1,2,0,0,0,0,1,0.0012596221133659,0,0,0.21,0.0,0
1,0,0,0,1,2,5,0,0.158852344296711,1,0,155.01,4.0,1
1,2,2,0,0,0,3,0,0.0594821553533939,1,0,39.1,39.0,1
1,2,3,0,0,0,0,1,0.0013995801259622,0,0,1.15,1.0,0
1,1,2,0,0,0,0,1,0.1577326801959412,0,0,0.19,0.0,0
0,0,2,0,0,0,0,1,0.0188943317004898,0,0,0.82,1.0,0
1,0,2,0,0,0,1,1,0.0103568929321203,1,0,0.78,0.0,1
1,0,0,0,0,0,1,1,0.0134359692092372,0,0,2.18,2.0,0
1,2,2,0,0,0,2,1,0.1577326801959412,0,0,15.01,15.0,0
1,0,0,0,0,0,14,0,0.0036389083275017,0,0,0.01,0.0,0
1,0,0,0,0,0,16,0,0.0279916025192442,1,0,0.93,0.0,1
1,0,2,0,0,0,0,0,0.0138558432470258,0,0,7.32,7.0,0
1,2,2,0,1,1,1,1,0.0001399580125962,1,0,0.82,0.0,0
1,0,0,0,0,0,1,0,0.0043386983904828,1,0,168.21,458.0,1
1,0,2,0,0,0,0,0,0.0660601819454163,0,0,0.79,0.0,0
1,0,2,0,0,0,0,0,0.0078376487053883,0,0,1.15,2.0,0
1,0,2,0,0,0,1,0,0.0660601819454163,0,0,0.61,1.0,0
1,1,2,0,0,0,6,0,0.158852344296711,0,0,54.73,23.0,0
1,0,2,0,0,0,1,0,0.006997900629811,1,0,2.32,2.0,1
1,1,0,0,0,0,0,0,0.0134359692092372,1,0,0.21,0.0,1
1,0,0,1,0,0,7,0,0.0008397480755773,1,0,24.21,24.0,0
1,0,0,0,0,0,0,1,0.0079776067179846,0,0,1.8,2.0,0
1,0,0,0,0,0,8,0,0.0138558432470258,1,1,49.21,5.0,1
1,1,2,0,0,0,0,1,0.1577326801959412,0,0,2.23,2.0,0
1,1,0,0,0,0,0,1,0.1577326801959412,1,0,0.96,1.0,1
1,0,0,0,0,0,1,1,0.1577326801959412,0,0,0.83,1.0,0
1,0,2,0,0,0,0,0,0.0594821553533939,1,0,1.78,2.0,1
0,0,2,0,0,0,1,1,0.1577326801959412,1,0,10.7,11.0,1
1,0,2,0,0,0,9,1,0.0001399580125962,1,1,1.25,1.0,1
1,1,0,0,0,0,2,0,0.158852344296711,1,0,7.71,8.0,1
1,0,0,0,0,0,1,0,0.158852344296711,1,0,22.92,23.0,1
1,0,0,0,0,0,2,0,0.158852344296711,0,0,18.38,247.0,0
1,2,5,0,0,0,5,1,0.0062981105668299,1,1,32.13,43.0,1
0,2,0,0,3,1,4,1,0.158852344296711,1,0,0.72,1.0,1
1,2,0,0,0,0,1,1,0.0016794961511546,0,0,2.65,3.0,0
1,0,5,0,1,1,3,1,0.1577326801959412,0,0,0.95,1.0,0
0,1,0,0,0,0,2,0,0.0004198740377886,0,0,11.96,6.0,0
1,0,0,0,0,0,2,1,0.1577326801959412,1,0,9.22,9.0,1
1,1,0,0,0,0,6,1,0.0011196641007697,1,0,76.68,77.0,1
1,0,2,0,0,0,8,0,0.158852344296711,1,0,2.03,2.0,1
0,0,0,0,0,0,0,1,0.1577326801959412,0,0,0.71,1.0,0
1,2,2,0,0,0,0,0,0.158852344296711,1,1,7.17,7.0,1
1,1,0,0,0,0,1,0,0.0138558432470258,0,0,1.28,2.0,0
0,1,2,0,0,0,0,1,0.001959412176347,0,0,3.9,4.0,0
1,1,2,0,0,0,0,0,0.0660601819454163,0,0,27.1,27.0,0
1,1,0,0,0,0,1,1,0.0001399580125962,0,0,0.94,1.0,0
1,1,0,0,0,0,3,1,0.0103568929321203,1,0,1.81,58.0,1
1,0,0,1,1,0,5,0,0.0009797060881735,0,0,136.88,137.0,0
1,1,2,0,0,0,1,0,0.0022393282015395,0,0,1.13,1.0,0
1,0,3,0,0,0,2,0,0.158852344296711,0,0,8.12,8.0,0
0,1,3,0,0,0,2,1,0.0008397480755773,1,0,49.15,49.0,1
1,2,0,1,0,0,2,0,0.0078376487053883,1,0,1.69,3.0,1
1,0,0,0,0,0,5,0,0.0005598320503848,1,0,36.25,36.0,1
1,0,0,0,0,0,4,1,0.0090972708187543,0,0,1.41,10.0,0
1,2,0,0,0,0,1,0,0.0594821553533939,1,0,15.03,57.0,1
1,1,2,0,0,0,3,1,0.0079776067179846,0,0,1.28,2.0,0
0,0,0,1,0,0,7,0,0.0001399580125962,0,0,1.92,2.0,0
0,0,0,0,0,0,0,0,0.0006997900629811,0,0,0.08,0.0,0
0,0,0,0,0,0,3,0,0.0085374387683694,1,0,9.19,9.0,1
1,0,5,0,0,0,2,0,0.0134359692092372,1,0,0.23,57.0,1
1,1,2,0,0,0,0,1,0.1577326801959412,0,0,1.05,1.0,0
1,0,2,0,0,0,0,1,0.1577326801959412,0,0,0.67,1.0,0
1,0,2,0,0,0,0,1,0.001959412176347,0,0,0.83,1.0,0
1,1,2,0,0,0,0,1,0.0079776067179846,0,0,2.01,2.0,0
1,2,0,0,0,0,0,1,0.1577326801959412,0,0,0.89,1.0,0
1,1,0,0,0,0,22,1,0.005738278516445,0,0,1.15,1.0,0
1,0,0,0,0,0,0,1,0.0188943317004898,0,0,0.09,0.0,0
1,0,0,0,0,0,9,0,0.0004198740377886,1,1,196.11,3.0,1
1,2,2,0,0,0,1,0,0.158852344296711,0,0,0.9,7.0,0
1,0,2,0,0,0,0,1,0.0103568929321203,0,0,0.36,0.0,0
1,1,0,0,0,0,0,0,0.0279916025192442,1,0,0.89,1.0,1
1,0,0,0,1,3,10,0,0.0279916025192442,1,0,1.06,1.0,1
1,2,2,0,0,0,0,0,0.0002799160251924,0,0,1.0,1.0,0
0,1,2,0,0,0,0,0,0.004478656403079,1,1,20.34,20.0,1
1,1,2,0,0,0,2,1,0.1577326801959412,1,1,0.78,1.0,1
0,1,0,0,0,0,5,0,0.158852344296711,0,0,1.28,2.0,0
1,0,5,2,0,0,11,0,0.0134359692092372,0,0,1.06,1.0,0
0,2,0,0,0,0,0,0,0.0040587823652904,1,0,1.16,1.0,1
1,2,3,0,0,0,6,1,0.0067179846046186,1,0,5.11,0.0,1
1,0,2,0,0,0,0,0,0.0034989503149055,1,0,0.84,1.0,1
1,1,2,0,0,0,2,0,0.0001399580125962,0,0,17.27,2.0,0
1,0,0,0,0,0,11,0,0.158852344296711,1,0,2.65,1.0,1
1,0,2,0,0,0,5,1,0.001959412176347,0,0,0.13,1.0,0
0,0,0,0,0,0,1,0,0.158852344296711,1,0,8.18,8.0,1
0,1,0,0,0,0,0,1,0.1577326801959412,0,0,0.96,1.0,0
1,0,0,0,0,0,13,0,0.0279916025192442,1,0,1.15,6.0,1
1,1,3,0,0,0,0,0,0.0005598320503848,0,0,0.67,1.0,0
1,0,2,0,0,0,13,0,0.0053184044786564,1,0,33.16,5.0,1
1,0,0,0,0,0,5,1,0.1577326801959412,1,0,0.91,16.0,1
1,1,3,0,0,0,8,0,0.009517144856543,0,0,1.08,46.0,0
1,0,2,0,0,0,4,1,0.0001399580125962,0,0,1.28,2.0,0
1,2,0,0,0,1,0,0,0.0001399580125962,1,0,0.53,192.0,0
1,0,0,0,0,0,8,0,0.0279916025192442,1,0,2.04,14.0,1
1,1,1,0,0,0,3,0,0.0660601819454163,1,0,59.79,60.0,1
1,0,5,0,0,0,0,1,0.1577326801959412,0,0,1.97,2.0,0
0,0,0,0,0,0,13,0,0.0134359692092372,1,0,1.63,1.0,0
1,2,0,0,0,2,0,0,0.010776766969909,1,0,13.06,252.0,1
1,2,0,0,0,0,0,0,0.0134359692092372,1,0,0.91,2.0,1
1,1,2,0,0,0,2,1,0.158852344296711,0,0,0.83,1.0,0
0,0,0,0,0,0,5,0,0.0660601819454163,1,0,0.99,38.0,1
1,1,0,0,0,0,7,0,0.009517144856543,1,0,181.76,2.0,0
0,2,0,0,0,0,0,0,0.006997900629811,0,0,1.02,1.0,0
1,0,0,0,0,0,6,1,0.158852344296711,1,0,0.9,1.0,1
1,0,2,0,0,0,3,0,0.158852344296711,0,0,1.19,1.0,0
1,0,0,1,0,0,3,0,0.0064380685794261,1,1,3.85,4.0,1
1,0,2,0,0,0,0,1,0.1577326801959412,0,0,1.85,2.0,0
1,0,0,0,0,0,1,0,0.008257522743177,1,0,7.81,8.0,1
1,0,3,0,0,0,1,1,0.1577326801959412,1,0,0.66,1.0,1
1,0,0,0,0,0,1,0,0.0134359692092372,1,0,0.97,1.0,1
1,0,5,0,0,0,1,0,0.0138558432470258,0,0,0.99,1.0,0
1,2,0,1,0,0,1,0,0.158852344296711,0,0,0.88,1.0,0
1,0,2,0,0,0,3,0,0.0660601819454163,1,0,1.86,82.0,1
1,0,2,0,0,0,0,1,0.0103568929321203,0,0,0.9,1.0,0
1,2,3,0,0,0,1,1,0.0002799160251924,0,0,1.03,1.0,0
1,0,2,0,0,0,0,0,0.0005598320503848,0,0,1.11,1.0,0
1,0,0,0,0,0,0,0,0.0106368089573128,0,0,1.01,1.0,0
1,0,3,0,0,0,0,0,0.0090972708187543,0,0,0.25,0.0,0
1,1,2,0,0,0,1,0,0.008257522743177,0,0,1.85,2.0,0
1,1,2,0,0,0,0,1,0.0008397480755773,0,0,0.14,0.0,0
1,1,0,0,0,0,14,0,0.0660601819454163,1,0,33.01,405.0,1
1,2,0,1,0,0,1,0,0.158852344296711,1,0,1.82,1.0,1
1,0,2,0,0,0,6,1,0.0103568929321203,0,0,10.24,1520.0,0
0,1,2,0,0,0,2,0,0.0660601819454163,1,0,0.59,1.0,1
1,0,0,0,0,0,7,0,0.0279916025192442,0,0,0.97,50.0,0
1,0,2,0,0,0,1,1,0.005738278516445,0,0,0.9,1.0,0
1,1,0,0,0,0,7,0,0.0660601819454163,1,0,2.85,3.0,1
1,1,2,0,0,0,0,1,0.0008397480755773,0,0,0.73,1.0,0
0,2,2,0,0,0,1,0,0.0026592022393282,0,0,1.28,2.0,0
1,0,2,0,0,0,0,1,0.1577326801959412,0,0,2.31,2.0,0
1,0,0,0,0,0,0,1,0.1577326801959412,1,0,29.14,29.0,1
1,0,0,0,0,0,4,1,0.0016794961511546,1,1,0.97,1.0,1
1,0,0,0,0,0,0,0,0.0001399580125962,0,0,42.16,42.0,0
1,0,2,0,0,0,0,1,0.0022393282015395,0,0,0.93,1.0,0
1,0,3,0,1,0,17,0,0.0138558432470258,1,0,2.13,2.0,1
1,0,2,0,0,0,2,0,0.0051784464660601,1,0,0.79,18.0,1
0,0,0,0,0,0,0,1,0.1577326801959412,1,0,1.14,1.0,1
1,1,3,0,0,0,2,0,0.0085374387683694,1,0,0.85,13.0,1
1,0,0,0,0,0,10,1,0.158852344296711,1,0,0.35,0.0,1
1,0,3,0,0,0,0,1,0.1577326801959412,0,0,1.82,2.0,0
1,0,3,0,1,1,8,0,0.006997900629811,1,0,1.33,9.0,1
1,0,3,0,0,0,2,0,0.158852344296711,0,0,128.87,14.0,0
1,0,3,0,0,0,0,1,0.0023792862141357,0,0,0.73,1.0,0
1,2,0,0,0,0,1,0,0.001959412176347,1,0,1.0,6.0,1
1,0,0,0,0,0,0,0,0.158852344296711,1,0,241.1,58.0,1
1,1,0,0,0,0,2,0,0.0594821553533939,1,0,1.05,18.0,1
1,0,0,0,0,0,1,0,0.0008397480755773,0,0,2.02,2.0,0
1,0,0,0,0,1,12,1,0.1577326801959412,1,0,10.72,1.0,1
1,0,0,0,0,0,0,0,0.0001399580125962,1,0,7.05,7.0,1
1,0,0,0,0,0,0,1,0.0062981105668299,0,0,42.22,10.0,0
1,0,2,0,0,0,0,1,0.1577326801959412,0,0,1.06,1.0,0
0,0,0,0,0,0,1,0,0.158852344296711,0,0,44.59,45.0,0
1,0,2,0,0,0,4,1,0.1577326801959412,0,0,31.05,31.0,0
1,1,2,0,0,0,1,0,0.0594821553533939,0,0,0.56,22.0,0
1,2,0,0,0,0,3,1,0.0005598320503848,1,0,0.82,1.0,1
1,2,0,0,0,0,0,0,0.0036389083275017,0,0,0.94,1.0,0
1,0,2,0,0,0,0,0,0.158852344296711,0,0,1.22,1.0,0
1,2,0,0,0,0,1,0,0.0117564730580825,0,0,1.92,37.0,0
1,0,2,0,1,1,7,1,0.1577326801959412,1,0,2.05,62.0,1
1,0,0,1,0,0,11,0,0.158852344296711,1,0,1.22,1.0,1
1,0,2,0,0,0,4,0,0.0029391182645206,0,0,41.97,42.0,0
1,1,0,0,0,0,0,1,0.0023792862141357,0,0,1.01,9.0,0
1,0,5,0,0,0,2,0,0.0134359692092372,1,0,1.73,2.0,1
1,0,0,0,0,0,1,0,0.158852344296711,0,0,4.98,5.0,0
0,2,2,0,1,1,2,0,0.158852344296711,0,0,1.28,2.0,0
0,0,2,0,0,0,0,1,0.0079776067179846,0,0,0.63,1.0,0
0,0,0,0,0,0,2,0,0.158852344296711,1,0,408.09,7.0,1
0,0,3,0,0,0,7,0,0.158852344296711,1,0,6.31,6.0,1
0,0,0,0,0,0,0,1,0.1577326801959412,0,0,0.97,1.0,0
1,0,3,0,0,0,0,1,0.1577326801959412,1,0,2.33,2.0,1
1,1,0,0,0,0,0,1,0.1577326801959412,0,0,0.97,1.0,0
1,0,2,0,0,1,2,1,0.0016794961511546,0,0,13.12,14.0,0
1,0,0,0,0,0,0,0,0.0594821553533939,0,0,0.9,1.0,0
1,0,0,0,0,0,1,0,0.158852344296711,1,0,17.17,17.0,0
1,0,0,0,1,0,3,0,0.0138558432470258,0,0,0.95,1.0,0
1,2,2,0,0,0,3,1,0.1577326801959412,1,0,1.06,1.0,1
1,1,2,0,0,0,19,0,0.009517144856543,1,0,1.92,116.0,1
1,0,3,0,0,0,1,1,0.0188943317004898,0,0,0.25,0.0,0
1,0,0,0,0,0,1,0,0.0004198740377886,0,0,0.14,0.0,0
0,1,2,0,0,0,1,0,0.0037788663400979,1,0,1.03,54.0,1
0,2,0,0,0,0,1,1,0.1577326801959412,0,0,1.28,2.0,0
1,0,2,0,0,0,3,0,0.158852344296711,1,0,14.79,117.0,1
1,2,2,0,0,4,4,0,0.0053184044786564,1,1,0.54,5.0,1
1,0,0,0,0,0,6,0,0.0015395381385584,0,0,84.3,84.0,0
1,1,2,0,0,0,1,1,0.1577326801959412,0,0,1.28,2.0,0
1,0,0,0,0,0,2,0,0.0594821553533939,1,0,1.12,1.0,1
1,0,0,0,0,0,3,1,0.1577326801959412,1,0,0.83,1.0,0
0,1,2,0,0,0,0,1,0.0188943317004898,0,0,0.78,1.0,0
1,0,2,0,0,0,0,0,0.0030790762771168,1,0,1.96,2.0,0
1,0,2,0,0,0,4,0,0.0036389083275017,1,0,3.85,1.0,1
0,0,2,0,0,0,2,0,0.158852344296711,0,0,14.03,14.0,0
1,2,2,0,0,1,3,0,0.158852344296711,1,0,41.25,16.0,1
1,0,2,0,0,1,3,1,0.0188943317004898,1,0,0.87,1.0,1
0,1,2,0,0,0,0,1,0.0188943317004898,0,0,1.11,1.0,0
1,2,2,0,0,2,3,0,0.003219034289713,1,0,0.81,0.0,1
1,0,0,0,0,0,2,1,0.0090972708187543,0,0,0.96,1.0,0
1,0,0,0,0,0,0,0,0.0033589923023093,0,0,177.09,177.0,0
1,0,2,0,0,0,0,1,0.0188943317004898,0,0,0.91,0.0,0
1,0,0,0,0,0,13,0,0.0030790762771168,0,0,2.71,5.0,0
1,0,0,0,0,0,6,0,0.0134359692092372,0,0,0.82,1.0,0
1,1,3,0,0,0,0,1,0.0016794961511546,1,0,3.12,3.0,1
1,2,0,0,0,0,0,0,0.0594821553533939,0,0,1.85,2.0,0
1,0,2,0,0,0,1,0,0.158852344296711,0,0,1.07,1.0,0
1,2,2,0,0,0,0,0,0.0002799160251924,1,1,36.95,23.0,1
1,2,5,0,0,0,2,1,0.158852344296711,0,0,1.28,2.0,0
1,0,0,0,1,0,10,0,0.158852344296711,0,0,93.73,189.0,0
1,1,2,0,0,0,1,0,0.0660601819454163,0,0,0.91,8.0,0
1,0,0,0,0,0,13,1,0.1577326801959412,1,0,7.3,5.0,1
0,0,0,0,1,0,6,1,0.0054583624912526,0,0,0.81,1.0,0
1,0,0,0,0,0,0,0,0.0030790762771168,0,0,0.99,1.0,0
1,0,0,0,0,0,4,0,0.001959412176347,1,0,73.31,26.0,1
1,2,0,0,0,0,1,1,0.001959412176347,0,0,0.56,1.0,0
1,2,2,0,0,0,3,1,0.004478656403079,1,0,8.93,11.0,1
1,0,0,0,2,0,8,1,0.1577326801959412,1,1,3.79,1.0,1
1,2,0,0,1,0,2,0,0.158852344296711,0,0,1.28,2.0,0
1,1,0,0,0,0,0,0,0.0134359692092372,1,0,1.76,2.0,1
1,0,2,0,0,0,7,0,0.0030790762771168,1,1,0.82,31.0,1
1,0,2,0,0,0,6,0,0.158852344296711,1,1,270.02,134.0,1
1,0,0,0,0,0,25,0,0.0660601819454163,1,1,185.98,242.0,1
1,1,0,0,0,0,9,1,0.158852344296711,0,0,0.67,1.0,0
1,2,0,0,0,0,1,0,0.0117564730580825,0,0,2.2,2.0,0
1,0,0,0,0,0,1,0,0.158852344296711,1,0,219.03,1723.0,1
0,1,2,0,0,0,1,1,0.0079776067179846,0,0,0.53,1.0,0
1,0,2,0,0,0,6,0,0.158852344296711,1,0,3.08,3.0,1
1,1,2,0,0,0,7,0,0.0064380685794261,1,0,194.19,194.0,1
1,0,2,0,0,0,2,1,0.1577326801959412,0,0,2.85,3.0,0
1,0,3,0,0,0,0,0,0.0065780265920223,0,0,1.68,2.0,0
0,0,2,0,0,0,0,0,0.0002799160251924,0,0,0.88,1.0,0
1,1,2,0,0,0,1,0,0.158852344296711,0,0,2.79,3.0,0
0,0,0,0,0,0,3,0,0.0030790762771168,0,0,16.23,16.0,0
1,0,0,0,0,0,0,0,0.0036389083275017,1,1,0.92,1.0,1
0,2,0,0,0,0,0,1,0.0016794961511546,1,1,1.19,2.0,1
1,2,0,0,0,0,0,1,0.1577326801959412,1,0,1.25,0.0,1
1,1,2,0,0,0,0,0,0.0090972708187543,0,0,4.78,5.0,0
1,1,0,0,0,0,8,1,0.0023792862141357,1,0,0.85,1.0,1
1,0,0,0,0,0,5,0,0.0037788663400979,1,0,3.21,1.0,1
1,0,0,0,0,2,0,0,0.0002799160251924,0,0,0.88,1.0,0
1,2,2,0,0,0,3,1,0.0054583624912526,1,0,35.83,36.0,1
1,0,0,0,1,0,14,1,0.1577326801959412,1,0,0.87,1.0,1
0,0,2,0,0,0,1,1,0.0001399580125962,0,0,1.28,2.0,0
1,0,0,0,0,0,5,0,0.0660601819454163,0,0,0.07,0.0,0
1,1,0,0,0,0,0,0,0.0138558432470258,0,0,2.17,2.0,0
1,2,0,0,0,1,0,0,0.0117564730580825,0,0,2.03,2.0,0
1,2,0,3,0,0,3,0,0.158852344296711,1,0,273.89,274.0,1
1,2,0,0,0,0,1,0,0.0085374387683694,1,0,30.99,86.0,1
1,0,3,0,0,1,1,1,0.0134359692092372,0,0,1.28,2.0,0
1,1,0,0,0,0,1,1,0.158852344296711,0,0,9.86,10.0,0
1,2,0,0,0,0,5,0,0.0100769769069279,1,0,1.67,259.0,1
1,2,0,0,0,0,0,0,0.0660601819454163,1,0,0.62,1.0,1
1,2,0,1,0,1,1,0,0.158852344296711,1,1,35.81,28.0,1
1,0,2,0,0,0,1,0,0.010776766969909,1,0,1.8,0.0,1
0,0,2,0,0,0,1,1,0.1577326801959412,1,0,0.87,1.0,1
1,1,0,0,0,0,0,1,0.1577326801959412,1,1,0.16,2.0,1
1,0,0,4,0,0,13,0,0.158852344296711,1,0,36.34,160.0,1
0,0,2,0,0,0,0,1,0.1577326801959412,1,0,1.28,8.0,1
0,0,2,0,0,0,4,0,0.0660601819454163,1,0,2.12,57.0,0
1,2,0,0,0,0,0,0,0.0018194541637508,0,0,11.13,11.0,0
1,1,2,0,0,0,10,0,0.0022393282015395,0,0,0.86,1.0,0
1,0,2,0,0,0,2,1,0.1577326801959412,1,0,0.26,0.0,0
1,0,2,0,0,0,7,0,0.0018194541637508,1,0,1.19,1.0,1
1,2,0,0,0,0,0,0,0.0051784464660601,0,0,2.23,2.0,0
0,0,5,0,0,0,6,0,0.0117564730580825,1,0,26.82,149.0,1
1,0,2,0,0,0,0,0,0.010776766969909,0,0,4.96,5.0,0
1,2,0,0,0,0,0,0,0.0085374387683694,1,0,0.88,0.0,1
0,0,3,0,0,0,20,0,0.0076976906927921,1,1,1.92,119.0,1
1,0,0,2,0,0,26,0,0.0660601819454163,1,0,1.02,180.0,1
1,0,2,0,0,0,0,0,0.0037788663400979,0,0,7.08,7.0,0
1,1,2,0,0,0,0,0,0.0594821553533939,0,0,1.18,1.0,0
1,0,2,0,0,0,19,0,0.0660601819454163,1,0,82.15,82.0,1
1,2,5,0,0,0,0,1,0.1577326801959412,1,0,0.95,1.0,1
1,1,2,0,0,0,0,0,0.006997900629811,0,0,0.22,0.0,0
0,0,2,0,0,0,1,0,0.0076976906927921,1,0,1.25,0.0,1
1,0,0,0,1,1,9,1,0.0062981105668299,1,0,1.84,11.0,1
1,0,0,0,1,0,9,0,0.0279916025192442,1,0,1.24,1.0,1
0,0,2,0,0,0,2,0,0.0137158852344296,0,0,1.28,2.0,0
1,0,0,0,1,1,3,1,0.0079776067179846,1,0,0.4,0.0,1
1,0,3,0,0,0,0,1,0.1577326801959412,0,0,1.05,1.0,0
1,0,0,0,0,0,7,0,0.0594821553533939,0,0,35.65,36.0,0
0,0,0,0,0,0,0,1,0.1577326801959412,1,1,1.92,128.0,1
0,0,0,0,0,0,0,0,0.010776766969909,0,0,0.74,1.0,0
1,0,0,0,0,0,22,0,0.158852344296711,1,0,81.42,81.0,1
1,2,2,1,0,0,2,0,0.158852344296711,0,0,1.3,134.0,0
1,0,0,0,0,0,8,1,0.0011196641007697,1,0,9.82,2.0,1
1,0,2,0,0,0,2,0,0.158852344296711,0,0,2.64,3.0,0
1,0,0,0,1,0,7,0,0.158852344296711,0,0,1.88,2.0,0
0,0,2,0,0,0,0,0,0.008257522743177,1,0,1.02,1.0,1
1,0,0,0,0,0,10,0,0.0008397480755773,1,0,32.78,1.0,1
1,1,5,0,0,0,0,0,0.0594821553533939,0,0,0.34,0.0,0
1,2,4,0,0,2,0,1,0.1577326801959412,1,0,1.28,1.0,1
1,0,2,0,0,0,2,0,0.0001399580125962,1,1,0.99,1.0,1
1,0,0,0,0,0,0,0,0.003219034289713,0,0,0.99,1.0,0
1,2,5,0,0,0,1,0,0.0043386983904828,1,0,1.16,1.0,1
0,0,0,0,0,0,9,0,0.009517144856543,1,1,243.09,22.0,1
1,0,0,0,0,0,16,0,0.0011196641007697,1,0,1.01,0.0,1
1,0,2,0,0,0,3,0,0.001959412176347,1,0,1.31,66.0,1
1,0,3,0,0,0,0,1,0.0188943317004898,1,0,1.85,18.0,1
1,0,2,0,1,1,4,0,0.158852344296711,1,1,1.99,28.0,1
1,2,2,0,1,1,2,0,0.006997900629811,1,0,11.94,75.0,1
1,0,3,0,0,0,0,0,0.0594821553533939,0,0,80.99,81.0,0
1,0,0,0,0,0,5,1,0.1577326801959412,1,1,1.14,31.0,1
1,0,0,0,0,0,2,1,0.0090972708187543,0,0,47.23,47.0,0
1,1,0,0,0,0,9,0,0.0660601819454163,1,0,35.33,35.0,1
1,0,0,0,0,0,7,0,0.0134359692092372,1,0,1.13,0.0,1
1,0,0,0,0,0,1,0,0.006997900629811,1,0,0.34,7.0,1
1,0,3,0,0,1,0,0,0.0036389083275017,0,0,1.88,2.0,0
1,2,3,0,0,0,0,0,0.0279916025192442,1,0,0.79,1.0,1
1,0,2,0,0,0,3,1,0.1577326801959412,1,0,30.26,30.0,1
1,0,0,0,0,0,0,1,0.0002799160251924,0,0,2.77,3.0,0
1,0,0,0,0,2,3,1,0.0001399580125962,0,0,7.2,8.0,0
1,0,3,0,0,0,8,0,0.008257522743177,1,0,1.09,44.0,1
0,0,0,0,0,0,0,0,0.0594821553533939,0,0,0.82,1.0,0
1,1,2,0,0,0,2,1,0.1577326801959412,0,0,1.12,1.0,0
1,1,0,0,0,0,12,1,0.0134359692092372,0,0,2.97,73.0,0
1,0,2,0,0,0,0,0,0.0134359692092372,0,0,0.88,1.0,0
1,0,0,0,0,0,0,0,0.0064380685794261,1,1,2.35,5.0,1
1,0,0,0,0,0,4,1,0.0090972708187543,1,1,1.25,1.0,1
1,0,2,0,0,0,0,1,0.0103568929321203,0,0,0.13,0.0,0
1,0,0,0,1,0,5,1,0.158852344296711,0,0,1.11,1.0,0
1,0,0,0,0,0,1,0,0.0660601819454163,1,0,0.68,17.0,1
1,1,0,0,0,0,9,0,0.0660601819454163,0,0,1.0,1.0,0
1,1,5,0,0,0,0,1,0.1577326801959412,1,1,1.03,19.0,1
1,0,0,0,0,0,12,0,0.0279916025192442,1,0,0.93,119.0,1
1,2,0,0,0,0,0,0,0.0594821553533939,0,0,0.89,1.0,0
1,0,0,0,0,0,4,0,0.0660601819454163,1,0,0.6,79.0,1
1,1,2,0,0,0,1,0,0.158852344296711,0,0,32.6,33.0,0
1,2,0,0,0,0,0,0,0.0138558432470258,1,1,30.95,31.0,1
1,0,3,0,0,0,1,1,0.0022393282015395,0,0,0.95,1.0,0
1,0,0,0,0,0,4,1,0.1577326801959412,0,0,0.99,1.0,0
1,2,3,0,0,0,0,1,0.1577326801959412,0,0,0.99,1.0,0
0,2,0,0,0,0,2,1,0.1577326801959412,1,1,7.87,8.0,1
1,1,5,0,0,0,4,1,0.0030790762771168,1,0,0.57,1.0,1
1,1,2,0,0,0,2,0,0.004478656403079,0,0,22.98,23.0,0
1,0,0,0,0,0,1,1,0.0079776067179846,0,0,0.14,0.0,0
0,2,5,0,0,0,0,0,0.0030790762771168,0,0,0.13,0.0,0
1,2,5,0,1,9,2,0,0.0660601819454163,1,0,241.95,242.0,1
1,0,3,0,0,0,5,0,0.0279916025192442,0,0,1.18,1.0,0
1,2,2,0,0,0,0,0,0.0002799160251924,1,0,0.18,1.0,1
0,1,3,0,0,0,2,1,0.0090972708187543,0,0,1.28,2.0,0
0,1,2,0,0,0,14,0,0.0001399580125962,0,0,1.28,263.0,0
1,1,2,0,0,0,1,0,0.0013995801259622,0,0,21.01,21.0,0
1,0,0,0,0,0,5,0,0.0040587823652904,0,0,35.15,35.0,0
1,0,3,0,0,0,0,1,0.0188943317004898,0,0,1.11,1.0,0
1,2,0,0,1,1,3,0,0.158852344296711,1,1,319.12,319.0,1
1,2,0,0,0,0,1,0,0.0002799160251924,1,0,13.43,16.0,0
1,2,2,0,0,0,1,0,0.0051784464660601,1,0,5.04,5.0,1
1,0,0,2,0,0,6,1,0.0090972708187543,1,0,0.93,1.0,1
1,0,0,0,1,0,14,1,0.0062981105668299,1,1,20.35,20.0,1
1,1,0,0,0,0,6,1,0.1577326801959412,1,0,0.93,1.0,1
1,1,0,0,0,0,7,0,0.0001399580125962,1,0,3.95,211.0,1
1,0,0,0,0,0,1,1,0.0079776067179846,0,0,1.0,1.0,0
1,1,2,0,0,0,2,0,0.0009797060881735,0,0,2.98,3.0,0
1,0,0,0,0,0,22,0,0.0279916025192442,0,0,1.99,8.0,0
1,0,3,0,0,0,7,0,0.158852344296711,0,0,1.08,82.0,0
1,2,0,0,0,0,1,1,0.158852344296711,1,0,1.06,1.0,1
1,2,2,0,0,2,0,0,0.006997900629811,0,0,0.79,9.0,0
1,2,0,0,0,0,0,0,0.0594821553533939,1,1,2.06,38.0,1
1,0,0,0,0,0,4,1,0.0079776067179846,0,0,54.06,54.0,0
1,0,0,0,0,0,1,1,0.0016794961511546,1,1,6.13,8.0,1
1,1,0,0,0,2,24,1,0.0079776067179846,1,1,32.38,48.0,1
1,1,2,0,0,0,12,0,0.0015395381385584,1,0,5.93,4.0,1
1,0,5,0,0,0,4,1,0.158852344296711,1,0,2.08,2.0,1
1,0,0,0,0,0,0,0,0.0660601819454163,0,0,0.97,8.0,0
1,2,0,0,0,0,1,0,0.0106368089573128,0,0,0.92,1.0,0
1,0,2,0,0,0,0,0,0.004478656403079,0,0,1.1,1.0,0
1,1,0,1,0,0,5,0,0.0660601819454163,0,0,31.55,32.0,0
1,0,3,0,0,0,19,0,0.009517144856543,1,1,42.96,34.0,1
1,0,0,0,0,0,2,0,0.0137158852344296,1,0,4.13,1.0,1
1,0,5,0,0,0,8,0,0.0660601819454163,1,1,40.2,339.0,1
1,2,0,0,0,0,2,0,0.0100769769069279,1,0,6.92,18.0,1
1,1,2,0,0,0,1,0,0.158852344296711,1,0,33.06,27.0,1
1,2,0,0,0,0,0,0,0.0594821553533939,1,0,1.8,1.0,1
1,0,2,0,1,0,5,1,0.1577326801959412,1,0,1.07,10.0,1
1,2,2,0,0,0,0,0,0.0134359692092372,0,0,1.05,1.0,0
1,0,0,0,0,0,1,1,0.0090972708187543,1,0,0.69,1.0,1
0,1,5,0,0,0,0,0,0.0137158852344296,0,0,0.61,1.0,0
1,1,2,0,0,0,0,1,0.1577326801959412,0,0,0.96,1.0,0
1,0,5,0,0,0,4,0,0.004478656403079,1,0,15.93,1.0,1
1,0,2,0,0,0,1,0,0.0001399580125962,0,0,1.28,2.0,0
0,0,0,0,0,0,3,1,0.1577326801959412,1,1,0.97,1.0,1
1,2,3,0,0,0,1,0,0.0594821553533939,1,0,1.72,2.0,1
1,0,0,0,0,0,2,0,0.0009797060881735,0,0,160.02,51.0,0
1,1,2,0,0,0,0,1,0.001959412176347,0,0,1.87,2.0,0
1,2,0,0,1,2,1,1,0.1577326801959412,1,0,0.26,56.0,1
1,0,2,0,0,0,1,1,0.004478656403079,1,1,0.81,1.0,1
0,2,5,0,0,0,0,1,0.1577326801959412,0,0,0.89,1.0,0
1,2,0,0,0,0,3,0,0.158852344296711,1,0,91.19,124.0,1
1,0,2,0,0,0,9,1,0.158852344296711,1,0,1.21,1.0,1
1,1,2,0,0,0,1,1,0.0016794961511546,0,0,0.62,1.0,0
1,1,0,0,0,0,18,1,0.0011196641007697,1,0,41.2,181.0,1
1,2,0,0,0,0,1,0,0.0134359692092372,1,0,0.85,0.0,1
1,0,0,0,0,0,3,1,0.1577326801959412,1,0,12.17,50.0,1
1,0,0,0,1,0,6,0,0.0594821553533939,1,1,2.87,1.0,1
1,0,2,0,0,0,1,0,0.158852344296711,1,0,0.76,1.0,1
1,0,2,0,0,0,1,0,0.0100769769069279,0,0,1.04,10.0,0
1,1,2,0,0,0,0,0,0.0594821553533939,0,0,1.26,1.0,0
1,0,0,0,0,0,3,1,0.0051784464660601,0,0,0.17,0.0,0
1,2,0,0,0,0,0,0,0.0594821553533939,1,0,117.65,118.0,1
1,2,0,0,0,0,0,1,0.0134359692092372,0,0,0.87,1.0,0
1,1,2,0,0,0,18,1,0.0188943317004898,1,0,3.17,3.0,1
1,0,0,0,0,0,2,0,0.0279916025192442,1,0,0.63,1.0,1
1,2,0,0,0,0,2,1,0.0001399580125962,1,0,1.28,2.0,1
1,1,2,0,0,0,0,1,0.1577326801959412,0,0,1.02,1.0,0
1,0,0,0,0,0,0,0,0.158852344296711,0,0,2.24,2.0,0
1,0,3,0,0,0,0,1,0.0188943317004898,0,0,4.07,4.0,0
1,0,0,0,0,0,6,0,0.0660601819454163,0,0,1.92,2.0,0
0,0,0,0,0,0,0,0,0.0006997900629811,1,0,6.89,7.0,1
1,2,3,0,0,0,0,0,0.0137158852344296,0,0,7.07,7.0,0
1,1,2,0,0,0,0,1,0.1577326801959412,1,1,0.8,1.0,1
1,0,0,0,0,0,3,0,0.0660601819454163,0,0,1.09,1.0,0
1,0,2,1,0,0,11,0,0.158852344296711,1,0,314.73,118.0,1
1,1,2,0,0,0,1,0,0.158852344296711,0,0,1.84,2.0,0
1,1,0,0,0,0,1,1,0.1577326801959412,1,1,2.04,1.0,1
1,1,2,0,0,0,3,0,0.0064380685794261,0,0,2.3,2.0,0
1,1,2,0,0,0,3,0,0.001959412176347,0,0,0.23,1.0,0
0,2,2,0,0,0,0,0,0.0594821553533939,1,1,0.62,3.0,0
0,1,0,0,0,0,10,0,0.0061581525542337,1,0,4.03,1.0,1
1,0,0,0,0,0,0,0,0.0279916025192442,0,0,1.0,1.0,0
1,0,5,0,0,0,1,1,0.1577326801959412,0,0,0.9,1.0,0
0,0,2,0,0,0,0,1,0.0137158852344296,0,0,0.19,3.0,0
1,0,0,0,0,0,1,1,0.158852344296711,0,0,1.28,2.0,0
1,0,3,0,0,0,2,1,0.1577326801959412,1,1,1.04,18.0,1
1,1,2,0,0,0,1,1,0.1577326801959412,1,0,5.0,44.0,1
1,2,2,0,0,3,0,1,0.0001399580125962,0,0,0.79,1.0,0
0,0,3,0,0,0,1,1,0.0005598320503848,0,0,10.97,11.0,0
1,0,2,0,0,0,9,1,0.0134359692092372,1,1,1.23,2.0,1
0,1,5,0,0,0,0,0,0.0090972708187543,0,0,1.21,1.0,0
1,2,0,0,0,0,4,0,0.0002799160251924,1,0,0.7,2.0,1
1,1,2,0,0,0,1,1,0.0103568929321203,0,0,3.97,4.0,0
0,1,2,0,0,0,0,1,0.004478656403079,0,0,0.04,0.0,0
0,2,2,0,0,0,2,1,0.0134359692092372,0,0,0.75,3.0,0
1,0,0,0,0,0,1,1,0.0006997900629811,1,1,37.55,38.0,1
0,1,2,0,0,0,1,1,0.0062981105668299,0,0,0.16,0.0,0
1,2,2,0,2,0,6,0,0.158852344296711,0,0,1.07,1.0,0
0,0,2,0,0,0,0,0,0.0090972708187543,0,0,1.08,1.0,0
0,0,2,0,0,0,2,0,0.0002799160251924,0,0,181.13,181.0,0
0,2,0,0,0,0,1,0,0.0001399580125962,0,0,13.22,171.0,0
1,2,0,0,0,0,2,0,0.008257522743177,1,0,1.11,1.0,1
1,0,0,0,0,0,0,0,0.0065780265920223,0,0,1.03,1.0,0
1,2,0,0,0,0,0,0,0.0074177746675997,0,0,1.19,1.0,0
1,1,2,0,0,0,1,1,0.0064380685794261,0,0,4.19,1.0,0
1,0,0,0,0,0,6,0,0.0074177746675997,1,0,2.25,2.0,1
1,0,0,0,1,0,7,0,0.010776766969909,1,0,38.7,33.0,1
1,0,3,0,0,1,1,1,0.0188943317004898,1,0,1.28,2.0,1
1,0,0,0,0,0,5,0,0.0033589923023093,1,0,180.75,204.0,1
1,2,0,0,0,0,1,0,0.158852344296711,0,0,12.89,64.0,0
1,1,2,0,0,0,8,0,0.0279916025192442,0,0,0.87,1.0,0
0,0,0,0,0,0,1,0,0.158852344296711,0,0,44.17,44.0,0
0,1,2,0,1,0,7,0,0.158852344296711,1,0,0.73,2.0,1
1,0,0,0,0,0,3,1,0.1577326801959412,0,0,1.08,2.0,0
0,0,0,0,0,0,1,0,0.0030790762771168,1,1,116.02,116.0,1
1,1,3,0,0,0,4,0,0.0594821553533939,0,0,6.22,7.0,0
1,1,2,0,0,0,0,1,0.0008397480755773,0,0,0.82,1.0,0
1,0,2,0,0,0,0,0,0.0001399580125962,0,0,0.92,57.0,0
1,0,0,0,0,0,0,1,0.0079776067179846,1,0,0.14,1.0,1
1,0,0,0,0,2,0,1,0.0103568929321203,0,0,0.03,2.0,0
1,1,0,0,0,0,19,0,0.0660601819454163,1,0,39.01,39.0,1
1,1,0,0,0,0,24,0,0.009517144856543,0,0,6.38,6.0,0
1,0,0,0,0,0,2,1,0.1577326801959412,0,0,1.06,1.0,0
1,0,2,0,1,0,9,0,0.0036389083275017,1,0,87.99,2.0,1
1,1,0,0,0,0,15,0,0.0660601819454163,0,0,60.31,60.0,0
1,0,0,0,0,0,6,0,0.0594821553533939,1,1,4.06,4.0,1
1,2,0,0,0,0,3,0,0.0025192442267319,1,0,0.94,2.0,1
1,2,2,0,1,0,2,0,0.158852344296711,1,0,7.81,0.0,1
1,2,3,0,0,0,3,0,0.010776766969909,1,0,3.05,0.0,1
1,0,0,0,0,0,1,0,0.0015395381385584,1,1,0.65,4.0,1
0,2,0,0,0,0,0,0,0.0594821553533939,0,0,0.95,1.0,0
1,0,0,0,0,4,9,0,0.0117564730580825,0,0,0.8,1.0,0
0,1,0,0,0,0,0,0,0.0061581525542337,0,0,1.22,1.0,0
1,2,0,0,0,0,1,0,0.0594821553533939,0,0,1.1,1.0,0
1,2,0,0,0,0,0,0,0.0043386983904828,0,0,0.55,1.0,0
1,0,2,0,0,0,10,0,0.0279916025192442,1,0,0.28,0.0,1
1,0,0,0,0,0,5,0,0.008257522743177,0,0,1.28,318.0,0
0,2,0,1,0,0,1,0,0.0137158852344296,1,0,11.7,12.0,1
1,1,2,0,0,0,1,1,0.0103568929321203,0,0,1.28,2.0,0
1,0,0,0,0,0,1,1,0.1577326801959412,1,0,1.98,0.0,1
1,2,0,3,0,0,2,0,0.158852344296711,1,0,84.89,9.0,1
1,2,2,0,0,0,0,0,0.0134359692092372,0,0,1.08,12.0,0
1,0,0,3,0,0,8,0,0.158852344296711,0,0,1.28,1431.0,0
0,0,0,0,0,0,3,0,0.0061581525542337,1,0,0.97,1.0,0
1,2,0,0,0,0,0,0,0.0117564730580825,1,0,3.25,3.0,1
1,1,2,0,0,0,2,1,0.1577326801959412,1,0,39.02,8.0,0
1,1,0,0,0,0,1,0,0.0660601819454163,0,0,1.21,1.0,0
1,2,0,0,0,1,0,0,0.0078376487053883,1,0,1.08,12.0,1
1,2,5,0,0,0,1,0,0.0061581525542337,1,1,4.92,5.0,1
1,1,0,0,0,0,20,0,0.0279916025192442,0,0,2.07,2.0,0
1,1,2,0,0,0,1,1,0.0188943317004898,1,0,0.24,0.0,1
0,2,0,0,0,0,0,0,0.0594821553533939,0,0,5.94,6.0,0
1,2,0,0,0,0,5,0,0.0134359692092372,1,0,0.98,1.0,1
0,0,0,0,0,0,3,0,0.0134359692092372,1,1,12.03,1.0,1
0,0,2,0,0,0,0,0,0.158852344296711,0,0,0.26,0.0,0
1,2,2,0,0,2,0,0,0.0594821553533939,0,0,0.29,0.0,0
1,0,3,0,0,0,0,0,0.0001399580125962,1,0,6.82,7.0,1
1,0,2,0,0,0,5,0,0.158852344296711,1,0,20.91,21.0,1
1,0,5,0,0,0,0,1,0.1577326801959412,0,0,1.15,1.0,0
1,0,5,0,0,0,2,0,0.0100769769069279,0,0,0.6,1.0,0
1,2,2,0,0,1,3,0,0.158852344296711,1,0,244.93,245.0,1
0,0,0,0,0,0,0,1,0.1577326801959412,0,0,0.89,1.0,0
0,0,2,0,0,0,1,0,0.0594821553533939,0,0,0.88,1.0,0
1,0,0,0,0,0,8,0,0.0138558432470258,0,0,1.6,0.0,0
1,0,2,0,0,0,3,0,0.0001399580125962,0,0,25.93,26.0,0
1,0,0,0,0,0,2,1,0.1577326801959412,1,1,7.23,68.0,1
1,0,0,0,0,0,0,0,0.0660601819454163,1,0,0.67,1.0,1
1,0,0,0,1,1,24,1,0.1577326801959412,1,0,1.11,1.0,1
1,2,0,0,0,0,1,0,0.158852344296711,0,0,0.02,2.0,0
1,0,3,0,0,0,2,1,0.0058782365290412,1,0,0.21,2.0,0
0,0,0,0,0,0,3,1,0.1577326801959412,0,0,1.07,1.0,0
1,0,2,0,0,0,3,0,0.0026592022393282,0,0,40.96,139.0,0
1,0,2,0,0,0,0,0,0.008257522743177,0,0,6.93,7.0,0
1,0,0,0,0,0,2,1,0.158852344296711,1,1,11.6,12.0,1
1,0,3,0,0,0,1,1,0.1577326801959412,0,0,0.88,1.0,0
1,0,0,0,0,0,9,1,0.1577326801959412,0,0,1.64,2.0,0
0,0,0,0,0,0,0,0,0.0061581525542337,1,1,1.11,1.0,1
1,1,5,0,0,0,14,0,0.0001399580125962,1,0,4.02,22.0,1
0,0,0,0,0,0,1,1,0.0188943317004898,0,0,2.02,2.0,0
0,1,0,0,0,0,0,1,0.0022393282015395,0,0,0.86,1.0,0
1,2,2,0,0,0,0,0,0.0594821553533939,1,0,1.36,1.0,1
1,0,2,0,0,0,5,1,0.158852344296711,0,0,104.99,137.0,0
1,0,2,0,0,0,9,0,0.158852344296711,1,1,116.92,0.0,1
0,0,2,0,0,0,1,0,0.0660601819454163,0,0,0.12,0.0,0
1,1,0,0,0,0,0,0,0.0005598320503848,1,0,26.01,1.0,1
1,0,0,0,0,1,5,0,0.0002799160251924,1,0,236.22,1.0,1
1,1,0,0,0,0,10,0,0.158852344296711,0,0,1.28,544.0,0
0,1,0,0,0,0,7,1,0.1577326801959412,0,0,18.9,19.0,0
1,1,2,0,0,0,3,1,0.1577326801959412,0,0,0.55,1.0,0
1,1,5,0,0,0,10,0,0.0660601819454163,1,0,181.99,182.0,1
1,0,2,0,0,0,0,1,0.1577326801959412,1,0,5.91,1.0,1
1,2,0,0,0,1,2,0,0.0001399580125962,1,0,10.89,11.0,1
1,0,3,0,0,0,3,1,0.0138558432470258,1,0,2.07,11.0,1
1,0,2,0,2,1,9,0,0.158852344296711,0,0,54.13,54.0,0
1,2,0,0,0,1,0,1,0.1577326801959412,1,0,35.01,15.0,1
1,0,1,0,0,0,0,1,0.1577326801959412,0,0,0.75,1.0,0
1,0,0,0,0,0,5,0,0.0106368089573128,1,0,5.01,5.0,1
1,1,0,0,0,0,0,1,0.1577326801959412,1,0,0.23,0.0,1
1,0,0,0,0,0,5,0,0.0043386983904828,1,0,2.2,2.0,0
1,1,0,0,0,0,13,0,0.009517144856543,1,0,242.31,78.0,1
1,0,0,0,0,0,2,0,0.0106368089573128,1,0,0.18,0.0,0
1,1,3,0,0,0,1,1,0.0188943317004898,0,0,167.38,167.0,0
1,0,5,0,0,0,3,1,0.1577326801959412,1,1,0.71,1.0,1
1,2,0,0,1,1,1,0,0.010776766969909,1,0,5.16,5.0,1
1,1,2,0,0,0,0,1,0.0103568929321203,0,0,0.67,1.0,0
1,0,0,0,0,0,7,0,0.0054583624912526,1,0,4.06,4.0,1
1,0,0,0,0,0,0,1,0.1577326801959412,0,0,1.02,1.0,0
1,0,2,0,0,0,4,0,0.009517144856543,1,0,5.17,5.0,1
0,0,0,0,0,0,2,0,0.0078376487053883,0,0,77.66,78.0,0
0,2,0,0,0,0,2,1,0.0012596221133659,0,0,30.89,0.0,0
1,2,0,0,0,0,4,0,0.0137158852344296,1,0,51.03,51.0,1
1,0,2,0,0,0,0,1,0.0134359692092372,1,0,1.32,1.0,1
1,2,0,1,1,0,2,0,0.158852344296711,0,0,21.66,22.0,0
1,0,2,0,0,0,0,0,0.0660601819454163,0,0,0.21,0.0,0
1,0,5,0,0,0,1,0,0.0051784464660601,0,0,0.94,1.0,0
1,0,0,0,0,0,2,0,0.0660601819454163,1,1,19.3,22.0,1
1,0,2,0,0,0,5,0,0.0660601819454163,0,0,30.01,30.0,0
0,2,2,0,0,0,1,0,0.0594821553533939,0,0,1.28,2.0,0
1,1,2,0,0,0,0,1,0.0008397480755773,1,0,0.84,16.0,1
1,0,2,0,0,0,1,0,0.0660601819454163,0,0,59.05,8.0,0
1,1,2,0,0,0,0,1,0.1577326801959412,1,1,30.2,30.0,1
1,0,0,1,0,0,7,0,0.0594821553533939,1,1,1.02,1.0,1
1,0,2,0,0,0,0,1,0.0079776067179846,1,0,0.97,0.0,1
0,2,0,0,0,0,1,0,0.0076976906927921,1,0,1.06,1.0,1
1,0,0,0,0,0,2,0,0.0279916025192442,1,0,0.61,1.0,1
0,0,3,0,0,2,10,0,0.0022393282015395,1,1,0.69,1.0,1
1,0,0,0,1,1,10,0,0.0040587823652904,1,0,7.94,1.0,1
0,0,2,0,0,0,1,1,0.1577326801959412,0,0,0.63,1.0,0
1,0,0,0,1,3,12,1,0.1577326801959412,1,1,1.75,1.0,1
1,1,5,0,0,0,0,1,0.1577326801959412,0,0,0.86,1.0,0
1,2,2,0,0,1,1,1,0.001959412176347,0,0,0.68,1.0,0
1,0,2,0,0,0,1,0,0.158852344296711,0,0,2.08,2.0,0
1,2,3,0,0,0,0,0,0.0594821553533939,0,0,0.89,1.0,0
1,0,0,0,0,0,0,0,0.0279916025192442,0,0,5.01,5.0,0
1,2,0,0,0,0,1,0,0.0065780265920223,1,0,1.25,1.0,1
1,0,2,0,0,0,10,1,0.0134359692092372,0,0,0.58,0.0,0
1,0,2,0,0,0,2,1,0.0029391182645206,1,1,34.23,34.0,1
1,0,0,0,0,0,5,1,0.1577326801959412,0,0,2.08,2.0,0
1,1,2,0,0,0,0,1,0.1577326801959412,0,0,0.78,1.0,0
1,2,0,0,0,0,0,0,0.158852344296711,0,0,1.64,0.0,0
1,0,0,0,0,0,8,1,0.1577326801959412,0,0,1.22,1.0,0
0,0,2,0,0,0,0,0,0.0594821553533939,0,0,1.01,1.0,0
1,1,2,0,0,0,5,0,0.0029391182645206,1,0,3.92,4.0,1
1,0,0,0,0,0,5,0,0.0043386983904828,1,0,0.9,1.0,1
0,1,2,0,0,0,1,0,0.0009797060881735,0,0,0.55,0.0,0
0,0,2,0,0,0,0,1,0.1577326801959412,0,0,1.18,1.0,0
1,0,5,0,0,0,6,0,0.0043386983904828,1,0,1.28,2.0,1
1,1,2,0,0,0,20,0,0.0660601819454163,1,0,46.22,82.0,1
1,0,0,0,0,1,1,1,0.0134359692092372,1,0,104.75,105.0,0
1,2,0,0,0,0,0,1,0.1577326801959412,1,0,1.09,1.0,1
1,1,5,0,0,0,7,0,0.0023792862141357,1,0,12.94,1.0,1
1,0,5,0,0,0,6,1,0.005738278516445,0,0,1.19,0.0,0
1,1,0,0,0,0,6,0,0.158852344296711,0,0,24.82,25.0,0
1,0,2,0,0,0,0,1,0.0188943317004898,0,0,0.85,0.0,0
1,0,3,0,0,0,0,0,0.0138558432470258,0,0,0.97,1.0,0
1,2,0,0,0,0,1,0,0.0594821553533939,1,0,86.06,2.0,1
1,0,2,0,0,0,1,1,0.1577326801959412,0,0,0.89,1.0,0
1,0,3,0,0,0,0,1,0.1577326801959412,0,0,1.16,1.0,0
1,0,2,0,0,0,0,1,0.1577326801959412,1,0,15.96,16.0,1
1,0,0,0,0,0,9,1,0.158852344296711,1,0,38.74,84.0,1
0,1,0,0,0,0,0,1,0.1577326801959412,0,0,1.0,1.0,0
1,0,0,0,0,0,1,1,0.0090972708187543,0,0,1.28,2.0,0
1,1,2,0,0,0,0,1,0.1577326801959412,0,0,0.64,1.0,0
1,0,2,0,0,0,2,1,0.1577326801959412,0,0,0.68,0.0,0
1,0,3,0,0,0,8,0,0.0033589923023093,1,0,10.02,10.0,1
1,1,3,0,0,0,0,0,0.0023792862141357,0,0,1.07,1.0,0
1,2,0,0,0,0,0,1,0.1577326801959412,0,0,12.93,13.0,0
1,1,0,0,0,0,10,0,0.0660601819454163,0,0,30.24,30.0,0
1,2,0,1,0,1,1,0,0.158852344296711,1,0,5.19,338.0,1
1,0,2,0,0,0,17,0,0.009517144856543,0,0,180.27,180.0,0
1,0,3,0,0,0,0,0,0.0134359692092372,1,1,0.11,1.0,1
1,0,2,0,0,0,2,0,0.009517144856543,1,0,1.98,9.0,1
1,1,0,0,0,0,3,1,0.0062981105668299,1,0,31.11,3.0,1
0,1,2,0,0,0,0,0,0.009517144856543,1,0,118.0,33.0,1
1,2,0,0,0,0,0,1,0.001959412176347,1,0,0.13,0.0,1
1,0,0,0,0,0,4,0,0.158852344296711,0,0,70.0,70.0,0
0,0,2,0,0,0,9,0,0.158852344296711,1,0,4.59,1.0,1
0,0,0,0,0,0,1,0,0.158852344296711,0,0,5.69,6.0,0
1,1,0,0,0,0,6,0,0.0660601819454163,0,0,1.05,8.0,0
1,0,0,0,0,0,12,0,0.0036389083275017,1,0,0.95,1.0,1
1,0,2,0,0,0,1,0,0.0029391182645206,0,0,29.32,29.0,0
0,0,2,0,0,0,3,0,0.0006997900629811,0,0,1.28,2.0,0
1,2,0,0,0,0,2,0,0.0594821553533939,1,0,22.76,1.0,1
1,0,2,0,0,0,0,1,0.0015395381385584,0,0,0.61,1.0,0
0,1,0,0,0,0,1,1,0.0062981105668299,1,0,0.68,2.0,1
0,1,0,1,0,0,10,0,0.158852344296711,1,0,65.21,65.0,0
0,1,5,0,0,0,0,0,0.0001399580125962,0,0,1.07,1.0,0
1,2,2,0,0,2,1,0,0.0002799160251924,1,0,1.64,4.0,1
1,2,0,0,0,0,0,0,0.0594821553533939,1,1,42.1,42.0,1
1,2,0,0,0,0,0,0,0.0117564730580825,1,0,46.98,47.0,0
1,2,0,0,0,0,0,0,0.0594821553533939,0,0,2.13,153.0,0
1,1,0,0,0,0,3,0,0.158852344296711,0,0,2.09,2.0,0
1,0,0,0,13,1,21,0,0.0279916025192442,1,0,117.76,104.0,1
1,0,3,0,0,0,5,0,0.0660601819454163,1,1,0.21,1394.0,0
1,0,0,0,0,0,12,0,0.0040587823652904,1,0,61.96,62.0,0
1,1,2,0,0,0,1,0,0.0594821553533939,0,0,1.18,1.0,0
1,0,2,0,0,0,4,0,0.0005598320503848,0,0,3.83,7.0,0
1,0,3,0,0,0,0,1,0.004478656403079,0,0,1.28,2.0,0
1,1,0,0,0,0,1,0,0.0660601819454163,0,0,1.0,25.0,0
1,0,0,0,0,0,33,0,0.158852344296711,1,0,0.62,1.0,1
1,0,0,0,0,0,1,0,0.0660601819454163,1,0,0.9,1.0,1
1,1,2,0,0,0,11,0,0.158852344296711,1,1,26.86,90.0,1
1,0,3,0,0,0,2,1,0.0079776067179846,1,0,5.97,6.0,1
1,2,2,0,0,2,1,0,0.006997900629811,0,0,0.6,1.0,0
0,2,0,0,0,0,2,0,0.001959412176347,0,0,1.28,2.0,0
1,1,2,0,0,0,3,0,0.0009797060881735,0,0,1.1,1.0,0
1,0,2,0,0,0,2,0,0.0594821553533939,1,0,0.99,1.0,1
1,0,2,0,0,0,3,0,0.0660601819454163,0,0,0.26,0.0,0
1,0,2,0,0,0,1,0,0.0594821553533939,0,0,41.99,7.0,0
1,2,0,0,0,0,0,0,0.0106368089573128,0,0,0.96,1.0,0
1,2,0,0,0,1,1,0,0.0660601819454163,0,0,0.93,1.0,0
1,1,2,0,0,0,0,1,0.0188943317004898,0,0,0.86,0.0,0
1,0,2,0,0,0,3,0,0.0005598320503848,1,0,0.51,127.0,1
1,0,0,0,0,0,3,0,0.0138558432470258,1,0,4.35,4.0,1
1,1,2,0,0,0,0,0,0.0594821553533939,1,0,24.1,1.0,1
1,2,2,0,0,0,2,0,0.0085374387683694,0,0,8.0,8.0,0
1,0,2,0,0,0,1,0,0.0036389083275017,1,0,0.25,26.0,1
1,0,0,1,0,0,15,0,0.158852344296711,0,0,54.74,55.0,0
1,0,0,0,0,0,0,0,0.158852344296711,0,0,3.59,4.0,0
1,0,0,0,0,0,10,0,0.0018194541637508,1,0,0.76,242.0,1
0,2,0,0,1,0,3,1,0.0023792862141357,0,0,1.12,1.0,0
1,0,2,0,0,0,6,1,0.1577326801959412,1,0,0.22,0.0,1
1,0,0,0,0,0,9,0,0.0002799160251924,1,0,53.09,53.0,1
1,1,0,0,0,0,2,0,0.008257522743177,0,0,1.28,176.0,0
1,2,5,0,0,0,5,1,0.158852344296711,0,0,5.35,7.0,0
1,0,2,0,0,0,9,0,0.0001399580125962,0,0,0.23,1.0,0
0,0,0,0,3,2,10,0,0.0660601819454163,1,0,0.27,1686.0,1
1,0,5,0,1,0,5,0,0.158852344296711,0,0,1.31,54.0,0
1,1,2,0,0,0,7,0,0.0594821553533939,0,0,9.05,9.0,0
1,1,3,0,0,0,2,0,0.0005598320503848,0,0,98.16,98.0,0
1,0,0,0,0,0,0,0,0.0100769769069279,1,0,1.21,1.0,1
1,1,0,0,0,0,23,0,0.158852344296711,1,1,30.19,260.0,1
0,0,2,0,0,0,8,0,0.0053184044786564,1,0,31.85,32.0,1
1,1,2,0,0,0,3,0,0.0117564730580825,0,0,23.15,13.0,0
0,2,2,0,0,0,0,1,0.1577326801959412,0,0,1.21,1.0,0
0,0,0,0,0,0,2,0,0.158852344296711,0,0,14.88,21.0,0
1,0,0,0,1,0,2,1,0.1577326801959412,1,1,2.1,3.0,1
1,0,2,0,0,0,2,1,0.0076976906927921,1,0,14.62,2.0,1
1,1,0,0,0,0,13,0,0.0004198740377886,1,0,1.04,114.0,1
1,2,0,0,0,0,5,1,0.158852344296711,1,1,1.01,150.0,1
1,0,0,0,0,0,6,1,0.158852344296711,1,1,19.24,8.0,0
1,2,0,0,0,0,0,1,0.0002799160251924,1,0,0.88,1.0,1
1,0,3,0,0,0,8,0,0.0279916025192442,1,0,13.04,13.0,1
0,1,0,0,0,0,1,0,0.0660601819454163,0,0,1.04,1.0,0
1,0,2,0,0,0,2,0,0.158852344296711,0,0,29.04,29.0,0
1,0,2,0,0,0,10,1,0.1577326801959412,0,0,1.08,1.0,0
1,0,2,0,0,0,2,0,0.0594821553533939,0,0,2.05,56.0,0
0,0,0,0,0,0,3,0,0.0029391182645206,0,0,0.88,7.0,0
1,0,0,0,0,0,1,0,0.009517144856543,0,0,3.16,15.0,0
1,0,2,0,0,0,2,1,0.158852344296711,0,0,1.02,1.0,0
1,0,0,0,0,1,5,0,0.0076976906927921,0,0,6.45,30.0,0
1,0,3,0,0,0,1,1,0.1577326801959412,1,0,0.24,0.0,1
1,1,2,0,0,0,0,1,0.1577326801959412,0,0,2.25,2.0,0
0,2,0,0,0,0,1,0,0.158852344296711,0,0,1.28,2.0,0
1,0,0,0,0,0,2,0,0.010776766969909,1,1,3.82,6.0,1
1,0,0,0,0,0,7,0,0.158852344296711,0,0,195.1,195.0,0
1,1,2,0,0,0,3,1,0.0012596221133659,1,1,25.21,25.0,1
1,0,0,0,0,0,3,0,0.0660601819454163,1,0,2.07,1.0,1
0,1,2,0,0,0,1,1,0.001959412176347,1,0,1.11,0.0,1
0,0,0,0,0,0,0,0,0.0134359692092372,1,0,0.25,0.0,1
0,2,0,0,0,0,0,1,0.1577326801959412,0,0,0.63,1.0,0
1,0,0,0,0,0,6,0,0.158852344296711,1,1,13.99,4.0,1
1,2,5,0,0,0,3,1,0.1577326801959412,1,1,3.08,3.0,1
0,0,0,0,1,0,4,0,0.0660601819454163,0,0,1.87,31.0,0
0,0,3,0,0,0,0,1,0.1577326801959412,0,0,0.13,0.0,0
1,0,0,0,0,0,14,0,0.158852344296711,1,0,22.94,23.0,1
1,2,2,0,0,0,1,1,0.001959412176347,0,0,2.91,3.0,0
1,1,2,0,0,0,3,0,0.0001399580125962,1,0,13.1,41.0,1
0,0,0,0,0,0,3,0,0.0594821553533939,0,0,1.05,1.0,0
0,0,0,0,0,0,4,0,0.0009797060881735,1,0,0.99,9.0,1
1,1,5,0,0,0,5,0,0.158852344296711,0,0,91.28,91.0,0
1,2,2,0,0,0,2,0,0.0660601819454163,1,0,0.85,42.0,1
1,0,0,0,0,0,2,0,0.0001399580125962,1,0,0.77,1.0,1
1,0,0,0,0,0,0,0,0.0040587823652904,0,0,2.0,46.0,0
1,0,2,0,0,0,0,1,0.0067179846046186,0,0,0.98,1.0,0
0,0,0,0,0,0,3,0,0.158852344296711,0,0,30.36,1.0,0
1,0,0,0,0,0,1,0,0.0054583624912526,1,0,1.74,64.0,1
1,0,2,0,0,0,6,0,0.001959412176347,1,1,0.78,23.0,1
1,1,0,0,0,0,3,0,0.158852344296711,1,0,8.1,1.0,0
1,2,0,0,0,0,1,1,0.1577326801959412,1,1,0.88,1.0,1
0,0,2,0,0,0,1,0,0.0076976906927921,0,0,0.97,45.0,0
1,0,0,0,0,0,0,0,0.010776766969909,0,0,141.98,142.0,0
0,0,5,0,0,0,0,1,0.1577326801959412,0,0,0.89,1.0,0
1,0,2,0,0,0,9,0,0.158852344296711,1,0,8.12,164.0,1
0,0,5,0,0,0,0,0,0.158852344296711,0,0,4.21,4.0,0
1,1,3,0,0,0,3,1,0.1577326801959412,0,0,1.28,2.0,0
1,1,5,0,0,0,0,1,0.1577326801959412,0,0,1.24,1.0,0
1,2,0,1,0,1,9,1,0.158852344296711,1,1,4.11,296.0,1
1,0,0,2,1,1,16,0,0.0594821553533939,1,0,52.93,410.0,1
1,0,3,0,0,0,0,1,0.1577326801959412,0,0,4.15,4.0,0
1,2,2,0,0,0,0,1,0.1577326801959412,1,0,1.28,1.0,1
1,2,0,0,0,0,0,0,0.0001399580125962,0,0,1.36,1.0,0
1,2,3,0,0,0,6,1,0.0134359692092372,0,0,34.24,34.0,0
1,2,0,0,1,0,7,0,0.0051784464660601,1,1,1.22,4.0,1
0,1,3,0,0,0,2,0,0.158852344296711,0,0,1.28,2.0,0
1,1,3,0,0,0,0,1,0.0002799160251924,0,0,0.54,0.0,0
1,0,3,0,0,0,0,1,0.0058782365290412,0,0,1.28,2.0,0
1,2,5,0,0,0,3,0,0.158852344296711,1,0,49.65,50.0,1
1,1,2,0,0,0,0,0,0.0043386983904828,0,0,0.87,1.0,0
1,1,0,0,0,0,19,0,0.158852344296711,0,0,1.28,964.0,0
0,0,0,0,0,0,4,0,0.158852344296711,1,0,0.16,1.0,1
1,0,5,0,0,0,1,0,0.0660601819454163,0,0,1.12,18.0,0
1,1,0,0,0,0,1,1,0.005738278516445,1,1,10.32,5.0,0
1,1,2,0,0,0,0,0,0.0138558432470258,1,1,35.79,79.0,1
1,1,0,0,0,0,3,0,0.0053184044786564,1,0,39.26,8.0,1
1,0,0,0,0,0,14,0,0.0279916025192442,0,0,1.06,1.0,0
1,0,2,0,0,0,0,1,0.1577326801959412,0,0,1.12,1.0,0
1,0,0,0,2,0,21,0,0.0279916025192442,1,1,1.06,106.0,0
0,0,0,0,0,0,3,0,0.0134359692092372,1,0,0.71,0.0,1
1,1,5,0,0,0,4,0,0.0279916025192442,0,0,1.1,1.0,0
1,0,0,0,0,0,1,0,0.0117564730580825,0,0,1.02,7.0,0
1,2,0,0,1,0,1,0,0.0137158852344296,1,1,0.19,1980.0,1
1,0,0,0,0,0,9,0,0.0134359692092372,1,0,17.08,17.0,1
1,0,3,0,0,0,1,1,0.0012596221133659,0,0,1.67,2.0,0
1,1,0,1,0,1,9,0,0.0594821553533939,1,0,115.98,74.0,1
1,2,0,0,0,1,0,0,0.0594821553533939,1,0,6.51,1.0,1
0,0,2,0,0,0,2,0,0.158852344296711,1,0,62.11,62.0,1
1,2,0,0,1,1,3,1,0.1577326801959412,1,0,17.96,247.0,1
1,0,2,0,0,0,1,0,0.0036389083275017,0,0,14.23,14.0,0
1,1,2,0,0,0,4,0,0.0100769769069279,0,0,1.23,1.0,0
1,2,0,0,0,0,0,0,0.0134359692092372,1,0,0.98,1.0,0
0,1,3,0,0,0,2,1,0.1577326801959412,0,0,0.08,0.0,0
1,1,0,0,0,0,8,1,0.0079776067179846,1,0,0.57,0.0,1
1,0,0,0,0,0,4,0,0.0134359692092372,1,0,1.01,1.0,1
1,2,0,0,1,0,4,0,0.0012596221133659,1,0,143.93,161.0,1
1,0,0,0,0,0,5,0,0.0660601819454163,0,0,1.04,55.0,0
1,2,2,0,0,0,0,1,0.1577326801959412,1,0,9.07,1.0,1
1,1,3,0,0,0,10,1,0.1577326801959412,1,1,13.02,13.0,1
0,0,2,0,0,0,1,1,0.1577326801959412,1,0,4.25,0.0,1
1,0,5,0,0,0,0,0,0.0043386983904828,1,0,1.18,1.0,1
1,0,3,0,0,0,1,1,0.0058782365290412,0,0,3.13,3.0,0
1,0,0,0,0,0,3,0,0.0022393282015395,1,0,0.92,2.0,1
1,1,5,0,0,0,0,1,0.0067179846046186,0,0,0.97,1.0,0
1,0,0,0,3,0,10,0,0.0004198740377886,1,0,3.84,18.0,1
1,1,0,0,0,0,1,0,0.158852344296711,0,0,26.22,26.0,0
1,2,0,0,0,0,1,1,0.1577326801959412,0,0,1.18,1.0,0
1,0,0,0,0,0,1,0,0.158852344296711,0,0,0.9,1.0,0
1,2,0,0,1,0,2,0,0.0594821553533939,1,0,0.55,0.0,1
1,1,3,0,0,0,4,0,0.006997900629811,0,0,1.28,2.0,0
1,2,0,0,0,0,6,0,0.0078376487053883,1,0,1.1,70.0,1
1,0,2,6,1,0,17,0,0.0660601819454163,1,0,181.07,181.0,1
1,0,0,0,0,0,1,0,0.158852344296711,0,0,0.83,73.0,0
1,0,0,0,0,0,6,0,0.0064380685794261,1,0,0.58,7.0,1
1,0,2,0,0,0,1,1,0.0090972708187543,0,0,43.12,43.0,0
1,0,2,0,0,0,2,1,0.1577326801959412,0,0,1.23,1.0,0
1,0,2,0,2,1,10,0,0.0001399580125962,1,0,6.73,0.0,1
1,2,2,0,0,0,4,1,0.1577326801959412,1,0,0.86,1.0,1
1,1,0,0,0,0,10,0,0.0660601819454163,1,0,1.88,44.0,1
1,0,0,0,0,0,9,0,0.0106368089573128,1,0,0.18,0.0,1
1,1,3,0,0,0,3,0,0.0279916025192442,0,0,13.8,344.0,0
1,0,2,0,0,0,1,0,0.0137158852344296,1,0,8.79,4.0,1
1,0,2,0,0,0,1,0,0.0016794961511546,0,0,1.06,1.0,0
1,0,2,0,0,0,1,0,0.158852344296711,0,0,0.9,1.0,0
1,0,0,0,0,0,2,0,0.0594821553533939,1,0,0.87,0.0,1
1,2,0,0,0,0,0,1,0.1577326801959412,1,0,1.15,1.0,1
1,0,0,0,1,0,4,0,0.158852344296711,1,0,19.1,0.0,1
1,0,0,0,0,0,0,0,0.0034989503149055,1,0,5.84,15.0,1
1,0,3,0,0,0,14,0,0.0594821553533939,1,0,40.74,27.0,1
0,0,2,0,0,0,0,1,0.1577326801959412,0,0,1.91,2.0,0
1,0,0,0,0,0,19,0,0.158852344296711,1,1,0.93,2.0,1
1,0,2,0,0,0,0,1,0.0012596221133659,0,0,0.93,1.0,0
1,0,0,0,0,0,6,0,0.0043386983904828,1,0,34.94,35.0,1
1,0,2,0,0,0,0,1,0.0022393282015395,1,0,1.0,1.0,1
0,0,2,0,0,2,2,0,0.158852344296711,1,0,1.22,42.0,1
1,0,0,0,0,0,8,0,0.158852344296711,1,0,64.97,65.0,1
1,0,0,0,0,0,0,0,0.0594821553533939,0,0,0.61,1.0,0
1,1,0,0,0,0,8,0,0.0660601819454163,1,0,5.16,10.0,0
1,2,2,0,0,0,1,1,0.1577326801959412,1,1,0.61,1.0,1
0,0,0,0,0,0,6,1,0.158852344296711,1,0,0.99,0.0,1
1,0,0,0,0,0,6,0,0.009517144856543,1,0,39.06,18.0,1
1,0,0,0,0,0,0,0,0.0138558432470258,0,0,1.33,1.0,0
1,0,2,0,0,0,4,0,0.0078376487053883,0,0,47.85,48.0,0
0,2,2,0,0,1,2,0,0.0001399580125962,0,0,0.15,0.0,0
1,1,0,0,0,0,13,1,0.0008397480755773,1,1,6.11,56.0,1
1,2,2,0,0,1,0,0,0.0034989503149055,1,1,18.86,19.0,1
0,0,2,0,0,0,5,0,0.0594821553533939,0,0,55.32,55.0,0
0,2,0,0,0,0,0,0,0.009517144856543,0,0,2.27,2.0,0
1,0,0,0,0,0,3,0,0.158852344296711,0,0,1.25,1.0,0
0,0,0,0,0,0,5,0,0.0090972708187543,1,0,33.74,34.0,1
0,0,2,0,0,0,0,1,0.0188943317004898,0,0,0.31,0.0,0
1,2,0,0,0,0,0,1,0.1577326801959412,0,0,1.21,1.0,0
1,0,2,0,1,1,3,0,0.0001399580125962,0,0,65.33,65.0,0
1,0,2,0,0,0,0,0,0.0137158852344296,0,0,11.8,12.0,0
1,2,0,0,0,0,1,0,0.0008397480755773,1,0,20.91,22.0,1
1,2,0,0,0,0,0,1,0.0002799160251924,1,0,1.85,2.0,0
0,1,0,0,0,0,1,0,0.0134359692092372,0,0,0.84,1.0,0
1,2,0,0,0,0,3,0,0.0594821553533939,1,0,53.26,8.0,1
1,2,0,0,0,0,1,0,0.0660601819454163,1,0,75.03,247.0,1
0,2,0,0,0,0,1,0,0.158852344296711,1,0,0.8,1.0,1
0,0,2,0,0,0,7,0,0.0026592022393282,1,0,6.99,153.0,1
0,2,0,0,0,0,1,1,0.1577326801959412,1,0,1.28,2.0,1
1,0,2,0,0,0,2,0,0.158852344296711,1,1,10.05,10.0,1
1,0,2,0,0,0,2,1,0.1577326801959412,0,0,40.93,41.0,0
1,2,5,0,2,0,7,0,0.0051784464660601,1,1,9.29,6.0,1
0,2,0,0,0,0,2,0,0.0134359692092372,1,1,1.02,1.0,1
1,0,2,0,0,0,0,0,0.0660601819454163,0,0,0.84,0.0,0
1,2,0,1,0,0,2,1,0.0012596221133659,1,0,506.2,506.0,1
1,0,0,0,0,0,1,0,0.158852344296711,0,0,0.97,118.0,0
1,1,0,0,0,0,12,0,0.158852344296711,0,0,1.28,920.0,0
1,0,0,0,0,0,1,1,0.1577326801959412,1,0,1.12,1.0,1
1,0,0,1,3,0,24,1,0.0062981105668299,1,1,85.87,86.0,1
1,0,0,0,0,0,1,0,0.158852344296711,0,0,5.86,6.0,0
1,0,2,0,0,0,3,1,0.0029391182645206,0,0,1.06,1.0,0
1,2,3,0,0,0,0,1,0.1577326801959412,1,0,1.28,113.0,1
0,0,0,0,0,0,0,1,0.1577326801959412,0,0,1.28,2.0,0
1,1,2,0,0,0,0,0,0.0660601819454163,1,1,1.99,7.0,0
0,0,2,0,0,0,1,1,0.1577326801959412,1,1,1.2,34.0,1
0,2,0,0,0,0,0,1,0.0016794961511546,0,0,0.93,1.0,0
0,0,0,0,0,0,0,1,0.0029391182645206,0,0,1.0,1.0,0
1,0,0,0,0,0,7,0,0.010776766969909,1,0,4.32,1.0,1
1,1,0,0,0,0,6,0,0.158852344296711,0,0,1.73,2.0,0
0,0,2,0,0,0,2,0,0.0660601819454163,1,0,27.18,21.0,1
1,0,0,0,0,0,5,1,0.1577326801959412,1,0,51.69,52.0,1
1,0,3,0,0,0,7,0,0.0009797060881735,0,0,1.3,1.0,0
1,0,2,0,0,1,6,1,0.0054583624912526,1,0,1.35,28.0,1
1,0,0,0,0,0,8,0,0.158852344296711,1,1,27.62,28.0,1
1,1,2,0,0,0,0,1,0.1577326801959412,0,0,1.01,1.0,0
1,0,0,0,0,0,1,0,0.0074177746675997,0,0,1.28,2.0,0
1,0,0,0,0,0,5,0,0.158852344296711,1,1,30.36,30.0,1
1,2,0,0,0,0,0,0,0.010776766969909,1,0,1.31,0.0,1
1,1,2,0,0,0,26,0,0.0660601819454163,1,0,1.07,228.0,1
1,0,0,0,1,0,10,0,0.158852344296711,1,0,243.68,244.0,1
1,2,0,0,1,0,2,0,0.0660601819454163,1,0,0.97,36.0,1
1,0,4,1,0,0,9,1,0.0030790762771168,1,1,54.27,54.0,1
1,0,0,5,0,0,10,0,0.158852344296711,1,0,4.66,5.0,1
0,1,0,0,0,0,0,1,0.0062981105668299,0,0,77.74,78.0,0
1,0,0,0,0,0,0,1,0.1577326801959412,0,0,7.26,7.0,0
1,2,0,0,4,0,7,0,0.158852344296711,1,0,11.04,7.0,1
1,0,0,0,0,0,3,0,0.0029391182645206,1,1,15.79,1.0,1
1,0,0,0,0,0,7,0,0.158852344296711,0,0,0.91,1.0,0
0,0,2,0,0,0,0,1,0.0188943317004898,0,0,0.85,5.0,0
1,0,3,0,0,0,1,1,0.1577326801959412,0,0,0.8,1.0,0
1,0,0,0,0,0,1,0,0.0134359692092372,0,0,1.84,2.0,0
1,2,0,0,0,0,0,0,0.0054583624912526,1,0,2.12,2.0,1
1,0,0,0,0,0,2,1,0.0134359692092372,0,0,0.77,1.0,0
1,0,0,0,0,0,1,1,0.158852344296711,1,0,1.61,4.0,1
1,0,2,0,0,1,18,0,0.009517144856543,1,0,178.96,179.0,1
1,0,3,0,0,0,1,0,0.158852344296711,1,0,155.04,160.0,1
0,0,0,0,0,0,3,0,0.0279916025192442,1,0,0.29,1.0,1
1,2,2,0,0,0,0,0,0.0106368089573128,1,0,0.75,29.0,1
1,0,0,0,0,0,0,1,0.1577326801959412,1,0,1.29,1.0,1
1,1,0,0,0,0,6,1,0.0054583624912526,1,0,8.05,8.0,1
0,1,0,0,0,0,4,0,0.0090972708187543,0,0,13.35,104.0,0
0,2,2,0,0,0,1,1,0.1577326801959412,0,0,1.06,1.0,0
1,0,0,1,0,0,2,0,0.0040587823652904,1,0,24.12,24.0,1
1,2,5,0,0,0,0,0,0.0594821553533939,1,0,6.9,7.0,1
1,0,2,0,0,0,0,1,0.0079776067179846,1,0,0.19,1.0,1
1,0,0,0,0,0,5,0,0.0106368089573128,1,0,0.24,1.0,1
1,0,0,0,0,0,1,1,0.1577326801959412,0,0,3.99,4.0,0
0,1,2,0,0,0,2,0,0.158852344296711,0,0,0.28,0.0,0
1,0,0,0,0,0,1,0,0.158852344296711,1,0,57.17,57.0,1
1,0,0,1,8,5,23,0,0.0040587823652904,1,0,1.88,0.0,1
1,0,0,0,2,1,25,1,0.1577326801959412,1,0,1.0,0.0,1
1,0,0,0,0,0,18,0,0.0023792862141357,1,1,12.07,18.0,1
1,1,0,0,0,0,1,1,0.158852344296711,0,0,1.97,2.0,0
1,0,0,0,0,0,11,0,0.0279916025192442,1,0,0.88,1.0,0
0,0,0,0,0,0,2,0,0.158852344296711,0,0,1.28,2.0,0
0,0,2,0,0,0,0,0,0.0030790762771168,0,0,1.17,1.0,0
1,0,3,0,0,1,9,0,0.0076976906927921,1,0,0.89,12.0,1
1,0,2,1,0,0,9,0,0.158852344296711,0,0,0.95,1.0,0
1,0,2,0,0,1,8,1,0.0079776067179846,0,0,0.98,0.0,0
1,2,0,1,0,0,7,0,0.0022393282015395,1,0,10.84,41.0,1
1,2,5,0,0,0,0,0,0.0034989503149055,1,0,1.28,1.0,1
1,0,2,0,0,0,0,0,0.001959412176347,0,0,0.83,32.0,0
1,0,0,0,0,0,7,0,0.0023792862141357,0,0,19.09,1.0,0
0,0,0,0,0,0,0,1,0.1577326801959412,1,0,3.98,4.0,1
1,0,0,0,0,0,1,0,0.0134359692092372,0,0,0.92,1.0,0
1,0,0,0,0,0,3,1,0.0079776067179846,0,0,1.14,1.0,0
1,0,3,0,0,0,3,1,0.1577326801959412,1,0,2.31,2.0,1
0,0,0,0,0,0,3,0,0.158852344296711,0,0,61.85,1.0,0
1,0,0,1,0,0,26,0,0.0023792862141357,1,0,0.91,3.0,1
0,0,5,0,0,0,0,1,0.0067179846046186,0,0,2.06,2.0,0
1,1,2,0,0,0,1,0,0.0090972708187543,0,0,0.9,1.0,0
1,1,2,0,0,0,1,0,0.158852344296711,0,0,0.69,1.0,0
1,2,0,0,0,0,1,1,0.1577326801959412,0,0,2.27,2.0,0
1,0,0,0,0,0,0,0,0.0090972708187543,0,0,1.13,6.0,0
1,1,0,0,0,0,11,0,0.158852344296711,0,0,1.1,1.0,0
1,1,2,0,0,0,13,0,0.0134359692092372,0,0,0.63,1.0,0
1,0,0,0,4,4,9,0,0.0001399580125962,1,0,0.98,7.0,1
0,0,2,0,0,0,1,0,0.0660601819454163,0,0,39.19,39.0,0
1,0,5,0,0,0,1,1,0.0090972708187543,1,0,0.78,1.0,1
1,2,5,0,0,0,0,1,0.1577326801959412,1,0,4.69,5.0,1
1,1,0,1,0,0,8,1,0.1577326801959412,1,0,0.87,1.0,1
0,0,0,0,0,0,5,0,0.0076976906927921,1,1,0.83,0.0,1
1,1,0,0,0,0,0,0,0.0594821553533939,0,0,0.76,1.0,0
1,0,3,0,0,0,1,0,0.158852344296711,0,0,1.28,2.0,0
1,1,0,0,0,0,0,1,0.1577326801959412,1,1,1.28,1.0,1
1,0,2,0,0,0,0,0,0.0594821553533939,0,0,8.99,9.0,0
1,2,0,0,0,3,2,0,0.0051784464660601,1,0,0.23,0.0,1
1,2,0,1,0,0,1,0,0.158852344296711,1,0,0.88,144.0,1
0,0,0,0,2,0,10,0,0.0078376487053883,0,0,1.24,6.0,0
1,2,2,0,0,0,8,0,0.158852344296711,1,0,37.08,37.0,0
0,0,2,0,0,0,2,0,0.0065780265920223,1,0,1.1,1.0,1
1,0,0,0,0,0,0,1,0.0058782365290412,1,0,33.97,34.0,1
1,0,2,0,0,0,0,0,0.0106368089573128,0,0,0.62,1.0,0
1,0,3,0,0,0,0,0,0.0279916025192442,0,0,1.28,2.0,0
1,0,3,0,0,0,3,1,0.0090972708187543,0,0,0.96,1.0,0
1,0,2,0,0,0,0,0,0.0594821553533939,0,0,0.99,1.0,0
1,0,0,0,0,0,4,1,0.1577326801959412,1,0,0.54,0.0,1
1,0,0,0,0,0,0,0,0.0138558432470258,1,1,0.69,1.0,1
1,1,2,0,0,0,2,0,0.0001399580125962,0,0,0.73,11.0,0
0,1,2,0,0,0,10,0,0.0660601819454163,1,0,41.03,3.0,1
1,2,0,0,0,0,0,0,0.0594821553533939,1,0,0.89,6.0,1
0,2,0,0,0,0,1,0,0.0053184044786564,1,0,1.75,5.0,1
1,0,0,0,0,0,0,0,0.0002799160251924,1,0,0.79,1924.0,1
1,2,0,0,0,0,1,0,0.0023792862141357,1,0,1.18,1.0,1
1,0,0,0,0,0,27,0,0.0594821553533939,0,0,1.22,1.0,0
1,1,0,0,0,0,10,0,0.0040587823652904,0,0,1.28,2523.0,0
1,0,3,0,0,0,1,1,0.0079776067179846,1,0,0.78,1.0,1
1,2,2,0,0,0,2,0,0.010776766969909,1,0,10.01,118.0,1
1,0,0,0,1,1,8,0,0.158852344296711,0,0,1.28,583.0,0
1,2,0,0,0,0,0,0,0.0117564730580825,1,1,14.84,1.0,1
1,0,2,0,0,0,2,0,0.0029391182645206,0,0,1.08,1.0,0
0,1,2,0,0,0,0,1,0.0103568929321203,0,0,0.95,1.0,0
1,2,0,0,0,0,1,0,0.0001399580125962,1,0,57.87,58.0,1
1,0,0,1,0,0,4,1,0.1577326801959412,0,0,1.28,2.0,0
1,0,0,0,0,0,0,0,0.0001399580125962,0,0,0.24,0.0,0
1,2,2,0,0,0,1,0,0.0594821553533939,0,0,1.17,1.0,0
1,0,5,0,0,0,0,1,0.1577326801959412,0,0,9.08,9.0,0
1,0,2,0,0,0,3,0,0.0001399580125962,1,0,1.07,71.0,1
0,0,0,0,0,0,1,0,0.158852344296711,0,0,1.23,1.0,0
1,1,2,0,0,0,3,1,0.0008397480755773,0,0,1.17,1.0,0
1,1,3,0,0,0,9,1,0.1577326801959412,1,0,28.91,10.0,1
1,0,0,0,0,0,0,1,0.1577326801959412,0,0,0.9,1.0,0
1,0,2,0,0,0,0,1,0.1577326801959412,1,1,2.19,1.0,1
0,1,2,0,0,0,2,0,0.0002799160251924,0,0,32.84,33.0,0
1,2,0,2,1,1,3,0,0.0051784464660601,1,0,0.82,1.0,1
1,2,5,0,0,0,2,1,0.0062981105668299,0,0,45.03,1.0,0
1,2,0,0,0,1,3,0,0.0005598320503848,1,0,0.58,63.0,1
1,1,2,0,0,0,2,0,0.0660601819454163,0,0,1.0,0.0,0
1,0,0,0,0,0,0,1,0.1577326801959412,0,0,21.83,22.0,0
0,0,2,0,0,0,0,0,0.0660601819454163,1,0,0.63,2.0,1
1,0,2,0,0,0,0,0,0.0085374387683694,0,0,1.04,1.0,0
1,2,0,0,0,0,0,1,0.0085374387683694,1,0,97.33,97.0,1
1,0,0,0,0,0,5,0,0.158852344296711,0,0,1.28,495.0,0
1,1,2,0,0,0,1,0,0.0090972708187543,0,0,1.28,2.0,0
1,2,2,0,0,0,0,0,0.0100769769069279,1,0,0.23,1.0,1
1,2,5,0,0,0,0,1,0.0011196641007697,1,0,1.13,1.0,1
1,0,2,0,0,0,3,0,0.0002799160251924,1,0,1.62,2.0,1
1,2,3,0,0,0,0,1,0.1577326801959412,0,0,2.06,2.0,0
1,0,2,0,0,0,0,0,0.0279916025192442,1,0,0.22,0.0,1
1,0,5,0,0,0,0,1,0.008257522743177,0,0,0.25,0.0,0
1,1,2,0,0,0,1,0,0.0001399580125962,1,0,30.32,22.0,1
1,0,0,0,0,0,7,0,0.158852344296711,1,0,77.87,145.0,1
0,0,0,0,0,0,11,0,0.0279916025192442,0,0,0.25,0.0,0
1,0,0,0,0,0,7,0,0.158852344296711,0,0,1.34,4.0,0
1,0,0,0,0,0,1,0,0.158852344296711,1,0,0.71,1926.0,1
0,0,0,0,0,0,15,1,0.1577326801959412,1,0,1.08,0.0,1
1,0,2,0,1,0,9,1,0.0090972708187543,0,0,0.89,5.0,0
1,0,0,0,0,0,0,0,0.158852344296711,1,0,3.22,0.0,1
1,0,0,0,0,0,4,0,0.0660601819454163,0,0,0.93,0.0,0
1,0,5,0,0,0,8,1,0.158852344296711,0,0,1.86,0.0,0
0,0,2,0,0,0,0,1,0.0012596221133659,0,0,2.29,2.0,0
1,0,2,0,0,0,5,0,0.0279916025192442,1,0,1.09,2.0,1
1,0,2,0,0,0,0,1,0.0103568929321203,1,0,0.25,0.0,1
1,0,0,0,0,0,4,0,0.158852344296711,0,0,7.94,8.0,0
1,0,3,0,0,0,0,1,0.1577326801959412,0,0,0.19,0.0,0
1,0,0,0,0,0,1,1,0.0090972708187543,1,0,0.15,0.0,1
1,1,3,0,0,0,5,0,0.0090972708187543,1,1,6.86,7.0,1
0,2,2,0,0,0,2,1,0.0594821553533939,1,0,2.23,33.0,1
1,1,2,0,0,0,0,0,0.0051784464660601,0,0,0.99,1.0,0
1,0,0,0,0,0,4,0,0.0074177746675997,0,0,0.99,1.0,0
1,1,2,0,0,0,1,0,0.0085374387683694,1,1,0.8,0.0,1
1,0,2,0,0,0,3,1,0.1577326801959412,1,0,1.0,165.0,1
1,0,2,0,0,0,1,0,0.0134359692092372,1,0,0.23,25.0,1
1,0,0,0,0,0,0,1,0.0103568929321203,1,0,1.63,2.0,1
1,0,0,0,0,0,0,1,0.1577326801959412,0,0,0.86,1.0,0
1,0,2,0,0,0,5,0,0.0117564730580825,0,0,18.82,19.0,0
1,2,0,0,0,0,0,0,0.0076976906927921,0,0,1.11,7.0,0
1,0,0,1,0,0,8,1,0.004478656403079,0,0,1.61,2.0,0
1,1,2,0,0,0,7,0,0.008257522743177,0,0,0.81,1.0,0
1,1,0,0,0,0,3,1,0.1577326801959412,1,0,1.11,4.0,1
1,1,2,0,0,0,7,0,0.0137158852344296,1,0,36.12,36.0,1
1,0,2,0,0,0,5,0,0.0001399580125962,1,0,3.15,44.0,1
1,1,2,0,0,0,3,1,0.0054583624912526,0,0,63.1,63.0,0
1,0,2,0,0,0,0,0,0.0036389083275017,0,0,0.94,1.0,0
1,0,0,0,1,0,27,1,0.1577326801959412,0,0,0.86,1.0,0
1,0,0,0,0,0,5,0,0.0064380685794261,0,0,2.97,55.0,0
0,0,0,0,0,0,0,1,0.0022393282015395,1,0,2.06,2.0,1
1,2,2,0,0,0,0,0,0.0594821553533939,1,0,6.83,7.0,1
0,0,2,0,0,0,2,0,0.0660601819454163,1,0,32.85,2.0,1
1,2,2,0,0,1,0,1,0.0134359692092372,0,0,0.59,1.0,0
1,2,0,0,0,0,0,1,0.0188943317004898,1,0,1.09,1.0,1
1,2,0,0,0,0,1,1,0.001959412176347,1,0,123.97,124.0,1
1,1,3,0,0,0,2,0,0.0002799160251924,0,0,27.98,28.0,0
1,0,0,0,0,0,0,1,0.0134359692092372,1,0,0.95,4.0,1
1,1,2,0,0,0,8,0,0.158852344296711,0,0,39.35,39.0,0
1,0,0,0,0,0,1,1,0.1577326801959412,0,0,2.23,2.0,0
0,0,2,0,0,0,0,1,0.1577326801959412,0,0,0.79,1.0,0
1,1,2,0,0,0,0,0,0.0004198740377886,0,0,1.2,1.0,0
1,1,2,0,0,0,16,0,0.0015395381385584,1,0,11.07,26.0,1
1,0,0,0,0,0,3,0,0.0002799160251924,1,0,1.03,1.0,1
1,1,0,0,0,0,0,1,0.0001399580125962,0,0,0.08,0.0,0
1,2,0,0,0,0,1,1,0.1577326801959412,0,0,39.38,21.0,0
0,0,2,0,0,0,3,0,0.158852344296711,1,0,27.03,58.0,1
0,0,0,0,0,0,0,0,0.0594821553533939,0,0,0.59,1.0,0
1,2,3,0,0,0,0,0,0.158852344296711,0,0,0.9,3.0,0
1,2,5,0,2,1,3,1,0.1577326801959412,1,0,1.03,1.0,1
1,1,0,0,0,0,3,0,0.158852344296711,0,0,1.28,2.0,0
1,0,0,0,1,0,11,0,0.0064380685794261,0,0,4.83,2.0,0
1,0,0,1,0,1,11,0,0.0660601819454163,1,0,0.27,1.0,1
1,0,0,0,0,0,4,1,0.0079776067179846,1,0,0.85,1.0,0
1,0,5,0,0,0,0,0,0.0138558432470258,0,0,0.95,1.0,0
0,2,0,0,0,0,1,0,0.0117564730580825,1,1,434.0,434.0,1
0,0,2,0,0,0,1,0,0.0037788663400979,0,0,1.01,1.0,0
1,0,0,0,0,0,0,1,0.1577326801959412,1,1,2.24,2.0,1
1,0,2,0,0,0,7,0,0.009517144856543,1,0,69.99,70.0,1
1,2,0,0,0,1,1,0,0.0008397480755773,0,0,1.06,7.0,0
1,2,0,0,0,0,0,0,0.0029391182645206,1,0,7.05,56.0,1
0,0,2,0,0,0,3,0,0.158852344296711,0,0,0.92,33.0,0
1,1,0,0,0,0,1,1,0.1577326801959412,0,0,1.34,1.0,0
1,1,2,0,0,0,3,0,0.0022393282015395,0,0,191.22,191.0,0
1,0,0,0,0,0,2,0,0.003219034289713,1,0,246.1,11.0,1
1,2,0,0,0,0,0,1,0.0188943317004898,0,0,1.13,30.0,0
1,1,2,0,0,0,0,0,0.0138558432470258,0,0,2.08,2.0,0
1,0,0,0,1,0,9,0,0.158852344296711,0,0,12.5,13.0,0
0,2,0,0,0,0,2,0,0.0076976906927921,1,1,116.16,116.0,1
1,0,0,0,0,0,8,0,0.158852344296711,1,0,2.06,1.0,1
0,0,0,0,0,0,2,1,0.0029391182645206,0,0,0.97,1.0,0
1,0,0,0,0,0,5,1,0.0090972708187543,0,0,0.85,1.0,0
1,0,3,0,0,0,2,0,0.0061581525542337,0,0,49.75,50.0,0
0,0,5,0,0,0,0,0,0.0594821553533939,0,0,1.15,1.0,0
1,2,0,0,0,0,1,0,0.158852344296711,1,1,1.59,10.0,1
1,0,2,0,0,0,8,0,0.0008397480755773,1,0,61.99,62.0,1
1,0,0,0,0,0,2,1,0.0079776067179846,0,0,2.04,1.0,0
1,0,0,0,0,0,0,0,0.0594821553533939,0,0,1.84,2.0,0
1,2,0,0,0,0,2,0,0.006997900629811,1,0,16.0,16.0,1
1,1,2,0,0,0,2,0,0.0037788663400979,0,0,18.81,19.0,0
0,0,0,0,0,0,0,0,0.0660601819454163,1,0,29.33,9.0,1
1,0,2,0,0,0,21,0,0.0015395381385584,0,0,194.1,81.0,0
0,0,0,0,0,0,2,0,0.0660601819454163,0,0,2.09,15.0,0
1,0,2,0,0,0,5,0,0.008257522743177,1,0,101.88,13.0,1
1,0,0,3,0,2,19,1,0.158852344296711,1,0,83.41,83.0,1
1,2,0,0,0,0,3,0,0.0117564730580825,1,0,3.85,4.0,1
0,0,2,0,0,0,3,1,0.0067179846046186,1,1,1.0,1.0,1
1,1,2,0,0,0,9,1,0.1577326801959412,1,0,19.76,52.0,1
0,2,0,0,0,0,1,0,0.009517144856543,1,0,3.98,4.0,1
1,1,0,0,0,0,2,1,0.0005598320503848,1,0,0.84,6.0,1
1,2,5,0,0,0,2,1,0.158852344296711,1,0,2.9,3.0,1
0,1,2,0,0,0,1,1,0.0188943317004898,0,0,3.08,3.0,0
1,2,0,0,0,0,1,0,0.0137158852344296,1,0,1.98,23.0,1
1,0,5,0,0,0,3,1,0.0067179846046186,1,1,45.87,257.0,1
0,0,0,0,0,0,3,0,0.0053184044786564,1,0,0.18,1.0,1
1,1,0,0,0,0,0,1,0.0002799160251924,0,0,1.98,2.0,0
1,0,0,0,0,0,28,1,0.005738278516445,1,0,0.93,35.0,1
1,0,0,1,0,0,2,0,0.0660601819454163,1,0,1.09,1.0,0
0,0,2,0,0,0,1,0,0.0004198740377886,1,0,21.26,21.0,1
1,0,0,0,2,0,9,1,0.0079776067179846,1,1,1.28,42.0,1
1,1,0,0,0,0,4,0,0.0594821553533939,0,0,1.07,14.0,0
1,0,0,1,0,0,21,1,0.1577326801959412,1,1,5.78,235.0,1
1,0,2,0,0,0,0,0,0.0002799160251924,0,0,0.72,1.0,0
1,0,2,0,0,0,1,0,0.0054583624912526,0,0,1.3,24.0,0
0,0,2,0,0,0,2,0,0.0137158852344296,0,0,1.69,2.0,0
0,2,0,0,0,0,4,0,0.0660601819454163,1,0,5.81,35.0,1
0,0,2,0,0,0,0,0,0.001959412176347,1,0,0.19,40.0,1
0,0,2,0,0,1,4,0,0.008257522743177,0,0,0.17,0.0,0
1,0,0,0,0,0,20,0,0.0279916025192442,1,0,35.97,6035.0,1
1,2,0,0,0,0,1,0,0.0076976906927921,1,0,1.94,2.0,1
1,1,0,0,0,0,0,1,0.0138558432470258,0,0,1.03,1.0,0
1,0,0,1,2,0,9,0,0.158852344296711,1,1,49.8,50.0,1
1,2,0,0,0,0,1,0,0.0004198740377886,1,0,1.02,1.0,1
0,2,0,0,0,0,0,0,0.0594821553533939,1,0,33.02,5.0,1
0,0,2,0,0,0,0,0,0.0594821553533939,1,0,2.31,34.0,1
1,2,0,0,0,0,0,0,0.0018194541637508,0,0,1.22,1.0,0
1,0,0,0,0,0,4,0,0.0134359692092372,0,0,0.01,1.0,0
1,0,0,0,0,0,0,1,0.0058782365290412,0,0,1.1,1.0,0
1,2,5,0,0,0,0,1,0.0138558432470258,1,0,0.94,84.0,1
1,0,2,0,0,0,0,0,0.0036389083275017,0,0,0.83,1.0,0
1,2,0,0,0,0,3,0,0.0009797060881735,0,0,33.96,63.0,0
1,0,5,0,0,0,5,0,0.0034989503149055,1,0,62.39,185.0,1
1,0,2,0,0,0,5,0,0.158852344296711,0,0,6.99,7.0,0
1,1,2,0,0,0,1,0,0.0033589923023093,0,0,17.16,17.0,0
1,2,0,0,0,1,0,0,0.0020993701889433,1,0,5.13,5.0,1
1,0,0,0,0,0,0,0,0.0106368089573128,0,0,1.28,2.0,0
1,2,0,0,0,0,7,0,0.0074177746675997,1,0,68.14,60.0,1
1,2,2,0,0,0,0,0,0.0660601819454163,0,0,0.59,1.0,0
1,0,2,0,0,0,2,0,0.0036389083275017,0,0,1.13,13.0,0
1,1,3,0,0,0,1,1,0.0054583624912526,1,0,2.02,28.0,1
1,1,0,0,0,0,13,0,0.0036389083275017,0,0,0.96,1.0,0
0,2,0,0,0,0,2,0,0.004478656403079,0,0,1.36,1.0,0
1,0,3,0,0,0,0,1,0.1577326801959412,0,0,0.95,1.0,0
1,1,2,0,0,0,7,0,0.001959412176347,0,0,0.57,0.0,0
1,0,0,0,0,0,3,0,0.0660601819454163,1,0,3.96,4.0,1
1,2,0,0,0,0,1,0,0.0054583624912526,1,0,0.18,24.0,1
1,1,0,0,0,0,0,0,0.0001399580125962,0,0,218.14,13.0,0
1,2,2,0,0,0,3,0,0.0074177746675997,1,0,7.19,7.0,1
1,0,5,0,0,0,2,1,0.0090972708187543,0,0,1.28,2.0,0
1,0,0,0,0,0,1,1,0.1577326801959412,0,0,2.24,2.0,0
0,0,2,0,0,0,0,1,0.1577326801959412,0,0,29.94,30.0,0
1,1,3,0,0,0,1,1,0.1577326801959412,0,0,5.82,6.0,0
1,1,5,0,0,0,0,1,0.1577326801959412,0,0,0.81,0.0,0
1,1,0,0,0,0,1,1,0.1577326801959412,0,0,2.1,2.0,0
1,0,5,0,0,0,0,0,0.0279916025192442,0,0,3.81,4.0,0
1,0,2,0,0,0,1,1,0.0188943317004898,1,0,0.94,5.0,0
1,0,0,0,0,0,0,1,0.1577326801959412,0,0,2.17,2.0,0
1,1,2,0,0,0,1,0,0.158852344296711,0,0,1.73,2.0,0
0,0,5,0,0,0,1,1,0.158852344296711,0,0,0.86,0.0,0
1,0,0,0,0,0,7,0,0.158852344296711,0,0,0.87,1.0,0
1,0,2,0,0,1,5,0,0.0100769769069279,1,0,0.26,1.0,1
0,0,2,0,0,0,0,0,0.0660601819454163,0,0,2.0,17.0,0
1,0,0,0,0,0,1,0,0.0001399580125962,0,0,47.9,48.0,0
1,2,2,0,0,2,2,0,0.0030790762771168,1,0,0.12,10.0,1
0,0,3,0,0,0,0,1,0.1577326801959412,1,0,1.21,1.0,1
1,0,3,0,0,0,5,1,0.0012596221133659,0,0,0.2,0.0,0
1,2,2,0,0,1,1,0,0.010776766969909,1,0,48.89,202.0,1
1,1,0,0,0,0,1,0,0.158852344296711,0,0,62.12,62.0,0
0,2,0,0,1,0,2,1,0.1577326801959412,1,0,34.98,10.0,1
1,0,0,0,0,0,6,0,0.0660601819454163,1,0,35.83,36.0,1
0,0,0,0,0,0,0,1,0.1577326801959412,0,0,0.61,1.0,0
1,1,2,0,0,0,3,1,0.1577326801959412,1,1,92.91,93.0,1
0,2,0,0,0,0,2,0,0.0004198740377886,0,0,1.25,5.0,0
1,0,2,0,0,0,4,0,0.0064380685794261,1,0,29.17,0.0,1
0,0,3,0,0,0,4,0,0.0076976906927921,1,0,0.88,16.0,1
1,2,0,0,4,0,14,0,0.0137158852344296,1,1,180.02,62.0,1
1,0,0,0,0,0,11,0,0.0015395381385584,0,0,18.05,18.0,0
1,1,0,0,0,0,22,0,0.158852344296711,1,0,34.75,145.0,1
1,2,2,0,0,0,0,0,0.004478656403079,0,0,1.0,1.0,0
1,0,0,0,0,0,5,1,0.158852344296711,0,0,1.08,1.0,0
1,1,0,0,0,1,19,0,0.0660601819454163,1,0,212.36,153.0,1
1,1,0,0,0,0,0,1,0.0067179846046186,1,0,30.23,1.0,1
1,0,2,0,0,0,1,1,0.1577326801959412,0,0,42.26,4.0,0
1,1,3,0,0,0,1,0,0.0279916025192442,0,0,1.09,0.0,0
1,0,0,0,0,0,0,0,0.0594821553533939,0,0,2.2,2.0,0
1,0,2,0,0,0,0,0,0.0660601819454163,1,1,0.17,28.0,1
1,0,0,0,0,0,5,0,0.0009797060881735,1,1,225.15,242.0,1
0,0,0,0,0,0,0,0,0.0030790762771168,0,0,1.76,2.0,0
1,1,0,0,0,0,11,0,0.0660601819454163,0,0,1.28,75.0,0
1,1,5,0,0,0,1,1,0.1577326801959412,0,0,0.59,1.0,0
0,0,0,0,0,0,4,1,0.158852344296711,0,0,1.28,2.0,0
0,0,2,0,0,0,1,0,0.158852344296711,0,0,84.76,85.0,0
1,0,0,0,0,0,2,0,0.158852344296711,1,0,132.29,132.0,1
0,0,0,0,0,0,9,0,0.0004198740377886,1,0,14.74,15.0,1
1,0,4,0,0,0,11,0,0.0660601819454163,1,1,241.58,242.0,1
1,2,0,0,0,3,3,0,0.0085374387683694,1,1,44.11,44.0,1
1,0,0,0,0,0,5,0,0.0008397480755773,0,0,0.62,1.0,0
1,0,0,0,0,0,11,1,0.1577326801959412,1,1,0.68,2.0,1
1,1,0,0,0,0,13,0,0.0008397480755773,0,0,91.22,91.0,0
1,0,0,0,0,0,4,0,0.158852344296711,1,0,38.23,5.0,0
1,0,0,0,0,0,4,0,0.0100769769069279,1,0,0.88,1.0,1
0,0,2,0,0,0,1,1,0.0023792862141357,0,0,0.19,0.0,0
1,0,0,0,0,0,6,0,0.0001399580125962,1,0,1.92,1.0,1
1,0,2,0,0,0,9,0,0.0660601819454163,1,0,1.11,178.0,1
1,0,2,0,0,0,4,1,0.0074177746675997,1,1,0.24,58.0,1
1,2,2,0,0,0,3,1,0.1577326801959412,1,0,10.64,21.0,1
1,0,2,0,0,0,0,0,0.0036389083275017,0,0,2.06,2.0,0
1,0,3,0,0,0,1,0,0.158852344296711,0,0,0.59,1.0,0
0,0,2,0,0,0,0,1,0.0002799160251924,0,0,0.92,1.0,0
1,0,0,0,0,0,0,1,0.1577326801959412,1,0,1.94,2.0,1
1,1,2,0,0,0,1,0,0.158852344296711,0,0,3.21,10.0,0
0,0,2,0,0,0,1,1,0.0188943317004898,1,0,2.3,23.0,1
1,0,0,0,0,0,8,0,0.0085374387683694,0,0,2.8,3.0,0
1,0,0,0,0,0,0,0,0.158852344296711,0,0,1.32,1.0,0
1,0,2,0,0,0,2,0,0.0036389083275017,0,0,19.04,19.0,0
1,1,0,0,0,0,22,0,0.009517144856543,1,0,69.24,26.0,1
1,0,5,0,0,0,4,1,0.1577326801959412,1,0,0.83,1.0,1
1,1,0,0,0,0,9,0,0.0137158852344296,0,0,1.28,571.0,0
1,1,2,0,0,0,0,1,0.1577326801959412,1,0,3.96,4.0,1
1,0,0,0,0,0,2,0,0.0090972708187543,1,1,0.85,0.0,1
1,1,2,0,0,0,1,1,0.1577326801959412,0,0,0.93,1.0,0
1,0,0,0,0,2,11,0,0.0022393282015395,1,0,321.05,321.0,1
1,1,2,0,0,0,2,0,0.0001399580125962,0,0,40.62,41.0,0
1,0,2,0,0,0,0,1,0.0054583624912526,1,0,17.94,1.0,1
1,0,0,0,0,0,6,0,0.0078376487053883,1,1,10.87,11.0,1
1,0,2,0,0,0,1,0,0.158852344296711,0,0,1.18,1.0,0
1,0,3,0,0,0,1,1,0.0004198740377886,0,0,14.15,14.0,0
0,0,2,0,0,0,5,1,0.158852344296711,1,0,6.18,17.0,1
1,0,0,0,0,0,0,1,0.0006997900629811,0,0,0.74,1.0,0
1,0,2,0,0,0,0,0,0.0022393282015395,0,0,3.06,3.0,0
0,1,2,0,0,0,3,1,0.0188943317004898,0,0,0.19,0.0,0
1,1,5,0,0,0,1,1,0.1577326801959412,0,0,1.1,1.0,0
1,0,3,0,0,0,2,1,0.0074177746675997,1,0,0.98,1.0,0
1,0,2,0,0,0,4,0,0.010776766969909,1,0,17.79,18.0,1
1,0,3,0,0,0,0,1,0.1577326801959412,1,1,1.28,0.0,1
1,2,0,0,0,0,6,0,0.0660601819454163,1,1,1.1,1.0,1
0,0,0,0,0,0,0,1,0.0079776067179846,1,0,0.58,1.0,1
0,0,2,0,0,0,2,0,0.158852344296711,0,0,35.88,36.0,0
1,0,0,0,0,0,5,0,0.0660601819454163,0,0,0.41,0.0,0
1,0,2,0,0,0,12,0,0.0002799160251924,0,0,0.93,1.0,0
0,0,0,0,0,0,2,0,0.0594821553533939,1,0,1.93,1.0,1
1,0,0,0,0,0,0,0,0.0138558432470258,0,0,0.94,1.0,0
1,0,0,0,0,0,7,0,0.0137158852344296,1,1,37.04,72.0,1
1,2,0,0,0,0,0,0,0.008257522743177,1,0,0.34,0.0,1
0,0,2,0,0,0,1,1,0.1577326801959412,0,0,28.84,29.0,0
1,0,2,0,0,0,0,0,0.010776766969909,0,0,126.81,127.0,0
0,0,0,0,0,0,2,0,0.0006997900629811,0,0,0.13,0.0,0
0,1,2,0,0,0,4,0,0.158852344296711,0,0,8.1,19.0,0
1,0,2,0,0,0,3,0,0.001959412176347,1,0,2.93,3.0,0
1,0,3,0,0,0,5,1,0.0016794961511546,1,1,2.14,1.0,1
1,0,0,0,0,0,3,0,0.0138558432470258,0,0,13.01,13.0,0
1,0,0,0,0,0,17,0,0.0660601819454163,1,0,0.28,0.0,1
1,2,2,5,0,0,4,0,0.010776766969909,1,0,1.37,1.0,1
1,0,2,0,0,0,3,0,0.0100769769069279,1,0,0.76,24.0,1
1,0,5,0,0,0,0,1,0.1577326801959412,0,0,0.98,1.0,0
1,0,0,0,0,0,10,0,0.0134359692092372,1,0,0.66,1.0,1
1,1,2,0,0,0,5,1,0.0067179846046186,1,1,0.14,12.0,1
0,2,2,0,0,0,0,1,0.0012596221133659,0,0,0.87,1.0,0
1,1,2,0,0,0,10,0,0.0016794961511546,1,1,2.08,2.0,1
1,0,0,0,1,0,16,0,0.0008397480755773,1,1,241.87,242.0,1
1,0,0,0,0,0,6,1,0.1577326801959412,1,0,2.12,0.0,1
1,0,0,0,0,0,4,0,0.0065780265920223,1,1,24.19,25.0,1
1,2,0,0,0,0,0,0,0.001959412176347,0,0,1.06,1.0,0
1,0,3,0,0,0,1,1,0.0058782365290412,0,0,126.23,126.0,0
0,1,2,0,0,0,0,1,0.1577326801959412,0,0,0.11,0.0,0
1,0,2,0,0,0,1,0,0.158852344296711,1,0,10.11,10.0,1
1,2,2,0,0,0,1,0,0.0137158852344296,1,0,8.99,9.0,0
1,0,2,0,0,0,1,1,0.0067179846046186,0,0,7.96,8.0,0
1,0,2,0,0,0,0,1,0.1577326801959412,1,0,0.6,0.0,1
1,0,0,10,0,0,14,0,0.010776766969909,1,0,173.88,368.0,1
0,1,2,0,0,0,0,1,0.0103568929321203,0,0,1.03,1.0,0
1,0,2,0,0,0,4,1,0.1577326801959412,1,0,1.98,39.0,1
0,2,0,0,0,0,0,1,0.1577326801959412,0,0,1.12,1.0,0
1,0,3,0,0,0,0,1,0.0079776067179846,0,0,0.06,0.0,0
0,0,3,0,0,0,0,0,0.0134359692092372,0,0,0.9,1.0,0
0,0,2,0,0,0,4,0,0.006997900629811,1,0,0.58,20.0,1
1,2,3,0,0,0,0,1,0.1577326801959412,1,0,23.05,23.0,1
1,1,3,0,0,0,0,0,0.008257522743177,0,0,0.57,1.0,0
1,1,0,0,0,0,7,0,0.0137158852344296,0,0,49.21,22.0,0
1,1,2,0,0,0,2,0,0.0594821553533939,1,0,4.93,306.0,1
1,0,5,0,0,0,2,1,0.1577326801959412,1,0,0.98,1.0,1
1,0,0,0,0,0,5,0,0.0009797060881735,0,0,4.08,4.0,0
1,0,0,0,0,0,1,1,0.1577326801959412,1,0,1.1,1.0,1
1,2,0,0,1,2,1,0,0.0051784464660601,0,0,0.75,17.0,0
1,1,0,0,0,0,9,0,0.0134359692092372,0,0,5.06,5.0,0
1,2,0,0,0,0,2,1,0.1577326801959412,1,1,78.94,79.0,1
1,1,2,0,0,0,1,1,0.0103568929321203,0,0,1.21,12.0,0
1,2,0,0,0,1,2,0,0.0660601819454163,1,0,0.22,118.0,1
0,1,2,0,0,0,1,1,0.0188943317004898,1,0,1.79,47.0,1
1,0,0,0,0,0,21,0,0.0018194541637508,0,0,29.93,30.0,0
0,0,0,0,0,0,1,0,0.158852344296711,0,0,0.86,1.0,0
1,2,2,0,1,0,4,1,0.1577326801959412,1,1,33.06,242.0,1
0,0,0,0,2,0,22,0,0.0660601819454163,1,1,4.0,4.0,1
1,0,2,0,0,0,13,0,0.158852344296711,1,0,70.08,70.0,1
0,0,2,0,0,0,0,1,0.0134359692092372,1,0,1.17,35.0,1
1,2,0,0,0,0,0,0,0.0061581525542337,0,0,0.53,0.0,0
1,0,0,0,0,0,0,0,0.0001399580125962,1,0,1.18,1.0,1
0,1,2,0,0,0,0,1,0.1577326801959412,0,0,1.14,1.0,0
1,1,0,0,0,0,3,0,0.0002799160251924,0,0,2.12,2.0,0
0,0,0,0,0,0,2,0,0.0053184044786564,1,0,31.25,24.0,1
1,0,0,0,0,0,9,1,0.1577326801959412,1,0,0.92,1.0,1
1,0,2,0,0,0,0,1,0.1577326801959412,0,0,1.71,2.0,0
1,0,0,0,0,0,1,0,0.158852344296711,0,0,0.93,1.0,0
1,1,2,0,0,0,0,1,0.0103568929321203,0,0,0.61,1.0,0
1,0,0,0,0,0,2,0,0.0594821553533939,0,0,27.07,27.0,0
1,2,0,0,1,0,2,0,0.0074177746675997,1,0,1.14,122.0,1
1,0,1,0,0,0,6,1,0.1577326801959412,1,0,0.88,1.0,0
1,1,0,0,0,0,12,0,0.0660601819454163,1,1,69.39,78.0,1
1,0,2,0,0,0,0,1,0.0103568929321203,0,0,56.38,7.0,0
1,0,0,0,0,0,13,0,0.006997900629811,1,0,0.81,1.0,1
1,1,2,0,0,0,2,0,0.0011196641007697,0,0,1.17,1.0,0
1,0,0,0,0,0,4,0,0.0134359692092372,0,0,0.82,1.0,0
1,0,0,0,0,0,1,1,0.1577326801959412,0,0,1.07,1.0,0
1,0,0,0,0,0,1,0,0.0011196641007697,0,0,40.88,41.0,0
1,0,2,0,0,0,0,1,0.0006997900629811,0,0,0.88,1.0,0
1,0,2,0,0,0,0,0,0.0138558432470258,0,0,0.97,1.0,0
0,0,2,0,0,0,0,1,0.0103568929321203,1,0,0.91,1.0,1
1,0,3,0,0,0,0,0,0.004478656403079,0,0,0.09,0.0,0
1,1,0,1,0,1,19,0,0.009517144856543,0,0,13.21,6.0,0
1,1,0,0,0,0,7,1,0.0134359692092372,0,0,0.91,21.0,0
0,0,0,0,0,0,1,1,0.1577326801959412,0,0,0.81,1.0,0
1,0,2,0,0,0,5,0,0.0594821553533939,1,0,0.02,39.0,1
1,0,0,0,0,0,1,0,0.0029391182645206,0,0,0.81,0.0,0
1,1,2,0,0,0,1,0,0.0090972708187543,0,0,0.74,1.0,0
1,0,2,0,0,0,1,0,0.158852344296711,0,0,0.92,0.0,0
0,2,3,0,3,1,7,1,0.1577326801959412,1,1,1.19,36.0,1
0,0,0,2,0,0,4,1,0.1577326801959412,1,1,1.84,2.0,1
0,0,3,0,0,0,2,0,0.0002799160251924,1,0,9.07,107.0,1
1,0,2,0,0,0,3,0,0.0660601819454163,1,1,1.19,45.0,1
1,0,0,0,0,0,0,0,0.0137158852344296,0,0,0.92,7.0,0
1,1,2,0,0,0,0,1,0.1577326801959412,0,0,1.33,1.0,0
0,1,3,0,0,0,0,1,0.1577326801959412,0,0,0.87,1.0,0
1,0,5,0,0,0,6,0,0.0134359692092372,0,0,1.28,2.0,0
1,0,2,0,0,0,1,1,0.005738278516445,1,0,4.25,4.0,1
0,0,0,0,0,0,1,0,0.0660601819454163,1,1,0.76,13.0,1
0,0,2,0,0,0,0,1,0.1577326801959412,0,0,1.0,1.0,0
1,1,3,0,0,0,10,0,0.0064380685794261,0,0,149.08,3.0,0
1,2,3,0,0,0,3,1,0.1577326801959412,1,1,276.91,277.0,1
1,0,0,0,0,0,7,1,0.0054583624912526,0,0,7.84,8.0,0
1,1,2,0,0,0,6,0,0.0660601819454163,1,0,2.27,33.0,1
1,2,0,0,0,4,8,0,0.0137158852344296,1,0,214.89,215.0,1
1,0,2,0,0,0,0,0,0.0043386983904828,1,0,0.78,39.0,1
1,0,0,0,0,0,8,0,0.009517144856543,1,0,348.9,15.0,1
1,1,0,1,0,1,20,1,0.158852344296711,1,0,46.9,33.0,0
1,0,0,0,0,0,10,1,0.0090972708187543,1,1,0.88,1.0,1
1,2,0,0,0,0,1,0,0.0594821553533939,1,0,6.17,6.0,1
1,1,0,0,0,0,4,0,0.0660601819454163,0,0,1.14,21.0,0
1,0,0,0,0,0,0,0,0.0036389083275017,1,0,33.93,33.0,1
1,0,2,0,0,0,0,1,0.0054583624912526,1,1,29.89,30.0,1
1,0,0,0,1,0,2,0,0.0061581525542337,1,0,0.87,173.0,1
1,0,2,0,0,0,0,1,0.0067179846046186,1,0,2.23,2.0,1
1,2,0,0,0,0,0,0,0.0138558432470258,0,0,2.05,190.0,0
1,2,2,0,0,0,2,0,0.0134359692092372,1,0,1.01,2.0,1
1,0,2,0,0,0,3,1,0.1577326801959412,0,0,0.29,0.0,0
1,2,0,0,0,0,11,0,0.0594821553533939,1,0,51.13,51.0,1
1,1,2,0,0,0,0,0,0.0018194541637508,0,0,37.02,40.0,0
1,2,0,0,0,0,2,1,0.1577326801959412,1,0,1.26,1.0,1
1,0,0,0,0,0,7,0,0.0074177746675997,1,1,0.16,35.0,1
1,0,2,0,0,0,2,0,0.0009797060881735,0,0,42.74,32.0,0
1,2,0,0,1,0,1,0,0.0594821553533939,0,0,0.71,1.0,0
1,1,2,0,0,0,1,0,0.158852344296711,0,0,1.1,2.0,0
1,1,2,0,0,0,3,0,0.008257522743177,0,0,2.03,2.0,0
1,1,2,0,0,0,2,1,0.0016794961511546,1,1,0.95,0.0,1
1,2,0,0,0,1,1,1,0.0134359692092372,1,0,0.96,1.0,1
0,0,2,0,0,0,0,1,0.1577326801959412,0,0,1.1,1.0,0
1,0,2,0,0,0,0,1,0.0188943317004898,1,0,0.1,0.0,1
1,0,2,0,0,0,1,1,0.0002799160251924,0,0,1.28,2.0,0
1,0,0,0,0,1,16,0,0.0022393282015395,1,0,0.72,67.0,1
1,0,3,0,0,0,3,1,0.1577326801959412,0,0,5.24,3.0,0
1,0,0,0,0,0,1,0,0.0279916025192442,0,0,0.42,116.0,0
1,0,0,0,0,0,0,1,0.1577326801959412,0,0,1.0,1.0,0
0,0,2,0,0,0,2,1,0.0001399580125962,1,0,0.86,1.0,1
1,0,2,0,0,0,16,0,0.0138558432470258,1,0,1.05,1.0,1
0,1,0,0,0,0,1,0,0.0134359692092372,0,0,0.96,1.0,0
1,0,0,0,0,0,0,0,0.0074177746675997,1,0,0.88,12.0,1
1,0,0,0,0,0,0,1,0.158852344296711,0,0,1.07,1.0,0
1,0,0,2,2,1,19,0,0.0279916025192442,1,0,179.95,180.0,1
1,2,0,0,0,0,1,0,0.0004198740377886,0,0,0.13,0.0,0
0,0,2,0,0,0,3,0,0.0660601819454163,1,0,1.19,1.0,1
1,1,0,0,0,0,13,0,0.0594821553533939,1,0,242.95,243.0,1
1,0,3,0,0,0,2,0,0.0594821553533939,1,0,0.9,14.0,1
1,0,0,0,0,0,4,0,0.158852344296711,1,0,2.02,29.0,1
1,0,5,0,0,0,0,1,0.1577326801959412,0,0,0.21,0.0,0
1,0,2,1,0,0,2,0,0.0106368089573128,1,0,0.73,1.0,0
1,1,2,0,0,0,2,0,0.158852344296711,0,0,97.13,97.0,0
1,0,0,0,0,0,14,0,0.0660601819454163,1,1,0.96,1.0,1
1,2,0,0,0,0,0,1,0.1577326801959412,1,0,0.79,1.0,1
1,0,0,0,1,0,8,0,0.0279916025192442,1,0,239.13,239.0,0
0,0,5,0,0,0,4,0,0.158852344296711,1,0,1.78,48.0,1
1,0,0,0,0,0,0,0,0.0134359692092372,0,0,0.81,1.0,0
1,0,0,0,0,0,0,0,0.0001399580125962,0,0,0.19,0.0,0
1,0,0,0,0,0,0,0,0.0037788663400979,1,0,0.82,94.0,1
0,0,2,0,0,0,2,0,0.0078376487053883,1,0,8.87,9.0,1
1,1,2,0,0,0,2,0,0.158852344296711,1,0,2.24,1429.0,1
1,1,2,0,0,0,0,1,0.1577326801959412,0,0,4.3,4.0,0
1,2,0,0,0,0,2,0,0.0279916025192442,1,0,1.93,2.0,1
0,1,0,0,0,0,2,0,0.0660601819454163,1,0,1.08,1.0,1
1,0,0,0,0,0,0,1,0.1577326801959412,1,0,0.77,1.0,1
1,0,2,0,0,0,0,0,0.0138558432470258,0,0,1.34,1.0,0
0,2,0,0,0,0,0,0,0.0594821553533939,1,0,0.91,1.0,1
1,2,2,0,0,0,1,0,0.0008397480755773,0,0,0.19,0.0,0
1,0,2,0,0,0,8,0,0.0279916025192442,0,0,0.08,242.0,0
1,2,2,0,0,0,0,1,0.1577326801959412,0,0,0.98,1.0,0
1,0,0,0,0,0,0,0,0.0279916025192442,0,0,1.15,1.0,0
1,0,2,0,0,0,4,0,0.0594821553533939,0,0,5.12,3.0,0
1,2,3,0,0,0,3,1,0.1577326801959412,1,1,0.73,1.0,1
1,2,0,5,0,0,5,0,0.010776766969909,1,0,1.2,1.0,1
1,0,0,0,0,0,4,0,0.0137158852344296,1,0,0.95,1.0,1
1,1,2,0,0,0,9,0,0.0054583624912526,1,0,424.95,425.0,1
0,0,0,0,0,0,3,1,0.0076976906927921,0,0,1.18,1.0,0
1,0,0,0,0,0,13,0,0.158852344296711,0,0,1.03,5.0,0
1,0,2,0,0,0,1,1,0.0001399580125962,1,0,0.96,0.0,1
1,0,3,0,0,0,1,0,0.158852344296711,0,0,118.41,118.0,0
1,0,0,0,0,0,2,0,0.0001399580125962,0,0,0.3,0.0,0
1,2,2,0,0,0,0,0,0.006997900629811,1,0,0.89,1.0,1
1,0,0,0,0,0,22,1,0.158852344296711,1,0,1.73,2.0,1
1,0,0,0,0,0,1,1,0.0006997900629811,1,1,3.98,4.0,1
1,0,0,0,0,0,2,1,0.158852344296711,1,1,6.68,7.0,1
1,1,2,0,0,0,4,1,0.0029391182645206,1,0,1.69,1.0,1
1,0,2,0,0,0,2,0,0.0138558432470258,0,0,3.81,4.0,0
1,0,0,0,0,0,7,1,0.0062981105668299,1,1,1.28,2.0,1
1,1,0,0,0,0,0,1,0.0002799160251924,0,0,0.19,0.0,0
1,1,2,0,0,0,0,0,0.0013995801259622,0,0,2.29,2.0,0
1,0,2,0,0,0,2,0,0.0009797060881735,1,0,0.83,0.0,1
0,0,2,0,0,0,0,0,0.0053184044786564,1,0,31.25,31.0,1
0,0,2,0,0,0,1,0,0.158852344296711,1,0,9.84,1.0,0
1,0,2,0,0,0,4,0,0.0009797060881735,1,0,37.74,38.0,1
1,1,0,0,0,0,1,0,0.0085374387683694,1,0,47.27,6.0,1
1,0,0,0,0,0,0,0,0.0134359692092372,1,0,0.19,3.0,1
1,2,0,0,0,0,3,0,0.010776766969909,1,0,1.89,58.0,1
1,0,0,0,0,0,0,1,0.1577326801959412,1,1,0.25,46.0,1
1,0,0,0,0,0,4,1,0.1577326801959412,1,1,9.04,1.0,1
1,1,2,0,0,0,2,0,0.0660601819454163,0,0,0.79,1.0,0
1,0,2,0,0,0,1,0,0.0053184044786564,1,0,3.03,18.0,1
1,0,5,0,0,0,2,0,0.0001399580125962,0,0,29.0,29.0,0
1,2,3,0,0,0,0,1,0.1577326801959412,0,0,1.97,2.0,0
1,0,2,0,0,0,2,1,0.158852344296711,0,0,1.78,2.0,0
1,1,2,0,0,0,1,1,0.0188943317004898,0,0,1.28,2.0,0
0,0,3,0,0,0,0,0,0.004478656403079,0,0,0.89,1.0,0
1,0,0,0,0,1,6,0,0.158852344296711,0,0,1.28,2.0,0
1,1,3,0,0,0,18,0,0.158852344296711,0,0,1.09,1.0,0
1,1,3,0,0,0,0,1,0.0067179846046186,0,0,5.77,6.0,0
1,0,2,0,0,0,4,1,0.0188943317004898,0,0,1.28,285.0,0
1,0,5,0,0,0,6,0,0.0085374387683694,1,1,17.8,30.0,1
1,2,0,0,0,0,1,0,0.158852344296711,1,0,15.19,134.0,1
1,1,2,0,0,0,0,1,0.1577326801959412,0,0,0.85,1.0,0
1,2,2,0,0,0,1,0,0.158852344296711,1,0,0.57,1.0,1
0,2,0,0,0,0,1,0,0.158852344296711,0,0,0.94,1.0,0
0,2,2,0,0,1,7,1,0.158852344296711,1,0,125.39,1.0,1
0,0,0,0,0,0,13,0,0.0660601819454163,1,1,107.98,27.0,1
1,1,2,0,0,0,9,0,0.0660601819454163,1,0,58.61,70.0,1
1,0,2,0,0,0,0,1,0.0004198740377886,1,0,0.88,4.0,1
1,0,2,0,0,0,2,0,0.0061581525542337,0,0,1.01,1.0,0
1,1,2,0,0,0,3,0,0.158852344296711,0,0,13.11,57.0,0
1,1,2,0,0,0,6,1,0.0067179846046186,1,0,18.56,19.0,1
1,2,0,0,1,0,1,0,0.0036389083275017,0,0,1.26,1.0,0
1,1,2,0,0,0,2,0,0.0016794961511546,0,0,1.94,2.0,0
1,0,2,0,0,0,1,0,0.0660601819454163,1,0,0.01,1.0,1
1,2,0,0,0,1,1,0,0.010776766969909,1,0,41.94,42.0,1
1,0,0,0,0,0,5,0,0.0594821553533939,0,0,34.91,93.0,0
0,0,2,0,0,0,1,1,0.1577326801959412,1,0,6.33,1.0,1
1,0,0,0,0,0,0,0,0.0138558432470258,1,0,2.67,3.0,1
1,0,0,0,0,0,4,1,0.1577326801959412,0,0,0.97,1.0,0
1,1,2,0,0,0,0,1,0.0103568929321203,0,0,0.97,23.0,0
1,0,2,0,0,0,5,0,0.0279916025192442,1,0,119.27,119.0,1
0,2,2,0,0,0,0,1,0.1577326801959412,0,0,0.86,1.0,0
0,0,2,0,0,0,0,1,0.1577326801959412,0,0,0.97,1.0,0
1,2,3,1,0,0,1,0,0.158852344296711,1,1,527.09,39.0,1
1,2,0,0,0,0,1,1,0.1577326801959412,0,0,0.62,1.0,0
1,1,2,0,0,0,1,1,0.1577326801959412,0,0,1.24,1.0,0
0,2,0,0,0,0,0,0,0.0076976906927921,1,0,1.79,1.0,1
1,0,2,0,0,0,6,0,0.158852344296711,0,0,0.9,1.0,0
1,0,0,0,0,0,29,0,0.0029391182645206,1,0,5.03,68.0,1
1,2,2,0,0,0,1,0,0.0085374387683694,0,0,0.67,1.0,0
0,2,0,0,0,0,0,0,0.0043386983904828,1,0,2.28,2.0,1
1,0,0,0,0,2,11,0,0.0053184044786564,1,1,0.56,1.0,1
0,0,0,0,0,0,0,1,0.0023792862141357,0,0,0.73,1.0,0
1,0,5,0,0,0,0,0,0.0594821553533939,0,0,0.89,1.0,0
1,0,2,0,0,0,8,0,0.0660601819454163,0,0,69.1,1.0,0
0,0,0,0,0,0,4,0,0.0085374387683694,0,0,3.22,1.0,0
1,0,0,0,0,0,6,1,0.0018194541637508,0,0,5.09,5.0,0
1,1,2,0,0,0,0,1,0.0188943317004898,0,0,1.2,1.0,0
1,2,2,0,0,1,1,0,0.158852344296711,0,0,236.81,237.0,0
1,0,2,0,0,0,2,0,0.158852344296711,0,0,22.99,23.0,0
1,0,2,0,0,0,8,0,0.158852344296711,1,0,252.15,24.0,1
1,0,2,0,0,0,6,0,0.0004198740377886,1,0,2.79,3.0,1
1,0,2,0,0,0,3,1,0.1577326801959412,1,1,11.78,22.0,1
1,1,2,0,0,0,5,0,0.0594821553533939,1,0,1.23,414.0,1
1,1,5,0,0,0,0,0,0.0008397480755773,0,0,27.93,28.0,0
1,0,0,0,0,0,3,0,0.0279916025192442,0,0,1.03,11.0,0
1,0,0,0,0,0,2,0,0.0009797060881735,1,0,28.34,30.0,1
1,2,0,0,0,0,0,0,0.0594821553533939,1,0,10.0,10.0,1
1,1,0,0,0,0,10,0,0.0594821553533939,0,0,175.13,175.0,0
1,2,0,0,0,0,0,1,0.1577326801959412,0,0,3.17,3.0,0
1,2,2,0,0,0,2,0,0.0594821553533939,1,1,15.15,1.0,1
1,1,1,0,0,0,1,1,0.1577326801959412,0,0,1.23,1.0,0
1,2,5,0,0,0,0,0,0.0594821553533939,0,0,2.06,4.0,0
1,0,0,0,0,0,0,1,0.1577326801959412,1,0,1.69,2.0,1
1,1,2,0,0,0,2,0,0.158852344296711,0,0,0.97,1.0,0
1,0,2,0,0,0,4,1,0.1577326801959412,1,0,82.86,2.0,1
1,1,2,0,0,0,3,0,0.0138558432470258,0,0,14.05,14.0,0
1,2,0,0,0,0,3,0,0.0008397480755773,1,0,1.97,262.0,1
1,0,2,0,0,0,2,1,0.0001399580125962,0,0,1.28,2.0,0
1,1,0,2,0,0,13,0,0.0279916025192442,0,0,0.72,1.0,0
1,1,2,0,0,0,2,0,0.008257522743177,0,0,5.04,5.0,0
1,0,0,0,0,0,6,0,0.0660601819454163,0,0,0.15,18.0,0
1,2,0,0,0,2,1,1,0.1577326801959412,0,0,0.98,1.0,0
0,2,0,0,0,0,0,0,0.0085374387683694,1,0,0.95,1.0,1
1,0,2,0,0,0,17,0,0.0036389083275017,1,0,1.13,41.0,1
1,0,5,0,0,0,0,0,0.158852344296711,1,1,83.65,1.0,1
1,1,2,0,0,0,6,0,0.0594821553533939,0,0,1.2,1.0,0
0,0,2,0,0,0,0,1,0.1577326801959412,0,0,0.77,1.0,0
1,1,0,0,0,0,19,0,0.0660601819454163,0,0,3.18,0.0,0
1,1,2,0,0,0,12,1,0.001959412176347,0,0,3.28,0.0,0
1,0,0,0,0,0,6,1,0.1577326801959412,1,0,0.95,1.0,1
1,0,0,0,0,0,0,1,0.1577326801959412,1,0,0.24,0.0,1
1,1,0,0,0,0,11,0,0.0064380685794261,0,0,0.99,1.0,0
1,0,2,0,0,0,0,0,0.0065780265920223,0,0,0.11,0.0,0
1,1,5,0,0,0,7,0,0.0051784464660601,0,0,0.83,1.0,0
1,0,0,0,2,0,12,0,0.0065780265920223,1,0,12.22,12.0,1
1,2,2,0,0,0,0,0,0.0594821553533939,0,0,7.06,7.0,0
0,0,2,0,0,0,0,0,0.0279916025192442,0,0,0.9,1.0,0
1,0,0,0,0,0,3,0,0.0134359692092372,0,0,1.28,2.0,0
1,0,0,0,0,0,1,1,0.1577326801959412,1,1,1.16,1504.0,1
0,0,2,0,0,0,3,1,0.1577326801959412,0,0,10.01,10.0,0
1,1,0,0,0,0,26,0,0.0660601819454163,1,0,1.28,2.0,1
0,0,0,0,0,0,1,0,0.0076976906927921,1,0,1.87,0.0,1
1,0,0,0,0,0,0,0,0.0065780265920223,0,0,1.02,1.0,0
1,0,0,0,0,0,4,0,0.0005598320503848,0,0,40.17,40.0,0
0,1,2,0,0,0,6,0,0.0090972708187543,0,0,36.92,37.0,0
1,0,0,0,0,0,4,0,0.158852344296711,1,1,50.85,35.0,1
1,0,2,0,0,1,7,0,0.0016794961511546,1,0,0.85,0.0,1
1,0,0,3,0,1,15,1,0.1577326801959412,1,0,4.73,5.0,1
1,2,0,0,0,1,1,1,0.0074177746675997,1,0,0.9,67.0,1
1,0,2,0,0,0,2,0,0.0085374387683694,1,1,0.99,23.0,1
1,0,0,0,0,0,7,0,0.0660601819454163,1,0,27.09,46.0,1
1,0,0,0,0,0,17,0,0.158852344296711,1,1,1.28,2.0,1
1,0,2,0,0,0,0,0,0.0011196641007697,1,0,1.01,6.0,1
1,2,0,0,0,1,1,0,0.0106368089573128,1,0,1.09,1.0,1
1,0,0,0,0,0,4,0,0.0134359692092372,1,0,1.16,1.0,0
1,0,0,0,0,0,7,0,0.0279916025192442,0,0,4.66,5.0,0
0,2,2,0,0,0,0,0,0.0078376487053883,0,0,1.92,7.0,0
1,0,0,0,0,0,0,0,0.0279916025192442,1,0,0.57,1.0,1
1,2,2,0,0,0,0,0,0.0023792862141357,0,0,0.64,1.0,0
0,2,2,0,0,0,0,0,0.0660601819454163,0,0,0.28,43.0,0
0,1,0,0,0,0,0,1,0.0103568929321203,0,0,0.19,0.0,0
1,0,0,0,0,0,0,1,0.0188943317004898,1,0,0.19,0.0,1
1,1,0,0,0,0,1,1,0.1577326801959412,1,0,1.0,0.0,1
0,0,2,0,0,0,3,0,0.0279916025192442,0,0,1.12,1.0,0
1,0,0,0,0,0,3,0,0.0002799160251924,1,0,0.97,10.0,1
1,0,0,0,0,0,11,0,0.0134359692092372,1,0,1.28,243.0,1
0,1,2,0,0,0,7,0,0.158852344296711,0,0,20.09,20.0,0
0,0,0,0,0,0,5,1,0.0002799160251924,0,0,1.28,2.0,0
0,2,2,0,0,0,2,0,0.158852344296711,0,0,0.96,1.0,0
1,0,0,0,0,0,7,0,0.0134359692092372,0,0,0.72,1.0,0
1,0,0,0,0,0,0,1,0.0079776067179846,0,0,2.02,2.0,0
1,0,0,0,0,0,1,0,0.0008397480755773,0,0,48.65,49.0,0
1,1,0,0,0,0,3,1,0.001959412176347,0,0,0.89,1.0,0
1,1,2,0,0,0,0,0,0.0660601819454163,0,0,0.8,0.0,0
1,0,0,0,0,0,9,0,0.0009797060881735,0,0,57.16,57.0,0
1,0,0,0,0,0,10,1,0.1577326801959412,1,1,1.95,2.0,1
1,1,2,0,0,0,0,0,0.0009797060881735,0,0,1.04,1.0,0
0,0,0,0,0,0,1,1,0.0134359692092372,0,0,1.28,2.0,0
1,0,0,0,0,0,0,0,0.0008397480755773,0,0,1.64,2.0,0
1,1,0,0,0,0,5,0,0.0064380685794261,1,1,3.58,4.0,1
1,0,0,0,0,0,6,1,0.1577326801959412,0,0,1.28,270.0,0
1,0,0,0,0,0,0,1,0.0062981105668299,0,0,0.81,1.0,0
1,2,0,0,0,0,0,0,0.0106368089573128,1,0,0.82,76.0,1
0,0,0,0,0,0,0,1,0.005738278516445,0,0,1.29,1.0,0
1,2,0,0,0,2,0,0,0.0078376487053883,1,0,0.73,12.0,1
1,0,2,0,0,0,0,0,0.0002799160251924,0,0,53.9,54.0,0
1,0,0,0,0,0,0,1,0.1577326801959412,0,0,2.24,2.0,0
1,0,0,0,0,0,0,1,0.0002799160251924,0,0,1.88,2.0,0
1,0,0,0,0,0,1,1,0.0188943317004898,0,0,0.04,0.0,0
1,0,2,0,0,0,4,1,0.1577326801959412,0,0,0.8,1.0,0
1,0,0,0,0,0,15,0,0.158852344296711,0,0,104.05,0.0,0
1,0,0,0,0,0,6,0,0.0279916025192442,1,0,0.76,9.0,1
1,0,0,0,0,0,6,0,0.158852344296711,0,0,41.05,36.0,0
0,0,2,0,0,0,2,0,0.0090972708187543,0,0,1.9,2.0,0
1,0,0,0,0,0,4,1,0.0012596221133659,0,0,6.33,6.0,0
0,0,0,0,0,0,1,0,0.0011196641007697,0,0,9.0,9.0,0
1,0,2,0,0,0,5,1,0.0054583624912526,1,1,6.08,6.0,1
1,2,2,0,0,0,1,1,0.005738278516445,1,0,1.14,1.0,1
0,1,0,0,0,0,12,1,0.1577326801959412,1,1,434.89,435.0,1
1,2,2,0,0,2,8,0,0.009517144856543,1,0,35.33,35.0,1
1,0,0,0,1,0,8,1,0.1577326801959412,1,0,0.89,1.0,1
0,1,0,0,0,0,1,0,0.0279916025192442,0,0,2.92,3.0,0
1,0,2,0,0,0,2,0,0.158852344296711,1,0,0.82,104.0,1
1,1,0,0,0,0,0,1,0.0188943317004898,0,0,1.07,1.0,0
1,0,0,0,0,0,2,0,0.158852344296711,0,0,37.22,37.0,0
1,2,0,1,0,0,4,0,0.158852344296711,0,0,3.03,7.0,0
1,0,2,0,0,0,5,1,0.0090972708187543,0,0,2.04,2.0,0
1,0,2,0,0,0,6,0,0.0594821553533939,1,0,118.86,119.0,1
1,2,0,0,0,0,2,1,0.158852344296711,1,1,100.24,16.0,1
1,0,0,0,0,0,0,1,0.1577326801959412,0,0,0.89,1.0,0
0,2,2,0,0,0,2,1,0.1577326801959412,0,0,0.89,1.0,0
1,0,0,0,0,0,3,0,0.158852344296711,1,0,7.79,8.0,1
0,1,2,0,0,0,1,0,0.0015395381385584,1,1,25.28,1.0,0
0,0,0,1,0,0,1,0,0.158852344296711,0,0,26.85,27.0,0
1,1,2,0,0,0,7,0,0.0018194541637508,0,0,1.07,1.0,0
1,0,0,0,0,0,1,1,0.158852344296711,0,0,7.86,8.0,0
0,2,2,0,1,0,3,1,0.1577326801959412,1,0,0.61,1.0,1
1,2,0,1,1,1,2,0,0.158852344296711,1,0,2.14,2.0,1
1,1,2,0,0,0,3,0,0.0660601819454163,0,0,0.19,22.0,0
1,0,2,0,0,0,8,1,0.158852344296711,1,0,78.64,79.0,1
1,0,3,0,0,0,0,0,0.0051784464660601,0,0,0.84,0.0,0
0,1,2,0,0,0,1,0,0.0076976906927921,0,0,3.23,2.0,0
1,0,3,0,0,0,4,1,0.1577326801959412,1,1,1.02,1.0,1
1,0,0,0,0,0,1,1,0.1577326801959412,1,0,7.1,7.0,0
1,1,0,0,0,0,15,0,0.0134359692092372,1,0,80.92,1.0,1
1,1,3,0,0,0,1,0,0.158852344296711,0,0,17.03,17.0,0
1,0,0,0,0,0,0,1,0.0004198740377886,1,0,749.07,49.0,1
1,0,0,0,0,0,1,0,0.0660601819454163,0,0,0.53,0.0,0
1,2,0,1,0,0,1,0,0.010776766969909,1,1,5.87,130.0,1
1,1,0,0,0,0,0,1,0.1577326801959412,0,0,1.16,1.0,0
0,0,2,0,0,0,1,0,0.0660601819454163,0,0,0.89,0.0,0
0,2,5,0,0,0,0,0,0.0078376487053883,0,0,1.05,1.0,0
1,2,0,0,0,0,0,0,0.0036389083275017,1,1,0.59,1.0,1
1,0,0,0,0,0,4,1,0.158852344296711,0,0,1.28,2.0,0
1,0,2,0,0,0,2,1,0.1577326801959412,0,0,28.25,0.0,0
1,2,5,0,0,0,0,0,0.0138558432470258,1,0,3.01,3.0,1
1,1,5,0,0,0,2,1,0.1577326801959412,0,0,0.93,1.0,0
1,2,3,0,0,0,1,0,0.158852344296711,0,0,10.85,11.0,0
0,0,2,0,0,0,0,1,0.004478656403079,1,1,0.95,34.0,1
0,2,0,0,0,0,2,0,0.0090972708187543,1,0,1.28,2.0,1
1,1,2,0,0,0,0,1,0.0058782365290412,0,0,0.85,1.0,0
1,0,2,0,0,0,5,1,0.0009797060881735,1,0,0.11,1.0,1
0,1,5,0,0,0,0,1,0.1577326801959412,0,0,0.96,1.0,0
1,1,0,0,0,0,1,0,0.0594821553533939,0,0,5.18,5.0,0
0,1,0,0,0,0,3,0,0.0660601819454163,0,0,1.28,2.0,0
1,0,1,0,0,0,0,1,0.1577326801959412,0,0,0.86,1.0,0
1,0,3,0,0,0,2,0,0.0018194541637508,0,0,1.17,1.0,0
1,1,0,0,0,0,3,0,0.158852344296711,0,0,3.0,3.0,0
1,1,0,0,0,0,0,0,0.0660601819454163,0,0,0.97,4.0,0
1,0,2,0,2,0,2,1,0.0067179846046186,0,0,21.86,22.0,0
0,1,2,0,0,0,0,1,0.1577326801959412,0,0,29.97,30.0,0
1,0,3,0,0,0,3,0,0.0106368089573128,1,0,0.9,16.0,1
1,0,2,0,0,1,14,0,0.158852344296711,0,0,70.09,11.0,0
1,0,0,0,0,0,17,1,0.158852344296711,1,0,51.86,2.0,1
1,0,2,0,0,0,3,0,0.0279916025192442,0,0,1.09,1.0,0
1,0,2,0,0,0,2,0,0.0016794961511546,1,0,9.22,9.0,1
1,2,0,0,0,0,1,0,0.0001399580125962,1,1,1.13,44.0,1
1,0,0,0,0,0,5,0,0.0134359692092372,0,0,0.77,0.0,0
1,0,0,0,0,1,9,1,0.158852344296711,1,1,23.02,23.0,1
1,1,2,0,0,0,1,1,0.1577326801959412,0,0,1.34,1.0,0
1,0,2,0,0,0,1,0,0.0036389083275017,1,0,33.99,5.0,1
0,0,0,0,0,0,0,0,0.004478656403079,0,0,1.83,2.0,0
1,0,0,0,0,0,3,1,0.0090972708187543,0,0,1.21,1.0,0
0,1,2,0,0,0,0,1,0.1577326801959412,1,0,8.0,2.0,1
0,0,0,0,0,0,0,0,0.0085374387683694,0,0,0.65,1.0,0
1,0,2,0,0,0,1,0,0.0106368089573128,0,0,0.96,1.0,0
1,0,3,0,0,0,16,0,0.0036389083275017,1,0,29.16,178.0,1
0,0,0,0,0,0,0,0,0.0004198740377886,0,0,0.86,0.0,0
1,0,0,0,0,0,0,1,0.1577326801959412,0,0,1.84,2.0,0
1,0,2,0,0,0,5,0,0.0594821553533939,0,0,0.89,1.0,0
1,2,3,0,0,0,1,0,0.0076976906927921,1,0,2.02,2.0,1
1,2,0,0,0,0,0,0,0.0054583624912526,0,0,1.73,7.0,0
0,0,2,0,0,0,0,0,0.003219034289713,1,0,62.81,63.0,1
1,2,0,0,0,0,7,0,0.0001399580125962,1,0,199.79,69.0,1
1,0,2,0,0,0,0,1,0.0090972708187543,0,0,19.07,19.0,0
0,0,2,0,0,0,5,0,0.158852344296711,1,0,41.77,32.0,1
1,1,0,0,0,0,3,1,0.158852344296711,0,0,14.86,15.0,0
0,0,0,0,0,0,0,1,0.1577326801959412,0,0,1.3,1.0,0
1,0,0,0,0,0,1,1,0.0002799160251924,1,0,0.96,1.0,1
0,0,2,0,0,0,6,0,0.158852344296711,0,0,24.86,25.0,0
0,2,0,0,0,0,0,1,0.1577326801959412,0,0,0.99,1.0,0
1,0,0,0,0,0,1,1,0.1577326801959412,0,0,1.58,2.0,0
1,0,0,0,0,0,1,0,0.004478656403079,1,0,0.88,0.0,1
1,2,0,0,0,0,0,1,0.1577326801959412,0,0,1.18,1.0,0
0,0,3,0,0,0,2,1,0.158852344296711,0,0,3.94,4.0,0
1,0,0,0,0,0,9,0,0.0053184044786564,1,0,0.15,40.0,1
0,2,0,0,0,0,2,1,0.0054583624912526,0,0,0.99,1.0,0
1,0,0,0,0,0,9,0,0.0594821553533939,1,1,1.92,1.0,1
1,2,2,0,0,1,0,0,0.0005598320503848,1,0,1.09,0.0,1
1,0,0,0,0,0,9,0,0.0279916025192442,1,0,1.21,0.0,1
1,0,2,0,0,0,9,0,0.158852344296711,1,1,19.21,214.0,1
1,2,0,0,0,0,2,1,0.0067179846046186,1,0,7.66,8.0,1
1,0,0,0,0,0,21,0,0.0279916025192442,1,0,0.68,71.0,1
1,0,0,0,0,0,3,1,0.0062981105668299,0,0,1.28,1236.0,0
1,0,2,0,0,0,3,0,0.0134359692092372,1,0,0.92,1.0,1
1,1,2,0,0,0,2,1,0.0067179846046186,1,0,0.93,1.0,1
1,2,3,0,0,1,2,0,0.0594821553533939,0,0,35.3,35.0,0
1,2,2,0,0,0,3,1,0.0054583624912526,1,1,26.09,59.0,1
0,1,0,0,0,0,5,0,0.0660601819454163,0,0,0.84,1.0,0
0,0,2,0,0,0,2,1,0.1577326801959412,0,0,0.13,0.0,0
1,1,0,0,0,0,0,0,0.0660601819454163,1,1,1.14,4.0,1
1,0,0,0,0,0,0,1,0.1577326801959412,0,0,0.68,1.0,0
1,0,0,0,0,0,5,0,0.0134359692092372,1,0,55.14,250.0,1
1,1,0,0,0,0,14,0,0.158852344296711,0,0,7.91,45.0,0
1,0,0,0,0,0,2,1,0.001959412176347,1,0,15.02,26.0,1
1,1,0,0,0,0,11,1,0.0029391182645206,1,0,32.01,0.0,1
1,0,5,0,0,0,0,1,0.1577326801959412,0,0,2.63,3.0,0
1,0,2,0,0,0,5,1,0.158852344296711,0,0,6.36,3.0,0
1,2,0,0,0,0,0,0,0.0029391182645206,0,0,3.9,4.0,0
1,2,0,0,0,0,2,0,0.0660601819454163,1,0,86.07,6.0,1
0,0,0,0,0,0,0,0,0.004478656403079,0,0,1.13,1.0,0
0,1,2,0,0,0,8,0,0.008257522743177,1,0,30.83,50.0,1
1,0,3,0,0,0,3,0,0.0054583624912526,1,1,9.75,42.0,1
1,1,0,0,0,0,3,0,0.158852344296711,1,0,2.29,2.0,1
1,0,2,0,0,0,0,0,0.0660601819454163,0,0,1.08,1.0,0
1,2,0,0,1,0,1,0,0.0660601819454163,0,0,33.28,33.0,0
0,0,3,0,0,0,0,0,0.0090972708187543,1,1,1.24,10.0,1
1,1,0,0,0,1,8,0,0.0660601819454163,1,0,11.17,11.0,1
1,0,0,0,0,1,6,1,0.0062981105668299,1,0,0.17,1.0,1
1,0,0,0,1,0,10,0,0.0660601819454163,1,0,1.82,2.0,1
1,0,0,0,0,0,12,0,0.0134359692092372,1,0,0.24,58.0,1
1,0,0,0,0,0,4,0,0.0036389083275017,1,1,45.27,16.0,1
1,0,0,0,0,0,7,1,0.0054583624912526,1,0,8.68,9.0,1
1,0,0,0,0,0,1,1,0.0016794961511546,1,0,29.91,1.0,1
1,1,0,0,0,0,2,0,0.0660601819454163,0,0,0.66,1.0,0
1,0,2,0,0,0,2,0,0.0001399580125962,1,0,0.87,4.0,1
1,0,0,2,0,0,16,0,0.0594821553533939,1,0,0.89,468.0,1
1,2,2,0,0,1,1,0,0.0029391182645206,0,0,0.89,4.0,0
1,0,0,0,0,0,3,0,0.158852344296711,0,0,0.18,0.0,0
1,0,0,0,0,0,13,0,0.0051784464660601,1,0,0.26,1.0,1
1,0,0,0,0,0,2,0,0.158852344296711,1,0,125.07,5.0,0
1,1,2,0,0,0,0,1,0.1577326801959412,1,1,0.51,3.0,1
1,2,0,0,1,0,6,0,0.0117564730580825,1,0,0.6,9.0,1
1,0,3,0,0,0,2,0,0.0002799160251924,1,1,1.98,2.0,1
0,2,3,0,0,0,0,1,0.1577326801959412,0,0,0.62,1.0,0
0,0,2,0,0,0,6,0,0.0660601819454163,1,0,67.91,9.0,1
1,1,0,0,0,0,5,0,0.0009797060881735,0,0,1.2,1.0,0
1,2,0,0,0,0,2,1,0.0006997900629811,1,0,49.77,9.0,1
1,1,0,0,0,0,12,0,0.0660601819454163,1,0,1.0,38.0,1
1,2,0,0,0,0,1,1,0.1577326801959412,1,1,1.69,2.0,1
1,1,0,0,0,0,1,0,0.158852344296711,0,0,49.81,50.0,0
1,1,2,0,0,0,6,0,0.0074177746675997,0,0,1.0,1.0,0
0,0,2,0,0,0,0,1,0.1577326801959412,0,0,1.21,1.0,0
1,0,2,0,0,0,5,0,0.0001399580125962,0,0,0.9,1.0,0
1,0,0,0,0,0,0,0,0.0279916025192442,1,0,1.18,1.0,1
1,1,2,0,0,0,1,0,0.0016794961511546,0,0,0.86,1.0,0
0,0,0,0,0,0,2,1,0.0016794961511546,0,0,2.0,2.0,0
1,1,2,0,0,0,4,0,0.158852344296711,0,0,1.28,2.0,0
1,1,3,0,0,0,15,0,0.0078376487053883,0,0,1.28,249.0,0
1,0,0,0,0,0,0,0,0.0134359692092372,1,0,1.29,69.0,1
1,2,5,0,0,0,4,0,0.0594821553533939,0,0,2.23,2.0,0
1,1,0,0,0,0,9,0,0.0064380685794261,1,0,64.98,1.0,0
1,0,3,0,0,0,4,0,0.0009797060881735,0,0,1.28,1511.0,0
1,1,0,0,0,0,0,1,0.1577326801959412,0,0,1.28,24.0,0
1,2,0,0,1,0,9,1,0.0058782365290412,1,0,3.11,2.0,1
0,2,0,0,1,0,2,0,0.0090972708187543,0,0,2.98,3.0,0
1,1,3,0,0,0,1,1,0.0134359692092372,0,0,0.04,0.0,0
0,0,0,0,0,0,2,0,0.0594821553533939,0,0,0.92,1.0,0
1,0,5,0,0,0,5,1,0.158852344296711,1,0,5.73,6.0,1
1,0,0,0,0,0,4,1,0.0090972708187543,0,0,1.28,2.0,0
0,0,2,0,0,0,22,1,0.0001399580125962,1,0,26.69,198.0,1
1,1,0,0,0,0,0,1,0.1577326801959412,0,0,0.21,0.0,0
0,2,5,0,0,0,2,0,0.0037788663400979,1,1,1.16,33.0,1
0,0,2,0,0,0,3,0,0.0026592022393282,0,0,0.67,8.0,0
0,0,2,0,0,0,1,0,0.0594821553533939,1,0,13.28,10.0,1
0,0,3,0,0,0,2,0,0.010776766969909,0,0,1.28,2.0,0
1,0,3,0,0,0,0,1,0.005738278516445,0,0,1.05,1.0,0
1,0,0,0,0,0,5,0,0.158852344296711,1,1,54.22,43.0,1
1,0,0,0,0,0,4,0,0.0090972708187543,0,0,1.09,56.0,0
1,2,0,0,0,0,1,1,0.001959412176347,1,0,2.02,2.0,1
1,0,2,0,0,0,5,0,0.0279916025192442,0,0,0.18,0.0,0
1,0,2,0,0,0,0,1,0.1577326801959412,1,1,0.99,1.0,1
1,2,0,0,0,0,0,0,0.0061581525542337,0,0,3.09,243.0,0
1,0,2,0,0,0,4,1,0.0067179846046186,1,1,7.0,0.0,1
1,1,0,0,0,0,11,1,0.0023792862141357,1,0,79.26,79.0,1
1,0,0,0,0,0,1,0,0.0134359692092372,0,0,1.17,1.0,0
1,0,0,0,0,0,12,0,0.0279916025192442,1,0,0.13,38.0,1
1,0,0,0,1,0,13,0,0.0660601819454163,1,0,1.28,73.0,1
0,0,3,0,0,0,0,1,0.0054583624912526,0,0,0.14,0.0,0
1,1,0,0,0,0,15,1,0.158852344296711,1,0,14.83,1.0,1
1,2,0,0,0,2,3,0,0.0137158852344296,1,1,0.99,68.0,1
1,0,0,0,0,0,15,0,0.0134359692092372,0,0,0.82,56.0,0
1,1,2,0,0,0,0,1,0.0062981105668299,0,0,0.92,0.0,0
1,0,0,0,0,0,12,0,0.0001399580125962,0,0,34.71,35.0,0
0,1,0,0,0,0,1,0,0.0106368089573128,0,0,0.26,0.0,0
1,2,5,0,0,0,0,0,0.0065780265920223,1,0,0.97,1.0,1
0,2,0,0,0,0,0,0,0.006997900629811,1,1,0.1,29.0,1
1,1,2,0,0,0,28,0,0.0016794961511546,1,0,33.9,1.0,1
1,0,0,0,0,0,7,0,0.0660601819454163,1,0,0.55,0.0,1
1,0,0,0,0,0,1,1,0.001959412176347,0,0,1.28,2.0,0
1,1,2,0,0,0,4,0,0.009517144856543,1,1,0.9,48.0,1
0,0,3,0,0,0,4,0,0.0137158852344296,1,0,5.07,5.0,1
1,0,0,3,0,0,16,0,0.158852344296711,1,0,8.4,34.0,1
0,2,0,0,0,0,0,1,0.1577326801959412,1,1,1.66,15.0,0
1,0,0,0,0,0,5,0,0.0043386983904828,1,0,0.96,1.0,1
1,1,2,0,0,0,13,0,0.158852344296711,0,0,6.94,7.0,0
0,1,2,0,0,0,0,0,0.0090972708187543,0,0,0.59,1.0,0
1,1,0,0,0,0,0,0,0.0034989503149055,0,0,6.96,7.0,0
0,0,0,0,0,0,0,1,0.0016794961511546,0,0,1.17,1.0,0
0,1,2,0,0,0,0,1,0.1577326801959412,0,0,1.77,2.0,0
1,0,0,0,0,0,1,0,0.0594821553533939,1,0,0.92,78.0,1
1,2,0,0,0,0,0,0,0.0660601819454163,1,1,0.61,210.0,1
0,0,2,0,0,0,0,1,0.1577326801959412,1,1,0.27,0.0,1
1,0,2,0,0,0,1,1,0.1577326801959412,0,0,35.24,35.0,0
1,0,1,0,0,0,0,0,0.0022393282015395,0,0,0.87,1.0,0
1,2,2,0,0,0,0,0,0.0134359692092372,0,0,0.73,1.0,0
1,0,0,0,0,0,7,1,0.1577326801959412,1,1,0.89,36.0,1
0,0,2,0,0,0,3,0,0.0008397480755773,0,0,1.28,2.0,0
0,2,2,0,0,0,0,0,0.0036389083275017,0,0,0.76,1.0,0
0,1,0,0,0,0,0,0,0.009517144856543,0,0,0.61,1.0,0
1,0,0,0,0,1,8,1,0.158852344296711,1,1,0.67,2.0,1
1,0,3,0,0,0,1,0,0.0134359692092372,1,0,0.78,1.0,1
1,0,0,0,1,1,8,0,0.0660601819454163,1,0,4.15,4.0,1
1,0,2,0,0,0,5,0,0.0279916025192442,0,0,0.27,0.0,0
1,0,0,0,0,0,0,1,0.0011196641007697,1,0,1.28,2.0,1
0,0,0,0,0,0,5,0,0.0030790762771168,0,0,0.88,1.0,0
1,0,0,0,0,0,1,1,0.1577326801959412,1,0,99.4,99.0,1
1,1,0,0,0,0,13,0,0.0660601819454163,1,0,66.24,66.0,1
1,0,2,0,0,0,2,0,0.0051784464660601,0,0,1.6,27.0,0
1,0,0,0,0,0,1,1,0.0062981105668299,0,0,1.28,2.0,0
0,0,0,0,0,0,1,0,0.158852344296711,0,0,1.14,1.0,0
0,0,2,0,1,0,11,0,0.009517144856543,1,0,1.14,1.0,1
1,2,0,0,1,0,3,0,0.0594821553533939,1,0,1.24,33.0,1
1,0,2,0,0,0,0,0,0.0594821553533939,0,0,1.94,7.0,0
1,1,2,0,0,0,1,0,0.006997900629811,1,1,0.61,38.0,1
0,0,3,0,0,0,0,1,0.1577326801959412,0,0,1.04,1.0,0
0,2,0,0,0,0,0,1,0.1577326801959412,0,0,1.25,1.0,0
1,0,0,1,2,0,6,0,0.0043386983904828,1,0,0.85,1.0,1
1,2,5,0,0,0,0,0,0.0078376487053883,1,0,1.2,32.0,1
1,2,0,0,0,2,1,1,0.158852344296711,1,0,6.21,185.0,1
0,2,3,0,1,0,2,1,0.1577326801959412,0,0,1.35,1.0,0
0,0,0,0,0,0,5,0,0.0085374387683694,0,0,186.7,1378.0,0
1,2,2,1,0,0,1,0,0.158852344296711,1,0,0.85,1.0,1
1,1,2,0,0,0,3,1,0.1577326801959412,0,0,2.11,2.0,0
1,0,2,0,0,0,4,0,0.003219034289713,1,1,2.83,72.0,1
1,0,2,0,0,0,0,1,0.1577326801959412,1,0,1.28,31.0,0
1,0,5,0,0,0,2,0,0.0594821553533939,0,0,0.86,1.0,0
1,2,2,1,3,2,5,1,0.158852344296711,1,0,28.58,8.0,1
1,0,3,0,0,0,2,0,0.0594821553533939,0,0,3.22,3.0,0
1,2,3,0,0,0,2,0,0.158852344296711,1,0,58.95,6.0,1
1,2,0,0,0,2,1,0,0.0001399580125962,1,0,1.06,0.0,1
1,1,0,0,0,0,0,1,0.1577326801959412,1,0,1.1,1.0,1
1,1,0,0,0,0,12,0,0.0660601819454163,1,0,1.68,2.0,1
1,0,2,0,0,0,1,1,0.0103568929321203,0,0,1.66,2.0,0
0,1,2,0,0,0,8,1,0.0064380685794261,1,0,23.75,12.0,1
1,2,0,0,1,2,2,1,0.0001399580125962,0,0,0.29,0.0,0
0,0,0,0,0,0,0,0,0.0594821553533939,0,0,0.93,0.0,0
1,1,0,0,0,0,5,1,0.0016794961511546,0,0,1.28,1182.0,0
1,1,2,0,0,0,1,0,0.158852344296711,1,0,4.91,1.0,1
0,1,0,0,0,0,6,0,0.009517144856543,0,0,1.3,1.0,0
1,0,2,0,0,0,4,1,0.1577326801959412,1,1,26.8,27.0,1
1,0,2,0,0,0,0,0,0.0594821553533939,1,1,0.85,7.0,0
1,0,0,0,0,0,9,0,0.158852344296711,1,0,84.74,48.0,1
1,1,2,0,0,0,2,0,0.0660601819454163,0,0,6.13,7.0,0
1,1,0,0,0,1,12,0,0.0134359692092372,1,1,0.67,34.0,1
1,0,2,0,0,0,1,0,0.158852344296711,0,0,0.78,0.0,0
1,0,5,0,0,0,0,0,0.0018194541637508,1,1,20.23,76.0,1
0,0,0,0,0,0,2,0,0.0085374387683694,1,0,0.89,1.0,1
1,0,3,0,0,0,2,0,0.158852344296711,1,1,0.91,1.0,1
1,0,2,0,0,0,1,0,0.158852344296711,1,1,0.84,62.0,0
1,1,2,0,0,0,3,0,0.158852344296711,0,0,1.28,2.0,0
1,1,2,0,0,0,0,1,0.0188943317004898,0,0,0.59,0.0,0
1,0,0,0,0,0,0,0,0.0594821553533939,0,0,0.97,120.0,0
1,0,2,0,0,1,1,0,0.0078376487053883,0,0,0.93,1.0,0
1,0,0,1,0,0,3,0,0.0018194541637508,1,0,0.96,1434.0,1
0,1,2,0,0,0,6,0,0.0660601819454163,1,0,10.82,110.0,1
1,2,0,0,1,0,1,0,0.0018194541637508,1,1,456.04,456.0,1
1,2,0,0,0,0,0,0,0.008257522743177,0,0,0.6,1.0,0
0,0,0,0,0,0,1,0,0.0009797060881735,1,0,0.18,0.0,1
0,1,0,0,0,0,0,0,0.0594821553533939,0,0,0.99,1.0,0
0,1,2,0,0,0,0,1,0.0188943317004898,0,0,0.18,0.0,0
1,1,0,0,0,0,0,1,0.0103568929321203,0,0,1.93,2.0,0
1,2,0,0,0,0,0,1,0.1577326801959412,0,0,3.01,3.0,0
1,0,0,0,0,0,0,0,0.0030790762771168,0,0,1.07,1.0,0
1,1,0,0,0,0,0,0,0.0020993701889433,1,0,2.32,2.0,1
1,0,0,1,0,0,10,0,0.006997900629811,1,1,0.77,126.0,1
1,0,3,0,0,0,1,0,0.0008397480755773,1,0,0.53,45.0,1
1,1,0,0,0,0,1,0,0.0065780265920223,0,0,0.97,1.0,0
1,0,2,0,0,0,1,0,0.0117564730580825,1,0,33.59,19.0,1
1,2,0,0,0,0,15,0,0.158852344296711,1,1,4.61,119.0,1
1,0,0,0,0,0,2,0,0.0090972708187543,1,1,2.69,3.0,1
0,2,0,0,0,0,0,0,0.0004198740377886,0,0,0.85,1.0,0
1,0,0,0,0,0,0,0,0.0134359692092372,0,0,3.02,3.0,0
1,0,2,0,0,0,5,0,0.0660601819454163,1,0,55.11,55.0,1
1,1,0,0,0,0,0,0,0.0006997900629811,0,0,1.1,37.0,0
1,0,0,0,0,0,2,0,0.0117564730580825,1,0,8.92,11.0,0
1,2,2,0,0,1,1,1,0.0103568929321203,0,0,0.9,1.0,0
0,1,5,0,0,0,0,0,0.0061581525542337,0,0,3.03,3.0,0
1,0,2,0,0,0,1,1,0.0090972708187543,1,0,0.89,1.0,1
1,0,3,0,0,0,0,0,0.0594821553533939,1,0,0.17,1.0,1
1,1,3,0,0,0,2,0,0.009517144856543,1,0,3.04,174.0,1
1,0,0,0,0,0,0,0,0.0015395381385584,0,0,2.04,2.0,0
1,0,3,0,0,0,1,1,0.0023792862141357,0,0,29.75,50.0,0
0,0,2,0,0,0,1,1,0.1577326801959412,1,0,0.16,0.0,1
1,0,0,0,0,0,0,0,0.0078376487053883,1,0,1.97,118.0,1
1,0,2,0,0,0,3,0,0.0117564730580825,0,0,70.05,70.0,0
1,0,0,0,0,0,21,1,0.0016794961511546,1,0,6.14,6.0,1
1,2,2,0,0,1,0,1,0.0054583624912526,0,0,0.85,1.0,0
0,0,2,0,0,1,0,1,0.1577326801959412,0,0,1.06,1.0,0
1,2,0,0,0,0,1,0,0.0065780265920223,1,0,0.19,1.0,1
1,1,0,0,0,0,3,0,0.0660601819454163,0,0,0.33,0.0,0
1,2,0,0,0,1,2,0,0.008257522743177,1,0,129.13,2155.0,1
1,0,2,0,0,0,2,0,0.0008397480755773,0,0,1.02,1.0,0
0,0,0,0,0,0,3,0,0.158852344296711,0,0,29.05,29.0,0
1,0,0,0,0,0,0,1,0.0079776067179846,1,0,0.01,1.0,1
1,0,2,0,0,0,3,1,0.1577326801959412,1,0,1.91,17.0,1
1,2,0,0,0,0,0,1,0.1577326801959412,1,1,1.83,1.0,1
0,0,0,0,0,0,3,1,0.1577326801959412,0,0,2.04,2.0,0
1,0,0,0,0,0,4,0,0.0134359692092372,1,0,0.76,1.0,1
0,0,2,0,0,0,4,0,0.158852344296711,0,0,29.63,30.0,0
1,2,0,0,0,0,1,0,0.0117564730580825,1,0,6.09,6.0,1
0,0,0,0,0,0,1,0,0.158852344296711,0,0,0.74,0.0,0
0,0,0,0,0,0,15,0,0.158852344296711,1,1,65.8,66.0,1
1,0,0,0,0,0,0,0,0.0002799160251924,1,0,0.83,1.0,1
1,2,0,0,0,0,0,0,0.0137158852344296,0,0,3.08,3.0,0
1,0,2,0,0,0,2,0,0.0029391182645206,1,0,1.96,2.0,1
1,2,2,0,0,0,0,0,0.0106368089573128,0,0,0.07,0.0,0
1,0,0,0,0,0,0,0,0.0279916025192442,0,0,0.83,1.0,0
1,0,0,0,0,0,1,0,0.0106368089573128,0,0,1.08,1.0,0
0,2,0,0,0,0,3,0,0.0594821553533939,0,0,0.05,4.0,0
0,2,0,0,0,0,1,0,0.0594821553533939,0,0,0.84,42.0,0
1,0,0,0,0,0,0,1,0.004478656403079,1,0,1.03,1.0,1
1,0,0,0,0,0,35,0,0.158852344296711,0,0,3.71,14.0,0
1,0,2,0,0,0,2,1,0.001959412176347,1,0,11.02,2.0,1
0,2,2,0,0,0,0,0,0.0594821553533939,1,0,1.72,1.0,1
1,2,0,0,0,1,1,0,0.0100769769069279,1,0,0.15,26.0,1
0,0,5,0,0,0,4,1,0.1577326801959412,1,1,1.99,1.0,1
1,0,0,0,3,0,3,1,0.0058782365290412,1,0,205.03,34.0,1
0,2,0,0,0,0,3,1,0.0001399580125962,1,0,2.94,3.0,1
1,0,0,0,0,0,0,1,0.0067179846046186,0,0,34.16,34.0,0
1,0,2,0,0,0,1,0,0.158852344296711,1,0,18.93,19.0,1
1,0,2,0,0,0,10,0,0.0594821553533939,1,0,1.04,48.0,1
1,0,2,0,0,0,0,0,0.0002799160251924,0,0,0.64,1.0,0
1,1,2,0,0,0,1,1,0.0103568929321203,0,0,1.12,1.0,0
1,0,0,0,1,0,7,0,0.008257522743177,1,1,20.21,37.0,1
0,0,2,0,0,0,7,0,0.158852344296711,0,0,144.87,145.0,0
1,0,2,0,0,0,0,0,0.0594821553533939,0,0,5.4,5.0,0
1,0,2,0,0,0,0,1,0.0079776067179846,0,0,3.1,3.0,0
1,0,0,0,1,0,5,0,0.158852344296711,0,0,9.2,9.0,0
1,2,0,0,0,0,0,0,0.0023792862141357,0,0,3.85,4.0,0
1,0,2,0,0,0,0,1,0.1577326801959412,0,0,1.8,2.0,0
1,0,0,0,0,0,12,0,0.0008397480755773,1,1,1.02,1.0,1
0,0,2,0,0,0,4,1,0.1577326801959412,0,0,1.86,2.0,0
1,2,0,0,0,0,1,0,0.0018194541637508,0,0,2.1,17.0,0
0,0,0,0,0,0,0,1,0.1577326801959412,0,0,0.91,1.0,0
1,0,0,0,0,0,4,0,0.158852344296711,0,0,7.16,7.0,0
1,0,2,0,0,0,1,0,0.0117564730580825,0,0,28.98,8.0,0
0,0,2,0,0,0,0,1,0.1577326801959412,0,0,0.19,0.0,0
1,0,0,1,1,0,18,0,0.0137158852344296,1,0,197.9,100.0,1
1,0,0,0,0,0,2,0,0.0594821553533939,1,0,2.21,0.0,0
0,0,2,0,0,0,1,1,0.0103568929321203,0,0,1.28,2.0,0
1,0,5,0,0,0,0,0,0.0137158852344296,0,0,108.05,108.0,0
0,0,0,0,0,0,0,1,0.1577326801959412,0,0,44.23,44.0,0
0,0,2,0,0,0,1,0,0.0660601819454163,0,0,8.89,9.0,0
1,0,0,0,0,0,2,0,0.0660601819454163,1,0,9.21,1.0,1
0,0,0,0,0,0,0,1,0.1577326801959412,0,0,0.82,1.0,0
1,0,2,0,0,1,3,1,0.0029391182645206,0,0,0.95,1.0,0
1,0,3,0,0,0,7,0,0.0011196641007697,1,0,26.1,1.0,1
0,0,3,0,0,0,0,0,0.004478656403079,0,0,25.37,25.0,0
0,0,0,0,0,0,0,1,0.1577326801959412,0,0,2.4,2.0,0
0,0,2,0,0,0,0,1,0.0103568929321203,0,0,0.3,0.0,0
1,2,2,1,0,0,1,0,0.158852344296711,1,0,15.62,16.0,1
1,2,0,0,0,0,0,0,0.0594821553533939,0,0,1.27,1.0,0
0,1,3,0,0,0,0,1,0.1577326801959412,0,0,0.62,1.0,0
1,2,0,0,0,0,2,1,0.1577326801959412,1,0,0.56,1.0,1
1,1,0,0,0,0,0,0,0.0053184044786564,1,1,1.27,220.0,1
0,0,0,0,0,0,1,0,0.0279916025192442,1,0,6.18,6.0,1
1,2,0,0,0,0,1,1,0.0062981105668299,0,0,1.04,1.0,0
1,0,0,0,1,0,3,1,0.1577326801959412,1,0,80.56,288.0,1
1,2,0,0,0,1,5,0,0.0594821553533939,1,1,4.98,15.0,1
1,2,5,0,0,0,0,1,0.1577326801959412,0,0,0.95,1.0,0
0,2,2,0,0,0,0,1,0.0134359692092372,0,0,0.33,8.0,0
1,0,2,0,0,0,2,0,0.158852344296711,1,0,2.07,2.0,1
0,2,3,0,0,0,0,1,0.0011196641007697,0,0,0.69,1.0,0
0,2,0,0,0,0,0,1,0.001959412176347,1,1,1.37,1.0,1
1,0,2,0,0,0,0,0,0.0137158852344296,1,1,5.82,6.0,1
0,0,2,0,0,0,0,1,0.001959412176347,1,1,0.92,1.0,1
1,0,0,4,0,0,12,0,0.0660601819454163,1,0,9.13,31.0,1
1,0,0,0,0,0,2,0,0.0004198740377886,0,0,258.83,259.0,0
1,2,2,0,0,0,0,1,0.1577326801959412,1,0,1.28,2.0,1
0,0,2,0,0,0,0,1,0.1577326801959412,0,0,0.62,1.0,0
1,1,3,0,0,0,1,0,0.0013995801259622,0,0,81.02,81.0,0
1,0,0,0,1,1,8,0,0.0053184044786564,1,0,2.78,33.0,1
0,0,2,0,0,0,0,0,0.0660601819454163,0,0,0.1,0.0,0
1,1,0,0,0,0,4,0,0.0660601819454163,0,0,1.96,2.0,0
0,0,2,0,0,0,0,1,0.005738278516445,0,0,0.9,1.0,0
1,0,3,0,0,0,2,1,0.0188943317004898,0,0,29.34,29.0,0
1,0,0,0,1,0,9,0,0.0660601819454163,1,0,1.78,2.0,1
1,1,2,0,0,0,0,0,0.0022393282015395,0,0,0.61,1.0,0
1,2,0,1,0,0,1,1,0.1577326801959412,0,0,1.91,2.0,0
0,0,0,0,0,0,1,0,0.0594821553533939,0,0,2.18,2.0,0
1,1,2,0,0,0,1,1,0.1577326801959412,0,0,4.06,4.0,0
1,2,3,0,0,0,2,0,0.158852344296711,1,1,91.71,1.0,0
0,1,0,0,1,1,21,1,0.1577326801959412,1,0,21.89,1.0,1
1,0,5,0,0,0,0,1,0.1577326801959412,0,0,0.17,0.0,0
1,0,3,0,0,0,0,0,0.0660601819454163,0,0,0.74,1.0,0
1,1,0,0,0,0,12,0,0.0064380685794261,0,0,241.99,242.0,0
1,1,0,0,0,0,3,0,0.0061581525542337,0,0,1.82,2.0,0
0,0,2,0,0,0,2,1,0.1577326801959412,0,0,0.94,1.0,0
1,0,2,4,0,1,13,0,0.158852344296711,1,0,5.19,1.0,1
1,2,0,0,0,0,0,0,0.0022393282015395,1,1,0.94,43.0,1
1,2,2,0,0,0,3,0,0.0090972708187543,0,0,9.67,10.0,0
1,2,0,0,0,0,0,0,0.0023792862141357,0,0,0.77,1.0,0
1,0,2,0,0,0,1,0,0.0660601819454163,0,0,1.08,1.0,0
0,0,2,0,0,0,1,1,0.0103568929321203,0,0,1.78,2.0,0
1,1,0,0,0,0,5,0,0.0013995801259622,1,0,597.92,598.0,1
1,0,2,0,0,0,2,0,0.0025192442267319,1,0,5.09,5.0,1
1,2,0,0,0,0,0,0,0.0008397480755773,1,0,149.72,30.0,1
1,0,0,0,0,0,6,0,0.0004198740377886,1,0,53.05,18.0,1
1,0,5,0,0,0,0,0,0.0030790762771168,0,0,1.1,1.0,0
1,0,0,0,0,0,0,0,0.0279916025192442,0,0,1.06,1.0,0
1,2,0,0,0,0,1,0,0.001959412176347,1,0,103.3,45.0,1
1,2,0,0,0,0,3,0,0.0137158852344296,1,1,44.01,139.0,1
1,2,2,0,0,1,1,0,0.0005598320503848,0,0,2.08,2.0,0
1,1,5,0,0,0,0,1,0.0103568929321203,0,0,0.92,0.0,0
1,2,0,0,1,0,2,0,0.0106368089573128,0,0,1.08,1.0,0
0,0,0,0,0,0,0,1,0.1577326801959412,0,0,1.18,1.0,0
0,1,2,0,0,0,0,1,0.0016794961511546,1,0,1.1,1.0,1
1,0,3,1,0,0,2,1,0.0020993701889433,1,0,1.26,0.0,1
1,0,0,0,0,0,1,0,0.0100769769069279,0,0,0.16,0.0,0
1,1,3,0,0,0,13,0,0.0594821553533939,0,0,141.93,142.0,0
1,1,0,0,0,0,22,0,0.0660601819454163,1,0,33.26,77.0,1
1,0,0,0,0,0,0,0,0.0134359692092372,1,0,0.92,1.0,1
1,0,2,0,0,0,2,0,0.0594821553533939,0,0,1.86,2.0,0
1,1,0,0,0,0,0,1,0.1577326801959412,1,0,1.28,1.0,0
0,2,2,0,0,0,3,0,0.0594821553533939,1,0,2.64,10.0,1
0,0,2,0,0,0,9,1,0.158852344296711,1,0,0.78,1.0,1
1,0,3,0,0,0,1,0,0.0002799160251924,0,0,2.16,2.0,0
1,2,2,0,0,0,0,0,0.0026592022393282,1,1,1.99,1.0,1
1,1,2,0,0,0,3,1,0.0005598320503848,1,0,0.86,21.0,1
0,0,2,0,0,0,2,0,0.0001399580125962,1,0,0.95,41.0,1
1,0,0,0,0,0,8,0,0.0020993701889433,1,0,1.15,1.0,1
1,2,0,0,0,0,0,1,0.1577326801959412,1,0,0.91,1.0,1
0,0,0,0,0,0,4,0,0.158852344296711,0,0,2.12,2.0,0
1,0,2,0,0,0,0,0,0.0594821553533939,1,0,0.95,60.0,1
1,0,2,0,0,0,7,0,0.0015395381385584,1,0,0.86,1.0,1
1,0,5,0,0,0,0,0,0.0022393282015395,1,0,54.01,54.0,1
1,0,2,0,0,0,1,0,0.0594821553533939,1,0,1.14,1.0,1
1,1,2,0,0,0,3,1,0.001959412176347,0,0,0.63,1.0,0
1,2,2,0,0,0,0,0,0.0002799160251924,1,1,6.05,9.0,1
1,2,3,0,0,0,0,1,0.0002799160251924,1,0,1.28,2.0,1
1,0,0,0,0,0,5,0,0.0015395381385584,1,0,2.13,2.0,0
1,0,0,0,0,0,0,0,0.0029391182645206,0,0,40.08,40.0,0
1,0,0,0,0,0,6,1,0.0079776067179846,1,0,1.13,1.0,1
0,2,0,0,1,0,1,1,0.1577326801959412,0,0,0.78,0.0,0
1,0,2,0,0,0,11,0,0.0064380685794261,0,0,141.27,141.0,0
1,1,0,0,0,0,2,0,0.0660601819454163,0,0,1.28,2.0,0
1,2,2,0,0,0,0,0,0.001959412176347,0,0,1.04,1.0,0
0,0,0,0,0,0,2,0,0.0005598320503848,0,0,1.23,72.0,0
1,1,2,0,0,0,1,0,0.010776766969909,1,0,81.98,82.0,1
1,0,3,0,0,0,2,0,0.0033589923023093,0,0,13.9,242.0,0
1,0,0,0,0,1,17,0,0.0005598320503848,1,0,1.32,1.0,1
0,1,2,0,0,0,1,1,0.0054583624912526,0,0,4.19,0.0,0
1,0,2,0,0,0,0,0,0.0030790762771168,0,0,89.94,90.0,0
0,0,5,0,0,0,0,1,0.1577326801959412,1,0,0.92,1.0,1
1,1,0,0,0,0,17,0,0.0660601819454163,1,0,0.87,72.0,1
0,0,0,0,0,0,0,1,0.158852344296711,0,0,0.85,1.0,0
1,0,2,0,0,0,3,1,0.158852344296711,1,0,9.84,10.0,1
1,2,0,0,0,1,1,0,0.158852344296711,1,0,1.23,0.0,1
1,0,0,0,0,0,0,0,0.0100769769069279,0,0,2.33,2.0,0
1,0,0,0,0,0,2,1,0.0009797060881735,0,0,1.09,1.0,0
1,0,3,0,0,0,0,0,0.0660601819454163,1,1,0.82,50.0,1
1,1,0,0,0,0,4,0,0.158852344296711,0,0,1.28,2.0,0
1,0,2,0,0,0,0,1,0.005738278516445,0,0,0.21,0.0,0
1,0,0,0,0,0,1,0,0.0054583624912526,1,0,132.01,1.0,1
0,2,0,0,0,0,0,0,0.0015395381385584,0,0,0.27,0.0,0
0,2,0,0,0,0,1,0,0.158852344296711,0,0,0.79,1.0,0
0,0,3,0,0,0,0,1,0.1577326801959412,0,0,0.64,1.0,0
1,0,0,0,0,0,21,0,0.0279916025192442,1,0,0.63,1.0,1
1,0,0,0,0,3,18,0,0.0594821553533939,1,0,0.89,1.0,1
1,2,3,0,0,0,0,1,0.0062981105668299,1,0,0.83,1.0,1
0,1,0,0,0,0,1,0,0.158852344296711,0,0,51.99,52.0,0
1,0,0,0,1,0,9,0,0.0020993701889433,1,1,8.03,35.0,1
1,2,0,0,0,0,1,0,0.0594821553533939,0,0,35.79,36.0,0
0,0,0,0,0,0,0,0,0.0005598320503848,1,1,0.76,94.0,1
1,0,0,0,1,0,10,1,0.0001399580125962,0,0,0.73,5.0,0
1,0,0,0,0,0,1,0,0.158852344296711,0,0,1.85,8.0,0
1,0,0,0,0,0,0,0,0.0594821553533939,0,0,0.81,1.0,0
1,2,0,0,0,0,2,0,0.0036389083275017,1,0,6.0,6.0,1
1,0,2,0,0,0,1,0,0.0660601819454163,1,0,39.04,58.0,1
1,0,0,0,0,0,1,1,0.1577326801959412,1,1,5.24,5.0,1
1,0,2,0,0,0,0,0,0.0085374387683694,0,0,5.91,6.0,0
1,0,0,0,0,0,0,1,0.0061581525542337,0,0,3.82,4.0,0
1,2,2,0,0,0,3,0,0.010776766969909,1,0,142.17,18.0,1
0,0,0,0,0,0,0,0,0.0085374387683694,0,0,2.28,2.0,0
1,2,2,0,1,0,1,0,0.0660601819454163,1,1,5.98,6.0,1
1,2,0,0,0,0,1,0,0.0074177746675997,1,1,120.31,120.0,1
0,0,2,0,0,0,0,0,0.0001399580125962,0,0,28.22,28.0,0
1,1,2,0,0,0,2,0,0.0005598320503848,0,0,3.25,1.0,0
0,1,0,0,0,0,1,0,0.0660601819454163,1,0,0.85,1.0,1
0,2,0,0,0,0,4,0,0.0004198740377886,1,0,2.16,2.0,1
0,0,2,0,0,0,0,1,0.1577326801959412,0,0,0.76,1.0,0
1,2,0,0,1,0,2,0,0.158852344296711,1,0,1.84,11.0,1
0,0,0,0,0,0,4,0,0.0660601819454163,1,0,2.03,2.0,1
1,0,0,0,0,0,0,0,0.0051784464660601,0,0,0.12,0.0,0
1,0,2,0,0,0,1,1,0.0076976906927921,1,0,0.99,1.0,1
1,1,2,0,0,0,3,0,0.0137158852344296,0,0,16.84,9.0,0
1,2,0,0,0,0,0,0,0.010776766969909,0,0,2.87,3.0,0
1,2,0,0,0,0,2,0,0.0660601819454163,1,0,18.18,1.0,1
1,0,0,0,0,0,3,0,0.0051784464660601,1,1,9.04,9.0,1
1,0,3,0,0,0,0,0,0.0100769769069279,0,0,0.08,0.0,0
0,0,0,0,0,0,0,0,0.0090972708187543,0,0,2.29,2.0,0
1,0,0,0,0,0,0,1,0.1577326801959412,1,0,1.07,1.0,1
0,1,2,0,0,0,2,0,0.0660601819454163,0,0,0.9,1.0,0
0,0,5,0,0,0,2,0,0.158852344296711,0,0,15.74,68.0,0
1,2,2,0,0,5,0,1,0.1577326801959412,0,0,1.17,1.0,0
1,0,0,0,0,1,10,0,0.0660601819454163,1,0,181.92,1.0,1
1,0,0,0,0,0,5,0,0.158852344296711,1,0,49.27,49.0,1
1,2,0,0,1,0,4,0,0.158852344296711,1,1,192.71,398.0,1
1,0,2,0,0,0,0,1,0.1577326801959412,0,0,2.92,3.0,0
0,1,1,0,0,0,6,0,0.0006997900629811,1,0,1.96,0.0,1
1,0,2,0,0,0,1,1,0.1577326801959412,0,0,1.06,1.0,0
0,0,0,0,0,0,13,0,0.0074177746675997,1,0,32.02,5.0,1
1,0,2,0,0,0,0,0,0.008257522743177,1,0,2.25,2.0,1
1,1,3,0,0,0,1,0,0.0037788663400979,1,0,1.29,1.0,1
1,1,0,0,0,0,4,1,0.1577326801959412,0,0,4.98,5.0,0
1,0,3,0,0,0,1,1,0.0067179846046186,0,0,3.99,4.0,0
1,1,3,0,0,0,5,0,0.010776766969909,0,0,93.96,94.0,0
1,0,2,0,0,0,0,0,0.0279916025192442,1,0,2.92,3.0,1
1,1,0,0,0,0,3,1,0.0058782365290412,0,0,66.06,66.0,0
1,0,0,0,0,0,2,0,0.0040587823652904,1,0,1.94,9.0,1
0,2,0,0,0,0,0,1,0.1577326801959412,1,0,0.99,1.0,1
1,0,0,0,0,0,2,1,0.0079776067179846,1,0,4.89,5.0,1
1,0,3,1,0,0,1,0,0.158852344296711,1,0,221.94,222.0,1
1,2,0,0,0,0,0,0,0.0594821553533939,0,0,0.86,0.0,0
1,1,0,0,0,0,20,1,0.0079776067179846,1,0,30.69,31.0,1
1,2,2,0,0,2,2,0,0.0106368089573128,0,0,32.89,33.0,0
1,0,0,0,0,0,2,0,0.158852344296711,0,0,1.28,244.0,0
0,0,2,0,0,0,2,0,0.0594821553533939,1,0,0.22,0.0,1
0,0,0,0,0,0,6,0,0.158852344296711,0,0,0.7,1.0,0
1,1,0,1,0,0,12,1,0.0002799160251924,1,0,3.82,10.0,1
1,2,0,0,0,0,1,0,0.0594821553533939,1,0,58.07,58.0,1
1,1,0,0,0,0,4,0,0.0660601819454163,1,0,1.03,57.0,1
1,1,0,0,0,0,8,1,0.0001399580125962,0,0,25.87,26.0,0
1,0,0,0,0,0,0,0,0.0134359692092372,0,0,0.95,1.0,0
1,2,2,0,0,0,0,0,0.0002799160251924,0,0,1.05,1.0,0
1,0,2,0,0,0,0,0,0.0074177746675997,1,0,1.03,1.0,1
1,0,0,0,0,0,0,1,0.0058782365290412,1,0,1.02,1.0,1
1,0,2,0,0,0,2,0,0.0134359692092372,0,0,9.04,9.0,0
1,0,2,0,0,0,2,0,0.0660601819454163,0,0,0.57,87.0,0
0,0,0,0,0,0,0,1,0.1577326801959412,1,1,0.81,1.0,1
1,0,0,0,0,0,7,0,0.158852344296711,0,0,28.92,29.0,0
1,1,0,0,0,0,0,1,0.1577326801959412,1,0,4.33,1.0,1
1,0,2,0,0,0,5,0,0.0660601819454163,1,0,0.85,7.0,1
1,0,0,0,0,0,16,1,0.0079776067179846,1,1,33.0,33.0,1
1,0,5,0,0,0,1,0,0.0036389083275017,0,0,1.81,2.0,0
0,1,2,0,0,0,1,1,0.0103568929321203,0,0,0.79,0.0,0
1,2,0,0,0,0,2,0,0.0138558432470258,1,0,13.71,7.0,0
1,0,2,0,0,0,2,0,0.0036389083275017,1,1,2.17,2.0,1
1,0,3,0,0,0,0,1,0.1577326801959412,1,0,0.26,19.0,1
1,0,0,0,1,0,6,0,0.0053184044786564,1,1,4.32,4.0,1
0,0,2,0,0,0,3,0,0.0018194541637508,1,0,1.08,1.0,1
1,2,2,0,0,0,0,0,0.0023792862141357,0,0,1.22,1.0,0
1,2,0,0,0,0,0,0,0.0117564730580825,1,0,1.09,3.0,1
1,0,0,0,1,0,10,0,0.158852344296711,1,0,260.88,261.0,1
1,0,0,0,0,0,0,0,0.158852344296711,0,0,1.94,2.0,0
1,0,0,0,0,0,1,0,0.0006997900629811,0,0,0.24,0.0,0
1,0,2,0,0,0,7,0,0.0085374387683694,1,0,0.17,1574.0,1
1,0,4,0,0,0,2,1,0.005738278516445,0,0,1.0,1.0,0
1,0,0,0,0,0,0,1,0.0008397480755773,1,0,0.9,10.0,1
1,0,3,0,0,0,1,1,0.1577326801959412,0,0,1.28,2.0,0
1,1,0,0,0,0,1,0,0.0279916025192442,0,0,1.2,1.0,0
1,1,2,0,0,0,3,0,0.158852344296711,0,0,86.09,109.0,0
1,0,0,0,0,0,0,0,0.0009797060881735,0,0,280.23,280.0,0
1,1,2,0,0,0,0,1,0.1577326801959412,0,0,1.89,2.0,0
1,0,2,0,0,0,2,0,0.0106368089573128,0,0,1.28,2.0,0
1,2,0,0,1,0,1,1,0.0058782365290412,0,0,1.28,2.0,0
0,0,0,2,0,0,9,0,0.158852344296711,0,0,173.88,174.0,0
1,2,2,0,0,0,0,1,0.0090972708187543,1,0,0.98,1.0,1
1,1,0,0,0,0,5,1,0.1577326801959412,1,0,25.27,42.0,1
1,0,0,0,0,0,6,1,0.1577326801959412,1,0,1.14,1.0,1
1,2,2,0,1,0,2,0,0.0005598320503848,1,1,1.3,143.0,1
1,0,2,0,0,0,2,0,0.158852344296711,0,0,40.83,41.0,0
1,2,0,0,0,0,2,0,0.0594821553533939,0,0,49.92,50.0,0
1,0,0,0,0,0,4,1,0.0134359692092372,1,1,47.97,1.0,1
0,2,2,0,0,0,4,1,0.1577326801959412,1,0,133.24,5.0,1
0,0,2,0,0,0,0,1,0.0188943317004898,1,0,0.86,1.0,1
1,0,0,0,0,0,8,0,0.0279916025192442,1,0,0.98,3.0,1
1,1,0,0,0,0,29,0,0.0594821553533939,1,0,18.93,0.0,1
1,0,2,0,0,1,3,0,0.0100769769069279,0,0,7.88,8.0,0
0,1,2,0,0,0,0,1,0.1577326801959412,0,0,0.93,1.0,0
1,0,3,0,0,0,0,0,0.010776766969909,0,0,0.99,1.0,0
0,2,2,0,0,0,0,0,0.0015395381385584,0,0,0.76,26.0,0
1,1,0,1,0,0,13,1,0.1577326801959412,1,0,60.03,60.0,1
1,1,5,0,0,0,0,0,0.0008397480755773,0,0,6.85,7.0,0
1,0,2,0,0,0,2,0,0.158852344296711,0,0,1.0,1.0,0
1,2,0,0,0,0,1,0,0.0009797060881735,0,0,63.2,63.0,0
1,0,3,0,0,0,1,1,0.0058782365290412,0,0,1.13,1.0,0
1,0,0,2,3,0,8,0,0.158852344296711,0,0,185.37,41.0,0
1,2,0,0,0,0,3,0,0.0117564730580825,1,0,21.11,234.0,1
1,0,0,0,0,0,2,0,0.0106368089573128,0,0,1.1,1.0,0
1,0,0,0,0,0,11,1,0.1577326801959412,1,0,29.61,21.0,1
0,2,2,0,0,0,0,0,0.0030790762771168,0,0,0.92,11.0,0
1,2,5,0,0,0,4,0,0.0004198740377886,1,0,40.15,40.0,0
1,1,2,0,0,0,4,1,0.0001399580125962,1,1,17.08,3.0,1
1,0,0,0,0,0,15,0,0.0074177746675997,1,0,30.14,30.0,1
1,0,0,0,0,0,10,0,0.0660601819454163,1,0,20.23,634.0,1
1,0,0,0,0,0,15,1,0.158852344296711,1,0,1.28,2.0,1
1,1,2,0,0,0,0,0,0.0660601819454163,0,0,1.0,1.0,0
1,0,2,0,0,1,1,0,0.0029391182645206,0,0,1.28,2.0,0
1,1,2,0,0,0,3,1,0.1577326801959412,1,0,12.84,13.0,1
1,1,0,0,0,0,10,1,0.1577326801959412,1,1,4.28,168.0,1
1,2,0,0,0,0,0,0,0.0043386983904828,1,0,1.37,55.0,1
1,0,0,0,0,0,9,0,0.0036389083275017,1,0,111.94,112.0,0
1,1,2,0,0,0,0,0,0.0279916025192442,1,0,0.76,1.0,0
1,2,0,0,0,0,3,1,0.1577326801959412,0,0,6.27,6.0,0
1,1,2,0,0,0,2,0,0.158852344296711,1,1,29.4,40.0,1
1,0,1,0,0,0,0,0,0.0001399580125962,0,0,19.93,20.0,0
1,0,0,0,0,0,0,1,0.1577326801959412,1,1,1.05,8.0,1
1,0,2,0,0,0,4,1,0.0001399580125962,1,1,11.76,12.0,1
0,0,0,0,0,0,5,0,0.0138558432470258,1,0,1.21,1.0,0
0,1,2,0,0,0,0,1,0.1577326801959412,0,0,0.94,1.0,0
1,0,5,0,0,0,2,1,0.004478656403079,0,0,64.25,64.0,0
1,0,2,0,0,0,4,0,0.003219034289713,1,1,33.19,1.0,1
1,0,0,0,0,0,7,0,0.158852344296711,1,1,6.9,15.0,1
1,1,2,0,0,0,3,0,0.0064380685794261,0,0,30.93,31.0,0
1,0,0,0,0,0,3,0,0.0117564730580825,1,1,13.31,29.0,1
0,0,0,0,0,0,0,0,0.0015395381385584,0,0,1.28,1.0,0
0,0,0,0,0,0,0,1,0.1577326801959412,1,0,1.28,1.0,1
1,0,2,0,0,0,1,0,0.0023792862141357,0,0,1.06,1.0,0
0,0,5,0,0,0,0,0,0.0008397480755773,0,0,0.73,55.0,0
1,1,0,0,0,0,1,0,0.158852344296711,0,0,1.2,1.0,0
1,0,0,0,0,0,3,1,0.158852344296711,0,0,1.05,1.0,0
1,0,0,0,0,0,1,0,0.0100769769069279,1,1,1.12,1.0,1
1,1,3,0,0,0,8,0,0.0061581525542337,0,0,1.13,1.0,0
1,2,2,0,0,0,1,0,0.0033589923023093,1,0,8.38,11.0,0
0,2,0,0,0,0,0,1,0.0134359692092372,1,0,0.88,109.0,1
1,0,0,0,1,0,5,0,0.158852344296711,1,0,0.0,0.0,1
1,2,0,0,0,0,0,1,0.1577326801959412,0,0,45.0,45.0,0
1,1,2,0,0,0,1,1,0.1577326801959412,0,0,1.03,1.0,0
1,1,0,0,0,0,4,0,0.0279916025192442,0,0,0.93,1.0,0
1,0,3,0,0,0,1,1,0.1577326801959412,0,0,1.21,1.0,0
1,0,2,0,0,0,2,0,0.0036389083275017,1,0,6.9,7.0,1
1,0,3,0,0,0,1,0,0.0074177746675997,0,0,4.02,51.0,0
1,2,0,0,0,1,5,0,0.0004198740377886,1,0,1.1,0.0,1
1,1,0,0,0,0,3,0,0.158852344296711,1,0,11.24,11.0,1
1,0,0,0,1,0,6,1,0.158852344296711,1,1,1.88,2.0,1
1,1,2,0,0,0,1,0,0.0660601819454163,0,0,1.65,2.0,0
0,0,0,0,0,0,1,0,0.0004198740377886,0,0,0.81,1.0,0
0,0,0,0,0,0,2,1,0.0079776067179846,0,0,100.88,101.0,0
1,2,2,0,0,0,0,0,0.0660601819454163,1,1,0.99,1.0,0
1,0,2,0,0,0,2,0,0.158852344296711,0,0,8.19,15.0,0
1,0,5,0,0,0,2,0,0.0279916025192442,0,0,1.28,2.0,0
0,2,0,0,0,0,3,0,0.010776766969909,1,0,37.01,74.0,0
1,0,2,0,0,1,1,0,0.0106368089573128,0,0,0.01,0.0,0
1,2,3,0,0,0,0,1,0.0016794961511546,0,0,0.99,1.0,0
1,0,0,0,0,0,7,0,0.0016794961511546,1,0,1.87,2.0,1
1,0,3,0,0,0,4,1,0.0054583624912526,0,0,0.81,1.0,0
1,0,0,1,0,4,14,0,0.158852344296711,0,0,1.28,2.0,0
1,0,0,0,0,0,2,0,0.0660601819454163,1,0,0.82,1.0,1
1,1,3,0,0,0,0,0,0.0594821553533939,0,0,0.97,1.0,0
0,0,2,0,0,0,1,0,0.158852344296711,0,0,7.28,7.0,0
1,0,0,0,0,1,16,1,0.1577326801959412,1,0,1.12,1.0,1
1,0,0,0,0,0,1,1,0.158852344296711,0,0,1.28,234.0,0
1,2,2,0,0,0,0,1,0.0009797060881735,1,0,0.94,0.0,1
0,0,3,0,0,0,1,0,0.0594821553533939,1,0,1.03,1.0,1
0,1,5,0,0,0,0,0,0.0594821553533939,0,0,0.97,1.0,0
1,0,0,0,0,0,3,1,0.158852344296711,1,0,1.28,2.0,1
1,1,0,0,0,0,6,0,0.158852344296711,1,0,0.95,1.0,0
1,0,2,0,0,0,0,0,0.0100769769069279,0,0,0.96,21.0,0
1,2,0,0,0,0,1,0,0.0594821553533939,1,0,2.19,2.0,1
1,0,0,0,0,0,1,0,0.0137158852344296,0,0,1.0,1.0,0
1,2,0,0,0,0,1,0,0.158852344296711,0,0,156.78,157.0,0
1,0,0,0,0,0,2,0,0.158852344296711,0,0,1.28,563.0,0
1,1,0,0,0,0,0,0,0.0076976906927921,0,0,5.96,6.0,0
1,0,2,0,0,0,3,1,0.1577326801959412,0,0,1.08,1.0,0
1,0,2,0,0,0,0,0,0.0594821553533939,1,0,47.28,34.0,1
1,0,3,0,0,0,6,0,0.0134359692092372,1,0,1.02,2.0,1
1,0,0,0,0,0,1,0,0.010776766969909,0,0,1.98,1463.0,0
1,0,0,0,0,1,7,1,0.1577326801959412,1,1,1.32,8.0,1
0,0,0,0,0,0,7,1,0.1577326801959412,1,0,0.91,1.0,1
1,0,0,0,1,3,7,0,0.0064380685794261,1,1,0.95,1.0,1
1,0,2,0,0,0,7,0,0.158852344296711,0,0,1.06,1.0,0
1,0,0,0,0,0,0,1,0.0134359692092372,0,0,1.28,2.0,0
1,0,0,0,0,0,3,0,0.0137158852344296,0,0,0.87,52.0,0
0,0,2,0,0,0,5,0,0.0036389083275017,1,0,0.79,64.0,1
1,1,0,0,0,0,3,0,0.0064380685794261,0,0,1.95,2.0,0
1,2,0,0,0,0,1,0,0.0138558432470258,1,1,0.83,1.0,1
1,0,0,0,0,1,7,0,0.0594821553533939,1,0,51.04,4.0,1
1,0,2,0,0,0,6,0,0.0660601819454163,1,0,9.86,107.0,1
1,1,2,0,0,0,3,0,0.0040587823652904,0,0,11.89,12.0,0
1,0,2,3,0,0,4,0,0.0090972708187543,1,0,96.1,96.0,1
1,0,0,0,0,0,3,1,0.1577326801959412,0,0,0.85,1.0,0
1,0,0,1,1,1,12,0,0.158852344296711,1,0,291.04,291.0,1
1,0,3,0,0,0,1,0,0.0594821553533939,0,0,1.93,2.0,0
1,2,2,0,0,0,1,0,0.0043386983904828,0,0,26.9,9.0,0
1,1,3,0,0,0,1,0,0.158852344296711,0,0,102.06,102.0,0
1,0,2,0,0,0,3,1,0.0188943317004898,0,0,40.35,40.0,0
0,1,2,0,0,0,0,1,0.0188943317004898,0,0,0.17,0.0,0
1,0,5,0,0,0,6,1,0.1577326801959412,1,0,1.25,1.0,1
1,0,0,0,0,0,4,1,0.1577326801959412,0,0,1.31,1.0,0
1,2,0,1,0,0,2,0,0.158852344296711,1,0,0.88,1.0,1
0,2,0,0,0,0,0,1,0.1577326801959412,0,0,1.32,1.0,0
1,0,0,0,0,0,2,1,0.1577326801959412,1,0,0.88,1.0,1
1,0,0,0,0,0,5,1,0.1577326801959412,1,1,3.73,45.0,1
1,2,2,0,0,0,2,0,0.158852344296711,0,0,1.12,1.0,0
0,2,0,0,0,0,2,0,0.0005598320503848,1,0,3.08,3.0,1
0,0,0,0,0,0,1,0,0.158852344296711,0,0,2.02,2.0,0
1,1,0,0,0,0,9,0,0.158852344296711,0,0,1.28,1931.0,0
0,0,0,0,0,0,3,0,0.0660601819454163,1,0,0.93,1399.0,1
1,0,0,0,0,1,7,1,0.0062981105668299,1,0,3.16,3.0,1
1,2,2,0,0,0,0,0,0.0043386983904828,1,0,1.56,1.0,1
1,0,0,0,0,0,4,1,0.004478656403079,1,0,0.84,0.0,1
1,2,2,0,0,0,1,0,0.0134359692092372,1,1,1.03,1.0,1
1,0,0,0,0,0,8,0,0.0016794961511546,1,0,1.29,0.0,1
1,0,2,0,0,0,5,1,0.005738278516445,0,0,5.71,6.0,0
1,1,3,0,0,0,0,0,0.004478656403079,1,0,1.02,1.0,1
0,0,2,0,0,0,5,1,0.0002799160251924,1,0,20.04,1.0,1
1,1,0,0,0,0,13,1,0.0660601819454163,0,0,1.12,1.0,0
1,2,2,0,0,0,0,0,0.0023792862141357,0,0,1.08,8.0,0
1,0,0,0,0,0,29,0,0.0090972708187543,0,0,31.8,9.0,0
0,1,2,0,0,0,0,1,0.0188943317004898,0,0,0.93,1.0,0
0,1,2,0,0,0,0,1,0.0013995801259622,0,0,1.87,3.0,0
1,1,0,0,0,0,16,0,0.0660601819454163,0,0,0.59,143.0,0
0,0,2,0,0,0,0,1,0.0188943317004898,0,0,0.26,0.0,0
1,1,2,0,0,0,4,1,0.1577326801959412,0,0,11.22,11.0,0
0,2,0,0,0,0,5,0,0.0594821553533939,1,0,19.08,6.0,1
1,0,0,0,0,0,1,1,0.1577326801959412,1,1,1.12,7.0,1
1,0,0,0,0,0,19,1,0.1577326801959412,1,0,0.9,0.0,1
1,0,2,0,0,0,0,1,0.0079776067179846,0,0,0.88,1.0,0
0,0,0,0,0,0,3,1,0.158852344296711,0,0,1.23,1.0,0
1,0,2,0,0,1,2,0,0.0660601819454163,0,0,0.72,2.0,0
1,2,0,0,0,0,3,0,0.158852344296711,1,0,9.86,22.0,1
1,0,2,0,0,0,2,0,0.0043386983904828,0,0,16.14,16.0,0
1,0,0,0,0,0,3,0,0.0594821553533939,1,0,7.15,1.0,1
1,0,0,0,0,0,20,0,0.0030790762771168,1,0,43.95,44.0,1
1,0,0,0,0,0,2,0,0.009517144856543,0,0,1.28,2.0,0
0,0,0,0,0,0,13,0,0.0061581525542337,0,0,2.37,2.0,0
1,0,0,0,6,1,19,1,0.158852344296711,0,0,1.09,1.0,0
1,0,5,0,0,0,31,0,0.0279916025192442,1,0,242.08,22.0,1
1,1,5,0,0,0,0,1,0.1577326801959412,0,0,0.77,1.0,0
0,0,0,0,0,0,1,0,0.0008397480755773,0,0,0.83,1.0,0
1,0,0,1,2,0,9,0,0.0065780265920223,1,0,2.1,2.0,1
1,2,2,0,0,0,1,0,0.158852344296711,0,0,37.62,38.0,0
1,0,0,0,0,0,2,0,0.0117564730580825,1,0,2.96,6.0,1
1,0,0,1,1,0,24,0,0.0660601819454163,1,1,1.13,7.0,1
1,0,2,0,0,0,0,0,0.0137158852344296,0,0,1.12,1.0,0
0,1,5,0,0,0,0,0,0.0660601819454163,1,0,1.28,1.0,1
1,1,2,0,0,0,3,0,0.0065780265920223,1,0,0.04,1.0,1
1,0,2,0,0,0,5,0,0.0660601819454163,1,0,1.16,16.0,0
1,1,3,0,0,0,0,1,0.0008397480755773,0,0,0.34,0.0,0
1,0,2,0,1,0,6,0,0.0043386983904828,1,1,0.22,0.0,1
1,2,0,0,0,0,2,1,0.1577326801959412,1,0,1.18,1.0,1
1,0,3,0,0,0,2,1,0.0134359692092372,0,0,1.28,2.0,0
1,0,0,0,0,0,2,0,0.158852344296711,0,0,83.15,158.0,0
1,0,0,0,0,0,3,0,0.158852344296711,0,0,1.28,2.0,0
1,0,2,0,0,1,2,1,0.0188943317004898,1,0,0.14,0.0,1
1,2,2,0,2,0,3,0,0.0106368089573128,1,0,1.3,156.0,1
1,0,0,0,0,0,0,0,0.0002799160251924,0,0,0.97,5.0,0
1,2,5,0,0,0,0,0,0.0078376487053883,1,0,1.25,1.0,1
1,0,0,0,0,0,19,0,0.0002799160251924,1,0,48.42,48.0,1
1,0,2,0,0,0,0,0,0.0138558432470258,0,0,0.7,1.0,0
1,2,0,0,0,0,3,0,0.0134359692092372,1,0,75.8,13.0,0
1,0,0,0,0,0,0,1,0.005738278516445,1,1,1.18,1.0,0
1,0,0,0,0,0,6,0,0.0106368089573128,1,1,34.7,35.0,1
0,0,0,0,0,0,3,0,0.0001399580125962,1,0,0.99,1.0,1
0,0,2,0,0,0,0,0,0.0594821553533939,1,0,343.0,343.0,1
1,0,5,0,0,0,0,0,0.0065780265920223,1,0,0.65,1.0,1
1,0,0,0,1,0,24,0,0.0279916025192442,1,1,0.29,6.0,1
1,2,0,0,0,0,2,0,0.0064380685794261,1,0,1.01,1.0,1
1,0,5,0,0,0,2,0,0.158852344296711,0,0,1.04,1.0,0
1,2,0,1,1,1,4,0,0.0594821553533939,1,1,376.09,1828.0,1
1,0,0,0,0,1,1,1,0.1577326801959412,1,0,0.83,1.0,1
0,0,2,0,0,0,0,0,0.0137158852344296,1,0,0.58,11.0,1
1,0,0,0,0,0,0,1,0.1577326801959412,1,0,0.55,7.0,1
1,0,2,0,0,0,0,0,0.0594821553533939,1,0,1.1,0.0,1
1,0,2,0,0,0,0,0,0.0594821553533939,0,0,1.14,58.0,0
1,0,0,0,0,0,2,0,0.0025192442267319,1,1,1.17,1.0,1
1,2,0,0,0,0,1,0,0.006997900629811,1,0,0.13,1.0,1
0,0,0,0,0,0,0,0,0.0036389083275017,0,0,5.15,5.0,0
1,0,0,0,0,0,0,1,0.1577326801959412,0,0,1.1,1.0,0
1,0,3,0,0,0,0,0,0.0594821553533939,0,0,64.89,65.0,0
0,1,2,0,0,0,4,1,0.1577326801959412,0,0,3.89,4.0,0
0,0,2,0,0,0,2,1,0.0188943317004898,0,0,1.88,13.0,0
1,2,4,0,0,1,0,1,0.1577326801959412,1,0,1.09,1.0,1
1,0,5,0,0,0,0,0,0.0015395381385584,0,0,1.73,2.0,0
1,2,2,0,0,0,1,0,0.0106368089573128,0,0,0.95,19.0,0
0,2,2,0,0,0,2,0,0.158852344296711,0,0,2.82,3.0,0
1,1,3,0,0,0,1,0,0.158852344296711,0,0,1.28,2.0,0
0,2,0,0,0,1,11,1,0.0054583624912526,1,0,77.1,1.0,1
1,0,2,0,0,0,3,0,0.0594821553533939,0,0,50.77,51.0,0
0,0,0,0,0,0,1,1,0.0011196641007697,0,0,21.31,21.0,0
1,0,0,0,0,0,4,0,0.0023792862141357,1,0,0.99,1.0,1
1,1,0,0,0,0,8,1,0.0002799160251924,1,1,5.05,31.0,0
1,0,0,0,0,0,15,0,0.0134359692092372,1,1,72.25,278.0,1
1,2,0,0,0,0,2,1,0.1577326801959412,1,0,1.23,1.0,1
1,0,0,0,0,0,3,1,0.158852344296711,1,0,0.94,1.0,1
0,0,0,0,0,0,0,0,0.0594821553533939,0,0,0.88,57.0,0
1,0,0,0,0,0,5,0,0.158852344296711,1,0,0.27,1.0,1
1,2,2,0,0,0,2,0,0.0004198740377886,1,0,1.09,1.0,1
1,2,0,0,0,0,1,0,0.158852344296711,0,0,1.28,2.0,0
1,1,2,0,0,0,1,0,0.0004198740377886,1,0,0.67,15.0,1
1,2,0,0,0,1,2,0,0.0065780265920223,1,0,2.02,2.0,1
1,0,2,0,0,0,12,0,0.0026592022393282,0,0,52.18,52.0,0
1,0,1,0,0,0,0,1,0.1577326801959412,0,0,1.2,1.0,0
1,2,0,0,0,0,0,0,0.0005598320503848,1,1,1.83,2.0,1
1,1,0,0,0,0,2,0,0.0064380685794261,0,0,24.97,9.0,0
1,2,0,0,0,0,0,1,0.0058782365290412,1,1,11.96,12.0,1
1,0,2,0,0,0,1,0,0.158852344296711,0,0,1.36,1.0,0
1,0,0,0,0,0,17,0,0.0660601819454163,1,0,32.96,37.0,1
1,1,3,0,0,0,1,1,0.1577326801959412,0,0,2.06,2.0,0
0,0,5,0,0,1,1,0,0.0001399580125962,0,0,0.22,0.0,0
0,0,0,0,0,0,2,1,0.1577326801959412,0,0,0.92,1.0,0
1,0,2,1,1,1,4,1,0.010776766969909,1,0,1.08,1.0,1
1,0,0,0,0,0,6,0,0.158852344296711,1,0,150.06,150.0,1
0,2,2,0,0,0,9,1,0.0011196641007697,1,0,8.88,84.0,1
1,2,0,0,0,0,1,0,0.158852344296711,1,1,38.26,27.0,1
0,0,0,0,0,0,3,0,0.0009797060881735,1,0,0.8,2.0,1
1,1,2,0,0,0,1,0,0.004478656403079,0,0,1.0,1.0,0
1,0,0,0,0,0,5,1,0.0061581525542337,1,0,1.38,16.0,0
1,0,2,0,0,0,0,0,0.0138558432470258,1,1,0.99,1.0,1
1,2,0,0,0,0,3,0,0.0053184044786564,1,0,0.87,1.0,1
1,0,3,0,0,1,2,1,0.1577326801959412,0,0,0.84,0.0,0
0,1,2,0,0,0,0,0,0.0076976906927921,0,0,1.92,2.0,0
1,2,0,0,0,0,1,0,0.0029391182645206,0,0,3.26,3.0,0
1,0,2,0,0,0,0,0,0.0594821553533939,1,1,1.13,14.0,1
1,0,2,0,0,0,0,1,0.1577326801959412,0,0,0.86,1.0,0
1,2,0,0,0,0,1,0,0.158852344296711,0,0,1.87,36.0,0
1,1,0,0,0,0,0,0,0.0660601819454163,1,0,4.9,6.0,1
1,0,0,0,0,0,0,0,0.0076976906927921,0,0,0.99,1.0,0
1,2,0,0,0,0,0,0,0.0004198740377886,0,0,0.9,1.0,0
1,0,0,0,1,0,5,0,0.008257522743177,0,0,1.14,1.0,0
1,0,0,0,0,0,8,1,0.001959412176347,1,0,0.15,37.0,0
1,2,2,0,0,0,0,1,0.1577326801959412,1,0,2.27,27.0,1
1,0,2,0,0,0,2,0,0.158852344296711,0,0,0.78,0.0,0
1,2,0,0,0,0,1,0,0.158852344296711,0,0,155.94,156.0,0
0,0,0,0,0,0,0,0,0.0594821553533939,0,0,0.58,1.0,0
0,0,2,0,0,0,20,0,0.0279916025192442,1,0,56.26,56.0,1
1,0,0,0,0,0,1,0,0.158852344296711,1,0,77.6,78.0,1
1,0,0,1,0,0,5,0,0.0064380685794261,0,0,0.29,0.0,0
1,2,5,0,0,0,2,0,0.001959412176347,1,0,1.92,0.0,0
1,0,5,0,0,0,0,0,0.0043386983904828,1,0,0.58,1.0,1
0,0,0,0,0,0,1,1,0.1577326801959412,0,0,0.8,1.0,0
1,2,0,0,0,0,1,0,0.0137158852344296,1,0,0.87,1.0,0
1,0,3,0,0,0,1,0,0.0074177746675997,1,0,17.08,47.0,1
1,1,2,0,0,0,0,0,0.0138558432470258,0,0,0.84,1.0,0
0,2,0,0,0,0,0,1,0.0015395381385584,1,0,0.95,1.0,0
0,0,0,0,0,0,0,0,0.0138558432470258,0,0,0.87,3.0,0
1,0,0,0,0,0,13,0,0.158852344296711,1,0,2.01,2.0,1
1,0,0,0,0,0,13,1,0.0134359692092372,1,0,38.81,39.0,1
1,0,0,0,0,0,1,1,0.1577326801959412,1,0,17.09,1.0,1
1,2,0,0,0,0,0,0,0.0016794961511546,0,0,1.44,15.0,0
1,0,0,0,0,0,5,0,0.0036389083275017,1,0,27.16,1.0,1
1,0,0,0,0,0,10,0,0.0279916025192442,1,0,1.24,30.0,1
1,0,3,0,0,0,3,1,0.1577326801959412,1,0,2.22,1.0,1
1,1,2,0,0,0,3,1,0.1577326801959412,1,0,2.66,3.0,1
1,2,0,0,1,2,2,0,0.0008397480755773,1,0,2.36,36.0,1
1,2,2,0,0,0,0,0,0.001959412176347,0,0,1.24,1.0,0
1,0,2,0,0,0,0,1,0.1577326801959412,0,0,1.01,1.0,0
0,2,5,0,0,0,0,1,0.1577326801959412,0,0,0.97,1.0,0
1,0,2,0,0,0,2,0,0.0023792862141357,1,0,1.16,0.0,1
1,0,0,0,0,0,4,0,0.158852344296711,1,0,4.1,4.0,1
1,1,2,0,0,0,0,1,0.1577326801959412,0,0,0.56,1.0,0
1,1,2,0,0,0,1,1,0.0134359692092372,0,0,0.25,0.0,0
1,1,0,0,0,0,6,1,0.0103568929321203,0,0,2.77,2.0,0
1,2,0,0,0,0,1,0,0.0137158852344296,0,0,2.03,47.0,0
1,0,0,0,0,0,4,0,0.0053184044786564,1,0,2.1,46.0,1
1,2,2,0,0,0,0,0,0.0660601819454163,0,0,15.95,14.0,0
1,0,2,0,0,0,2,0,0.0090972708187543,0,0,42.04,42.0,0
1,2,2,0,0,1,0,0,0.0076976906927921,1,1,1.04,89.0,1
1,0,0,0,0,0,3,1,0.1577326801959412,1,1,1.22,4.0,1
0,0,0,0,0,0,8,0,0.0006997900629811,1,0,45.2,41.0,1
1,0,3,0,0,0,0,1,0.1577326801959412,1,1,1.28,2.0,1
1,0,2,0,0,0,1,0,0.0036389083275017,0,0,0.87,1.0,0
1,2,0,0,0,0,0,0,0.0030790762771168,1,1,34.44,5.0,1
0,0,0,0,0,0,1,1,0.158852344296711,0,0,0.86,1.0,0
0,2,0,0,0,0,0,0,0.0117564730580825,1,0,2.22,2.0,1
1,1,2,0,0,0,4,1,0.004478656403079,1,1,4.29,4.0,0
1,2,2,0,0,0,0,0,0.0660601819454163,0,0,2.25,2.0,0
1,2,0,0,0,0,0,0,0.0065780265920223,1,0,0.93,153.0,1
1,0,2,0,0,0,1,1,0.1577326801959412,1,0,1.33,1.0,0
0,0,0,0,0,0,1,0,0.0030790762771168,0,0,13.0,5.0,0
1,0,2,0,0,0,11,0,0.009517144856543,1,0,118.09,118.0,1
1,0,0,0,0,0,1,0,0.158852344296711,0,0,0.97,4.0,0
1,0,0,0,0,0,0,0,0.0134359692092372,0,0,0.57,1.0,0
1,2,0,0,0,0,0,0,0.0090972708187543,1,1,1.2,68.0,1
1,2,0,0,0,0,1,0,0.0594821553533939,1,0,1.05,1.0,1
1,0,2,0,0,0,3,0,0.0594821553533939,0,0,0.84,29.0,0
1,2,0,0,0,1,1,0,0.158852344296711,1,0,9.99,10.0,1
1,0,0,0,0,0,0,1,0.1577326801959412,1,0,57.24,1.0,1
0,0,0,0,0,0,0,1,0.1577326801959412,0,0,1.11,1.0,0
1,0,0,0,0,0,1,0,0.009517144856543,0,0,21.77,22.0,0
0,2,2,0,0,0,0,1,0.158852344296711,0,0,1.28,2.0,0
1,0,0,0,0,0,7,0,0.0660601819454163,1,0,1.93,2.0,1
1,0,0,0,0,0,1,0,0.0594821553533939,1,1,0.66,1.0,1
0,0,3,0,0,0,0,0,0.0660601819454163,0,0,0.32,0.0,0
1,0,2,0,0,0,2,0,0.0064380685794261,0,0,0.2,0.0,0
1,2,2,0,0,0,0,1,0.0062981105668299,1,0,0.55,243.0,1
0,0,0,0,0,1,9,1,0.1577326801959412,0,0,2.0,2.0,0
1,0,0,0,0,0,3,0,0.158852344296711,1,0,0.89,1.0,1
1,0,2,0,0,0,1,0,0.0036389083275017,1,0,0.1,6.0,1
1,0,0,0,0,0,1,0,0.0001399580125962,1,0,1.28,2.0,1
1,0,2,0,0,0,1,0,0.0134359692092372,0,0,1.05,7.0,0
1,0,3,0,0,0,2,0,0.0074177746675997,1,0,1.05,1.0,1
0,1,0,0,0,0,1,0,0.0002799160251924,0,0,1.28,2.0,0
1,0,0,0,0,0,6,0,0.008257522743177,1,0,1.06,1814.0,1
1,1,2,0,0,0,5,1,0.0001399580125962,0,0,4.03,9.0,0
0,1,0,0,0,0,11,0,0.0008397480755773,1,0,5.82,178.0,1
1,2,3,2,0,0,2,0,0.158852344296711,1,0,1.14,45.0,1
1,2,2,0,0,2,3,0,0.0008397480755773,0,0,0.84,1.0,0
1,2,2,1,0,3,2,1,0.1577326801959412,1,0,27.11,114.0,0
0,1,2,0,0,0,0,0,0.0018194541637508,0,0,1.95,50.0,0
1,0,0,0,0,0,0,0,0.0004198740377886,0,0,13.13,13.0,0
1,2,0,0,0,0,0,1,0.1577326801959412,1,0,1.0,1.0,1
1,0,3,0,0,0,1,0,0.158852344296711,1,0,1.28,2.0,1
0,2,5,0,0,0,0,1,0.004478656403079,0,0,1.24,1.0,0
1,2,2,0,0,0,0,1,0.0058782365290412,0,0,0.66,1.0,0
1,0,2,0,0,0,8,0,0.158852344296711,0,0,1.61,2.0,0
1,0,2,0,0,0,3,0,0.158852344296711,1,0,19.25,19.0,1
1,0,2,0,0,0,10,0,0.0594821553533939,0,0,117.76,118.0,0
1,0,0,0,0,0,1,0,0.0134359692092372,0,0,1.14,1.0,0
0,0,2,0,0,0,1,1,0.0134359692092372,0,0,0.74,1.0,0
1,0,2,0,0,0,3,0,0.0029391182645206,0,0,57.97,58.0,0
0,0,0,0,0,0,3,1,0.0001399580125962,0,0,0.96,0.0,0
0,2,0,0,3,0,3,1,0.0058782365290412,1,0,1.28,2.0,0
1,0,0,0,0,0,0,0,0.0090972708187543,0,0,2.12,2.0,0
1,0,0,0,0,0,0,0,0.0660601819454163,0,0,0.83,30.0,0
1,1,2,0,0,0,9,1,0.0079776067179846,1,0,1.02,2.0,1
1,0,0,0,2,2,16,0,0.0025192442267319,1,0,6.24,2.0,1
0,1,2,0,0,0,1,1,0.0188943317004898,0,0,1.28,2.0,0
1,0,0,0,0,0,1,0,0.158852344296711,1,0,0.87,1490.0,1
0,0,3,0,0,0,0,1,0.001959412176347,0,0,0.09,0.0,0
0,0,0,0,0,0,2,1,0.0029391182645206,0,0,16.96,17.0,0
0,1,2,0,0,0,2,0,0.158852344296711,1,0,6.98,4.0,1
1,0,0,0,0,0,0,1,0.0023792862141357,1,0,0.02,0.0,1
1,0,5,0,0,0,2,1,0.158852344296711,0,0,1.25,1.0,0
1,0,5,0,0,0,0,0,0.0034989503149055,0,0,5.21,5.0,0
1,0,0,0,0,0,6,1,0.1577326801959412,1,0,0.83,1.0,1
1,0,3,0,1,0,14,0,0.0076976906927921,1,1,55.15,82.0,1
1,0,0,0,0,0,2,0,0.0594821553533939,1,0,148.14,148.0,1
1,2,0,2,2,0,4,0,0.0660601819454163,1,0,1.74,1.0,1
1,0,3,0,0,0,1,0,0.0660601819454163,1,0,0.22,0.0,1
0,1,3,0,0,0,0,1,0.1577326801959412,0,0,0.94,1.0,0
1,0,0,3,0,0,6,0,0.158852344296711,0,0,26.22,26.0,0
1,0,5,0,0,0,0,1,0.1577326801959412,0,0,1.1,1.0,0
1,0,0,0,0,1,11,0,0.0137158852344296,1,0,0.13,1.0,1
1,1,5,0,0,0,0,0,0.0001399580125962,0,0,0.61,1.0,0
1,1,2,0,0,0,0,1,0.0013995801259622,0,0,1.26,16.0,0
1,1,0,0,0,0,1,1,0.1577326801959412,1,1,0.19,3.0,1
1,0,2,0,0,0,11,1,0.1577326801959412,1,1,2.18,39.0,1
0,2,0,0,0,0,1,0,0.0090972708187543,0,0,0.95,1.0,0
1,1,2,0,0,0,26,0,0.0117564730580825,1,0,167.09,167.0,1
1,1,2,0,0,0,2,1,0.1577326801959412,1,0,6.75,7.0,1
1,1,3,0,0,0,1,0,0.158852344296711,0,0,6.77,7.0,0
1,0,0,0,0,0,0,0,0.0279916025192442,0,0,0.7,0.0,0
1,0,5,0,0,0,0,0,0.0034989503149055,0,0,0.88,1.0,0
1,1,0,0,0,0,1,0,0.158852344296711,0,0,0.93,0.0,0
1,2,0,0,1,0,3,0,0.0100769769069279,1,0,0.77,1.0,1
1,0,2,0,1,0,16,0,0.158852344296711,1,0,0.73,1.0,1
1,0,5,0,0,0,0,1,0.0002799160251924,1,0,0.84,1.0,1
1,2,2,0,0,0,0,0,0.0660601819454163,1,0,0.58,0.0,1
1,0,0,0,0,0,0,0,0.0043386983904828,0,0,0.19,0.0,0
1,1,2,0,0,0,0,1,0.0054583624912526,0,0,0.97,38.0,0
0,0,0,0,0,0,0,1,0.0005598320503848,0,0,1.11,1.0,0
1,0,3,0,0,0,9,0,0.158852344296711,0,0,9.31,10.0,0
1,0,3,0,0,0,2,1,0.0067179846046186,1,0,1.04,1.0,1
1,0,0,0,0,0,0,0,0.0022393282015395,0,0,1.15,1.0,0
1,0,2,0,0,0,1,0,0.0660601819454163,1,0,8.21,4.0,1
1,1,0,0,0,0,18,0,0.009517144856543,1,0,65.06,65.0,0
1,2,0,0,0,0,4,0,0.0117564730580825,0,0,60.8,2.0,0
1,1,0,0,0,0,0,0,0.0660601819454163,1,0,0.79,72.0,1
1,1,0,0,0,0,2,0,0.0065780265920223,0,0,0.23,0.0,0
1,2,0,0,0,0,0,1,0.1577326801959412,0,0,1.79,2.0,0
1,1,0,0,0,0,3,0,0.0026592022393282,1,0,1.04,3.0,1
1,0,2,0,0,0,1,0,0.0138558432470258,1,1,57.99,58.0,1
1,0,5,0,0,0,0,0,0.158852344296711,0,0,10.14,10.0,0
1,0,0,0,0,2,8,0,0.0134359692092372,1,0,0.12,4.0,1
1,2,0,0,0,0,7,0,0.158852344296711,1,0,0.88,1.0,1
1,0,0,0,0,0,1,0,0.0594821553533939,0,0,2.83,3.0,0
1,1,5,0,0,0,4,0,0.0016794961511546,0,0,5.31,5.0,0
1,0,3,0,0,0,1,0,0.0078376487053883,0,0,1.28,2.0,0
1,0,3,0,0,0,2,0,0.0138558432470258,0,0,0.84,1.0,0
1,0,2,0,0,0,1,0,0.158852344296711,0,0,3.22,3.0,0
1,2,0,0,0,0,0,0,0.0137158852344296,0,0,1.04,1.0,0
0,1,2,0,0,0,28,0,0.0006997900629811,1,0,117.75,1.0,1
0,1,2,0,0,0,0,0,0.0036389083275017,0,0,1.02,1.0,0
1,0,2,0,0,0,1,1,0.1577326801959412,0,0,0.71,1.0,0
1,1,3,0,0,0,0,1,0.0011196641007697,0,0,109.28,36.0,0
1,0,0,0,0,0,0,1,0.0188943317004898,0,0,0.15,0.0,0
1,0,0,0,0,0,4,0,0.0100769769069279,1,0,1.94,80.0,1
1,1,0,0,0,0,1,0,0.158852344296711,0,0,0.64,1.0,0
1,2,0,0,0,0,0,1,0.0134359692092372,1,1,0.97,9.0,1
1,2,2,0,0,0,0,0,0.0018194541637508,1,0,1.12,1.0,1
1,0,2,0,1,0,3,1,0.1577326801959412,1,0,0.56,0.0,1
0,0,2,0,0,0,0,1,0.0002799160251924,0,0,0.83,1.0,0
1,0,0,0,2,0,7,0,0.0660601819454163,1,0,1.9,0.0,1
1,1,2,0,0,0,2,1,0.1577326801959412,1,0,83.01,83.0,1
1,1,2,0,0,0,2,0,0.0018194541637508,0,0,46.15,46.0,0
1,1,5,0,0,0,1,0,0.0011196641007697,0,0,2.23,3.0,0
0,0,0,0,0,0,1,0,0.0085374387683694,0,0,3.73,4.0,0
0,2,0,0,0,0,2,0,0.0085374387683694,1,0,1.92,2.0,1
0,0,5,0,0,0,0,1,0.1577326801959412,0,0,0.71,1.0,0
1,1,5,0,0,0,1,0,0.0085374387683694,0,0,21.3,21.0,0
1,0,0,0,0,0,0,0,0.003219034289713,0,0,1.0,1.0,0
1,0,0,0,0,0,8,0,0.0040587823652904,1,1,3.0,3.0,1
1,1,2,0,0,0,14,0,0.0279916025192442,1,0,0.95,0.0,1
1,1,2,0,0,0,2,1,0.1577326801959412,0,0,2.98,3.0,0
1,2,0,0,0,1,2,0,0.0001399580125962,1,1,10.27,33.0,1
1,1,0,0,0,0,0,1,0.1577326801959412,0,0,0.93,1.0,0
1,0,0,0,0,0,0,1,0.1577326801959412,0,0,0.64,1.0,0
1,0,0,0,0,4,11,0,0.0033589923023093,1,1,0.85,1.0,1
1,2,0,0,0,0,0,0,0.003219034289713,1,0,22.88,23.0,1
1,0,0,0,0,0,6,0,0.0137158852344296,1,1,80.97,81.0,1
1,0,0,0,0,0,2,0,0.0074177746675997,1,0,2.03,0.0,1
1,0,0,0,0,0,0,0,0.0137158852344296,0,0,0.33,0.0,0
0,1,2,0,0,0,2,0,0.0660601819454163,0,0,2.96,19.0,0
1,1,3,0,0,0,0,1,0.0079776067179846,0,0,0.81,1.0,0
1,2,3,0,0,0,0,0,0.0137158852344296,1,0,2.07,2.0,1
1,2,2,0,0,0,3,0,0.0137158852344296,1,0,17.94,18.0,1
1,2,0,0,0,0,0,0,0.0137158852344296,0,0,0.83,1.0,0
1,2,0,0,0,0,0,1,0.1577326801959412,0,0,32.01,32.0,0
1,0,0,0,0,0,6,0,0.0660601819454163,1,0,194.7,195.0,1
1,0,0,2,0,1,8,0,0.0660601819454163,1,0,4.67,1.0,1
1,1,0,0,0,0,0,1,0.1577326801959412,1,1,0.95,1.0,1
0,2,0,0,0,0,0,0,0.008257522743177,1,0,1.17,1.0,1
0,2,0,0,0,0,3,0,0.0137158852344296,1,0,5.01,86.0,1
1,2,3,0,0,0,0,0,0.0005598320503848,0,0,6.16,6.0,0
1,1,0,0,0,0,0,1,0.001959412176347,0,0,0.94,0.0,0
1,1,2,0,0,0,3,1,0.1577326801959412,0,0,0.94,1.0,0
1,0,0,2,0,0,8,0,0.0023792862141357,1,0,2.08,1.0,1
1,0,3,0,0,0,0,0,0.158852344296711,0,0,0.16,0.0,0
1,0,2,0,0,0,2,1,0.0134359692092372,1,0,0.99,1.0,1
1,1,0,0,0,0,5,1,0.0004198740377886,1,0,1.28,2.0,1
1,0,0,0,0,0,3,1,0.0016794961511546,1,0,5.76,6.0,1
1,0,0,0,0,0,0,0,0.0100769769069279,1,0,0.98,4.0,1
0,1,2,0,0,0,1,1,0.1577326801959412,0,0,1.13,1.0,0
1,0,0,0,0,0,2,0,0.158852344296711,1,0,12.22,12.0,0
1,2,2,0,0,0,0,0,0.0117564730580825,0,0,5.03,5.0,0
1,0,2,0,0,0,2,0,0.0134359692092372,0,0,0.83,1.0,0
1,0,0,1,5,0,8,1,0.1577326801959412,0,0,15.87,16.0,0
1,2,0,0,0,0,0,0,0.0036389083275017,1,0,1.34,9.0,1
1,0,3,0,0,0,5,0,0.0134359692092372,1,0,1.04,17.0,1
1,1,2,0,0,0,8,1,0.1577326801959412,1,0,4.09,4.0,1
1,0,2,0,0,0,1,0,0.0594821553533939,0,0,51.13,51.0,0
1,0,3,0,0,0,1,1,0.0002799160251924,0,0,33.67,34.0,0
1,0,2,0,0,0,5,0,0.0594821553533939,1,0,1.71,2.0,1
1,1,0,0,0,0,1,1,0.158852344296711,0,0,0.94,1.0,0
1,0,2,0,0,0,2,1,0.0188943317004898,1,1,0.1,0.0,1
1,0,5,0,0,0,3,0,0.0594821553533939,1,0,1.84,2.0,1
1,0,3,0,0,0,1,1,0.1577326801959412,0,0,0.72,1.0,0
1,1,5,0,0,0,0,0,0.0137158852344296,1,0,0.6,1.0,1
1,2,0,0,0,1,0,0,0.0134359692092372,1,0,0.97,1.0,1
0,2,0,0,0,0,2,0,0.0004198740377886,1,0,0.61,0.0,1
1,0,2,0,0,0,1,1,0.0134359692092372,1,0,28.23,28.0,1
1,1,0,0,0,0,7,0,0.0134359692092372,0,0,1.1,7.0,0
1,1,3,0,0,0,12,0,0.006997900629811,1,0,40.46,15.0,1
0,0,2,0,0,0,9,0,0.0029391182645206,1,0,26.63,20.0,1
1,1,2,0,0,0,1,1,0.004478656403079,0,0,0.86,0.0,0
1,0,0,1,0,0,12,0,0.0134359692092372,0,0,1.85,2.0,0
1,2,0,0,0,1,1,0,0.0660601819454163,1,0,0.24,7.0,1
0,0,2,0,0,0,6,1,0.0054583624912526,1,0,30.87,1.0,1
1,0,0,0,0,0,2,0,0.0279916025192442,0,0,0.29,0.0,0
1,0,0,0,0,2,3,1,0.005738278516445,1,0,0.78,1.0,1
1,2,0,1,0,0,1,0,0.158852344296711,1,0,14.73,15.0,1
1,0,0,0,3,0,19,0,0.0660601819454163,1,0,1.14,0.0,1
1,0,0,0,0,0,2,0,0.0002799160251924,0,0,31.2,1680.0,0
1,0,0,0,0,0,7,0,0.0594821553533939,1,0,0.84,0.0,1
1,0,0,0,1,1,8,0,0.158852344296711,1,0,14.15,14.0,1
1,2,0,0,0,0,1,1,0.0001399580125962,1,0,0.98,248.0,1
0,0,0,0,0,0,4,0,0.006997900629811,0,0,1.2,1.0,0
1,2,3,0,0,2,0,0,0.0061581525542337,1,0,0.68,1.0,1
0,2,2,0,0,2,1,1,0.0134359692092372,0,0,0.17,0.0,0
1,0,0,0,0,0,2,0,0.0043386983904828,1,1,0.91,1.0,1
1,1,2,0,0,0,6,1,0.0090972708187543,1,0,152.12,152.0,1
1,0,0,0,0,0,11,1,0.158852344296711,1,0,531.94,1.0,1
0,1,0,0,0,0,2,0,0.0594821553533939,0,0,1.68,2.0,0
1,0,3,0,0,0,0,1,0.1577326801959412,1,0,1.28,0.0,1
1,0,0,0,0,0,3,0,0.0054583624912526,1,0,11.92,1.0,1
1,0,2,0,0,0,3,1,0.0067179846046186,1,0,1.26,0.0,0
1,0,2,0,0,0,13,0,0.0594821553533939,1,1,18.85,129.0,1
1,0,0,0,0,0,2,0,0.0134359692092372,1,0,0.94,1.0,1
0,1,2,0,0,0,0,0,0.0594821553533939,1,0,6.12,6.0,1
1,0,2,0,0,0,1,1,0.0188943317004898,0,0,1.02,1.0,0
1,0,0,0,5,1,27,1,0.0134359692092372,1,1,0.08,191.0,1
1,0,0,0,0,0,7,0,0.0106368089573128,0,0,1.14,267.0,0
0,0,2,0,0,0,4,1,0.1577326801959412,1,0,0.27,0.0,1
1,0,3,0,0,0,0,1,0.0188943317004898,0,0,0.87,1.0,0
1,0,2,0,0,0,1,0,0.158852344296711,0,0,62.37,62.0,0
1,2,0,0,1,0,2,1,0.1577326801959412,1,0,21.12,30.0,1
1,0,0,0,0,0,4,1,0.1577326801959412,1,1,1.05,1.0,1
1,0,2,0,0,0,1,0,0.0001399580125962,0,0,1.09,2.0,0
0,1,2,0,0,0,0,0,0.0076976906927921,1,0,0.96,322.0,1
1,2,0,0,0,0,2,0,0.0085374387683694,1,0,7.19,31.0,1
0,0,0,0,0,0,2,0,0.0074177746675997,1,0,176.14,5.0,1
1,0,0,0,0,0,8,1,0.005738278516445,1,0,43.17,43.0,1
1,0,0,0,0,0,1,0,0.0138558432470258,0,0,0.84,7.0,0
1,0,0,0,0,0,11,1,0.0090972708187543,1,1,0.18,0.0,1
1,1,2,0,0,0,1,0,0.0660601819454163,0,0,15.25,15.0,0
1,2,0,0,0,0,0,1,0.004478656403079,1,0,1.28,2.0,1
1,2,2,0,0,0,1,0,0.0594821553533939,0,0,0.83,9.0,0
1,1,0,0,0,0,4,0,0.0061581525542337,0,0,1.85,2.0,0
1,0,2,0,0,0,0,1,0.0188943317004898,0,0,0.98,1.0,0
1,0,3,0,0,0,3,0,0.0660601819454163,1,1,0.85,78.0,1
1,0,2,0,0,0,0,1,0.001959412176347,0,0,0.2,0.0,0
0,2,2,0,0,0,0,0,0.0594821553533939,0,0,0.81,65.0,0
1,0,3,0,1,1,2,0,0.0051784464660601,1,0,0.81,1.0,1
1,0,3,0,0,0,0,0,0.0138558432470258,0,0,1.23,1.0,0
1,0,2,0,0,0,3,1,0.158852344296711,1,0,0.3,1.0,1
1,0,0,0,0,0,3,1,0.0188943317004898,1,0,2.27,2.0,1
0,2,2,0,0,0,0,0,0.0005598320503848,1,0,1.02,3.0,1
1,0,5,0,0,0,8,0,0.009517144856543,1,1,0.93,1.0,1
1,2,3,0,0,0,0,0,0.0008397480755773,1,0,0.87,1.0,1
0,0,0,0,0,0,2,0,0.0594821553533939,0,0,1.12,1.0,0
1,1,0,0,0,0,12,0,0.158852344296711,1,0,97.96,131.0,1
1,0,0,0,0,0,2,0,0.0011196641007697,0,0,7.3,7.0,0
0,0,0,0,0,0,0,0,0.0594821553533939,0,0,0.96,1.0,0
0,2,0,0,0,0,2,0,0.158852344296711,1,1,1.18,30.0,1
1,1,3,0,0,0,0,0,0.0594821553533939,0,0,0.9,1.0,0
1,2,0,0,0,0,1,0,0.0016794961511546,1,1,3.96,9.0,1
1,0,2,0,0,0,1,0,0.158852344296711,1,0,1.06,1.0,1
1,0,0,0,0,0,4,0,0.0137158852344296,1,0,1.28,209.0,1
1,0,0,0,0,0,0,1,0.0134359692092372,0,0,1.02,3.0,0
1,1,2,0,0,0,3,0,0.0036389083275017,1,0,6.36,6.0,0
1,0,2,0,0,0,17,0,0.0053184044786564,1,0,35.23,37.0,1
1,0,2,0,0,0,0,0,0.0594821553533939,1,0,0.7,1772.0,1
1,0,0,0,0,0,6,1,0.0079776067179846,0,0,10.29,9.0,0
1,1,0,0,0,0,8,1,0.004478656403079,1,0,3.12,1.0,1
1,2,0,0,0,0,0,0,0.0018194541637508,0,0,30.08,30.0,0
0,0,2,0,0,0,0,1,0.0079776067179846,0,0,1.06,1.0,0
1,2,0,0,0,0,0,0,0.0053184044786564,1,0,32.93,1.0,1
0,2,2,0,0,0,0,1,0.1577326801959412,1,0,0.6,1.0,1
1,0,0,0,0,0,2,0,0.0005598320503848,0,0,1.08,1.0,0
1,1,0,0,0,0,12,0,0.158852344296711,1,0,77.9,78.0,1
1,0,2,0,0,0,6,1,0.1577326801959412,1,1,54.57,55.0,1
1,1,2,0,0,0,0,1,0.1577326801959412,0,0,1.13,1.0,0
0,1,0,0,0,0,0,1,0.1577326801959412,0,0,0.72,0.0,0
0,0,0,0,0,0,0,1,0.1577326801959412,0,0,7.18,7.0,0
1,0,5,0,0,0,0,0,0.158852344296711,0,0,1.25,1.0,0
1,0,0,0,0,0,3,0,0.158852344296711,1,0,37.29,37.0,1
1,2,0,1,2,0,5,0,0.0065780265920223,1,0,1.99,23.0,1
1,1,0,0,0,0,8,0,0.0025192442267319,0,0,1.69,2.0,0
1,0,0,0,0,0,7,1,0.0016794961511546,0,0,1.1,1.0,0
1,2,2,0,0,0,0,0,0.0137158852344296,1,0,28.93,18.0,1
1,0,0,0,0,0,4,1,0.0134359692092372,0,0,5.34,5.0,0
1,1,2,0,0,0,0,1,0.0079776067179846,0,0,0.56,16.0,0
1,0,0,0,0,0,0,0,0.0660601819454163,0,0,1.07,1.0,0
1,0,0,0,0,0,0,0,0.0043386983904828,0,0,0.32,1.0,0
1,1,0,0,0,0,17,0,0.004478656403079,0,0,0.28,1.0,0
1,0,0,0,0,0,10,0,0.158852344296711,1,0,1.15,1.0,1
1,2,0,0,0,0,0,0,0.0001399580125962,0,0,0.27,0.0,0
1,0,0,0,0,0,8,0,0.158852344296711,0,0,1.13,62.0,0
1,1,2,0,0,0,7,0,0.0061581525542337,1,1,5.2,16.0,1
1,0,2,0,0,0,0,0,0.0100769769069279,0,0,0.88,1.0,0
0,0,0,0,0,0,1,0,0.0004198740377886,0,0,21.92,22.0,0
1,2,2,0,0,0,5,1,0.1577326801959412,1,0,0.67,6.0,1
1,0,0,0,0,0,4,1,0.1577326801959412,0,0,1.12,1.0,0
1,0,0,0,0,0,1,1,0.0012596221133659,0,0,2.21,4.0,0
1,0,5,0,0,0,0,1,0.0067179846046186,0,0,2.09,2.0,0
1,0,2,0,0,0,4,1,0.0134359692092372,1,1,0.92,82.0,1
0,0,0,0,0,0,8,0,0.158852344296711,1,0,65.28,176.0,1
1,1,3,0,0,0,0,1,0.1577326801959412,0,0,0.87,1.0,0
1,0,2,0,0,0,2,1,0.0188943317004898,0,0,0.97,1.0,0
1,0,2,0,0,0,2,0,0.001959412176347,0,0,1.27,1.0,0
1,2,2,0,0,0,0,0,0.0030790762771168,0,0,15.2,15.0,0
1,0,0,0,0,0,0,0,0.0043386983904828,0,0,2.02,2.0,0
1,0,0,0,0,0,1,0,0.158852344296711,0,0,6.6,7.0,0
1,0,3,0,0,0,1,0,0.0036389083275017,0,0,0.08,0.0,0
1,2,0,0,0,0,3,0,0.0138558432470258,1,0,43.13,92.0,1
1,1,2,0,0,0,5,1,0.0134359692092372,0,0,2.78,14.0,0
0,1,2,0,0,0,1,1,0.0188943317004898,1,0,0.74,1.0,1
0,0,0,0,0,0,0,0,0.0030790762771168,0,0,0.59,1.0,0
1,0,3,0,0,0,0,1,0.1577326801959412,0,0,0.87,1.0,0
1,0,0,0,0,0,0,1,0.1577326801959412,0,0,0.22,0.0,0
1,0,0,4,0,0,12,0,0.0040587823652904,1,0,1.02,1805.0,1
1,0,0,0,0,0,14,0,0.0660601819454163,1,0,0.2,1.0,1
1,2,3,0,0,0,0,0,0.0660601819454163,0,0,0.27,0.0,0
1,0,2,0,0,0,3,0,0.0106368089573128,1,0,0.9,38.0,1
0,0,2,0,0,0,0,0,0.0134359692092372,0,0,1.02,1.0,0
1,0,0,0,0,0,0,1,0.0001399580125962,0,0,0.74,1.0,0
1,0,0,0,0,0,0,1,0.1577326801959412,1,1,1.02,0.0,1
1,2,2,8,2,0,11,0,0.0106368089573128,1,0,3.91,0.0,1
1,0,2,0,0,0,8,0,0.0033589923023093,1,0,0.29,1.0,1
1,2,0,0,0,0,0,1,0.1577326801959412,0,0,1.03,1.0,0
1,1,2,0,0,0,21,0,0.0594821553533939,1,0,1.31,245.0,1
1,0,2,1,6,0,13,0,0.0030790762771168,0,0,1.2,1.0,0
1,2,0,0,0,0,2,1,0.1577326801959412,0,0,4.0,56.0,0
1,0,0,0,0,0,0,0,0.0036389083275017,0,0,1.96,2.0,0
0,2,0,0,0,0,0,0,0.0090972708187543,1,0,6.93,7.0,1
1,0,2,4,1,0,10,0,0.010776766969909,1,1,2.74,3.0,1
1,0,0,2,0,0,6,0,0.0064380685794261,1,1,1.56,71.0,1
1,2,0,0,0,0,3,0,0.0594821553533939,1,1,1.05,109.0,1
1,0,0,2,1,0,5,1,0.0090972708187543,0,0,8.76,9.0,0
1,1,2,0,0,0,18,0,0.0279916025192442,1,0,55.98,56.0,1
0,0,2,0,0,0,3,0,0.158852344296711,1,0,50.19,128.0,1
1,0,3,0,0,0,8,0,0.0005598320503848,1,0,0.16,5.0,1
1,1,0,1,0,0,19,0,0.0660601819454163,1,0,2.89,19.0,1
0,0,0,0,0,0,1,0,0.0090972708187543,1,0,1.12,1.0,1
1,1,0,0,0,0,2,1,0.1577326801959412,0,0,3.8,4.0,0
1,0,2,0,0,0,0,0,0.0279916025192442,0,0,3.95,4.0,0
1,0,2,0,0,3,9,0,0.0036389083275017,1,0,470.07,470.0,1
1,0,0,0,0,0,2,0,0.0004198740377886,0,0,0.66,1.0,0
1,0,0,0,0,0,1,1,0.0009797060881735,0,0,2.09,1552.0,0
1,0,0,1,1,1,13,0,0.0053184044786564,1,1,1.81,2.0,1
1,2,2,0,0,0,0,1,0.0188943317004898,0,0,0.13,0.0,0
1,1,0,0,0,0,7,1,0.0594821553533939,1,0,0.91,0.0,1
1,0,0,0,0,0,6,0,0.158852344296711,1,0,22.04,204.0,1
1,0,2,0,0,0,10,0,0.009517144856543,1,0,4.99,45.0,1
0,1,2,0,0,0,0,0,0.0005598320503848,0,0,0.97,1.0,0
1,1,2,0,0,0,8,0,0.0078376487053883,0,0,24.05,207.0,0
1,2,0,0,0,0,3,0,0.0001399580125962,1,0,0.25,1.0,1
1,0,0,0,0,0,7,1,0.158852344296711,1,0,1.66,1.0,0
0,0,0,0,0,0,3,1,0.1577326801959412,1,0,0.96,34.0,1
1,0,0,0,0,0,1,0,0.0013995801259622,1,0,0.29,6.0,1
1,1,2,0,0,0,0,1,0.1577326801959412,1,0,1.02,0.0,1
0,2,2,0,0,0,0,0,0.158852344296711,1,1,0.31,1.0,1
1,2,0,0,0,0,2,1,0.0001399580125962,1,0,35.98,26.0,1
1,0,0,0,0,0,8,1,0.1577326801959412,1,1,9.68,2.0,1
1,0,2,0,0,0,0,1,0.0103568929321203,0,0,0.23,0.0,0
1,0,0,0,1,0,5,1,0.1577326801959412,1,1,0.94,2.0,1
1,0,3,0,0,0,1,1,0.0188943317004898,0,0,0.93,1.0,0
0,1,0,0,0,0,0,0,0.0061581525542337,0,0,1.92,2.0,0
1,0,2,0,0,0,1,1,0.0001399580125962,0,0,0.82,0.0,0
1,0,0,0,0,0,0,0,0.158852344296711,0,0,34.31,34.0,0
1,0,3,0,0,1,6,0,0.0279916025192442,1,0,1.06,1.0,1
1,0,5,0,0,0,2,1,0.1577326801959412,0,0,1.34,1.0,0
1,2,2,0,0,0,6,0,0.006997900629811,1,1,5.91,234.0,1
1,0,0,0,0,1,13,0,0.0134359692092372,1,0,0.95,24.0,1
1,2,0,0,1,0,2,0,0.0100769769069279,0,0,0.59,1.0,0
1,0,2,0,0,0,2,0,0.0660601819454163,0,0,1.88,2.0,0
1,0,2,0,0,0,0,1,0.1577326801959412,0,0,1.0,1.0,0
0,0,2,0,0,0,1,0,0.158852344296711,0,0,0.64,1.0,0
0,2,0,0,0,0,2,1,0.0079776067179846,1,1,0.86,2.0,1
1,2,0,0,0,0,2,0,0.0594821553533939,1,0,28.85,1.0,1
1,1,0,0,0,0,5,0,0.0076976906927921,0,0,297.81,49.0,0
1,0,0,0,0,0,1,1,0.0188943317004898,0,0,0.11,0.0,0
1,1,2,0,0,0,10,1,0.0090972708187543,1,0,0.23,0.0,0
1,1,2,0,0,0,0,0,0.0106368089573128,0,0,3.08,3.0,0
1,0,2,0,0,0,4,0,0.0034989503149055,0,0,1.04,1.0,0
1,1,0,0,0,0,15,0,0.0053184044786564,1,0,34.21,18.0,1
1,1,2,0,0,0,2,0,0.158852344296711,0,0,7.55,16.0,0
1,0,0,0,0,0,4,1,0.1577326801959412,1,0,0.55,1.0,1
1,2,2,0,0,0,2,0,0.0134359692092372,1,0,2.06,1.0,1
1,0,2,0,0,0,6,0,0.0279916025192442,0,0,0.25,0.0,0
1,1,2,0,0,0,13,1,0.1577326801959412,0,0,39.77,40.0,0
1,2,0,1,0,0,2,0,0.0134359692092372,1,0,1.05,1.0,1
1,0,0,0,0,0,1,0,0.158852344296711,0,0,37.36,37.0,0
1,0,0,0,0,0,2,0,0.0001399580125962,0,0,1.28,2.0,0
0,1,2,0,0,0,0,1,0.0103568929321203,0,0,0.01,0.0,0
1,0,2,0,0,0,3,0,0.158852344296711,1,0,88.42,242.0,1
1,1,0,0,0,0,8,0,0.158852344296711,1,0,8.83,92.0,1
1,0,2,0,0,0,5,0,0.158852344296711,0,0,12.0,12.0,0
1,2,0,0,0,0,0,0,0.0090972708187543,1,1,0.58,1.0,1
1,1,2,0,0,0,0,1,0.0005598320503848,1,0,0.57,0.0,1
1,0,2,0,0,0,1,0,0.158852344296711,1,0,0.96,65.0,1
1,0,0,0,0,0,0,0,0.0279916025192442,1,0,0.81,1.0,1
0,0,0,0,0,0,1,1,0.0090972708187543,0,0,0.93,1.0,0
1,1,2,0,0,0,0,1,0.0188943317004898,0,0,0.24,0.0,0
1,0,2,0,0,0,4,0,0.0076976906927921,1,0,31.27,31.0,1
1,0,0,0,0,0,5,0,0.158852344296711,1,1,3.23,3.0,1
0,2,0,0,0,0,0,1,0.1577326801959412,0,0,0.98,1.0,0
1,0,0,0,0,0,5,1,0.0067179846046186,1,0,3.16,26.0,1
0,0,0,0,0,0,16,0,0.008257522743177,0,0,24.01,20.0,0
1,2,0,0,2,1,3,0,0.0018194541637508,1,1,1.09,29.0,1
1,1,0,0,0,0,1,0,0.0051784464660601,1,0,1.17,1.0,1
0,1,2,0,0,0,1,1,0.0013995801259622,0,0,0.43,0.0,0
0,2,2,0,0,0,0,1,0.1577326801959412,0,0,0.69,1.0,0
1,0,0,0,0,0,4,0,0.0053184044786564,1,0,34.0,37.0,1
0,1,0,0,0,0,1,1,0.0085374387683694,0,0,2.13,2.0,0
1,2,0,1,2,0,3,0,0.158852344296711,1,1,199.83,1.0,1
1,2,0,2,0,0,7,1,0.0029391182645206,1,0,2.89,11.0,1
1,0,5,0,0,0,1,1,0.0009797060881735,0,0,1.28,2.0,0
1,2,2,0,0,0,1,0,0.158852344296711,0,0,0.72,1.0,0
1,0,2,0,0,0,0,0,0.0100769769069279,1,0,37.06,70.0,1
1,0,0,0,0,0,4,1,0.0134359692092372,0,0,0.01,0.0,0
1,0,0,0,0,0,2,0,0.158852344296711,1,0,1.97,8.0,0
1,0,0,3,0,0,12,1,0.158852344296711,0,0,52.31,254.0,0
1,0,0,0,0,0,1,0,0.0085374387683694,0,0,65.17,65.0,0
0,0,2,0,0,0,4,0,0.0005598320503848,1,0,103.91,104.0,1
1,2,2,0,0,0,0,0,0.0106368089573128,0,0,0.01,46.0,0
1,0,0,0,0,0,19,0,0.158852344296711,1,1,73.76,76.0,1
1,0,0,0,0,1,5,0,0.0660601819454163,1,1,0.6,157.0,1
1,1,0,0,0,0,1,0,0.0001399580125962,0,0,0.96,1.0,0
1,2,0,0,1,2,1,0,0.0134359692092372,0,0,2.86,3.0,0
1,0,0,0,0,0,1,0,0.0138558432470258,1,0,31.7,10.0,1
1,0,2,0,0,0,0,1,0.0002799160251924,1,0,0.96,82.0,1
0,1,3,0,0,0,1,0,0.158852344296711,1,0,1.05,1.0,1
1,1,2,0,0,0,1,0,0.0085374387683694,1,0,4.22,5.0,1
1,0,0,0,0,0,1,0,0.158852344296711,0,0,23.17,23.0,0
1,1,0,0,0,0,1,0,0.158852344296711,0,0,8.82,9.0,0
1,0,0,3,0,0,16,0,0.0279916025192442,1,0,0.95,0.0,1
1,2,2,0,0,0,0,0,0.0005598320503848,0,0,0.1,0.0,0
1,2,0,0,0,1,1,0,0.0053184044786564,1,0,7.06,4.0,1
1,1,5,0,0,0,1,0,0.158852344296711,0,0,0.9,1.0,0
1,2,0,0,0,0,1,1,0.0134359692092372,1,0,13.82,178.0,1
1,0,0,0,0,0,1,0,0.0009797060881735,0,0,0.83,0.0,0
1,0,0,0,6,5,17,0,0.158852344296711,1,0,112.89,1.0,1
1,1,2,0,0,0,0,1,0.0188943317004898,0,0,6.17,6.0,0
1,0,2,0,0,0,3,1,0.0067179846046186,0,0,3.25,0.0,0
0,0,0,0,0,0,2,1,0.0058782365290412,0,0,1.28,2.0,0
1,0,3,0,0,0,2,1,0.1577326801959412,0,0,1.03,1.0,0
1,1,2,0,0,0,0,1,0.0188943317004898,0,0,1.01,1.0,0
1,2,0,0,0,0,1,1,0.0015395381385584,0,0,3.86,4.0,0
1,0,2,0,0,0,0,1,0.1577326801959412,0,0,0.62,1.0,0
1,0,2,0,0,0,0,0,0.0594821553533939,0,0,6.14,5.0,0
0,2,2,0,0,0,1,0,0.0036389083275017,0,0,0.92,1.0,0
0,2,0,0,0,0,0,0,0.0594821553533939,0,0,0.99,13.0,0
1,1,1,0,0,0,0,0,0.0061581525542337,0,0,2.97,3.0,0
1,2,0,0,0,0,0,1,0.1577326801959412,1,1,1.0,2.0,1
1,0,0,0,0,0,5,1,0.1577326801959412,0,0,0.9,1.0,0
0,2,0,0,0,0,0,1,0.1577326801959412,1,0,1.0,0.0,1
1,0,0,0,0,0,0,1,0.158852344296711,0,0,1.61,2.0,0
1,0,2,0,0,0,0,1,0.0079776067179846,1,0,0.15,3.0,0
1,0,0,0,0,0,0,0,0.0051784464660601,1,0,1.33,41.0,1
0,0,2,0,0,0,1,1,0.0023792862141357,1,0,16.23,16.0,1
1,0,0,0,0,0,1,0,0.0137158852344296,1,0,0.85,30.0,0
1,2,2,0,0,0,0,1,0.1577326801959412,1,0,1.07,2.0,1
1,2,0,0,0,0,1,0,0.0034989503149055,0,0,141.03,141.0,0
1,1,2,0,0,0,3,0,0.158852344296711,1,0,197.93,198.0,1
1,0,2,0,0,0,4,0,0.0594821553533939,1,0,1.16,1.0,1
1,1,0,0,0,0,8,1,0.158852344296711,1,1,0.96,1.0,1
1,2,0,0,0,0,0,1,0.0001399580125962,1,0,0.89,1.0,1
1,0,2,0,0,0,3,1,0.1577326801959412,0,0,0.15,0.0,0
1,1,2,0,0,0,0,0,0.0022393282015395,0,0,33.08,33.0,0
1,0,5,0,0,0,6,0,0.0660601819454163,1,0,1.09,3842.0,1
1,2,0,0,0,0,0,0,0.0076976906927921,0,0,1.07,1.0,0
1,2,0,0,0,0,0,0,0.0040587823652904,1,0,1.84,2.0,1
1,0,0,0,0,0,17,1,0.0062981105668299,0,0,45.66,87.0,0
1,1,2,0,0,0,8,0,0.0660601819454163,1,0,1.24,82.0,1
1,1,2,0,0,0,2,0,0.0660601819454163,1,0,1.01,1.0,1
1,0,2,0,0,0,2,1,0.0005598320503848,1,0,0.74,1.0,1
1,0,0,0,0,1,2,0,0.0004198740377886,1,0,39.84,40.0,1
1,1,0,1,0,0,16,0,0.0660601819454163,0,0,1.09,78.0,0
1,0,2,0,0,0,0,0,0.0029391182645206,1,0,1.19,1.0,1
1,0,2,0,0,0,3,1,0.1577326801959412,1,1,1.79,2.0,1
1,0,1,0,0,0,9,0,0.0030790762771168,1,0,36.95,37.0,0
0,0,0,0,0,0,1,0,0.0009797060881735,0,0,15.22,15.0,0
1,0,2,0,0,0,1,0,0.0100769769069279,0,0,0.8,1.0,0
1,0,2,0,0,0,0,0,0.0594821553533939,0,0,0.85,1.0,0
0,2,0,0,1,0,1,0,0.0078376487053883,1,0,0.95,36.0,1
1,1,1,0,0,0,0,1,0.0067179846046186,0,0,9.43,9.0,0
1,0,0,0,0,0,3,1,0.158852344296711,0,0,37.93,27.0,0
1,2,3,0,0,0,0,0,0.0006997900629811,0,0,32.06,32.0,0
0,2,2,0,0,0,0,1,0.1577326801959412,0,0,0.2,0.0,0
1,0,0,0,0,0,3,1,0.1577326801959412,1,0,1.14,1.0,1
1,0,3,0,0,0,3,0,0.158852344296711,0,0,1.28,2.0,0
1,2,2,0,0,0,0,0,0.0078376487053883,1,0,1.05,1.0,1
0,0,2,0,0,2,14,0,0.006997900629811,0,0,1.0,1.0,0
1,0,3,0,0,0,1,0,0.0005598320503848,0,0,2.92,3.0,0
1,1,2,0,0,0,0,1,0.0079776067179846,0,0,1.12,1.0,0
1,0,2,0,0,0,3,0,0.0279916025192442,1,0,1.24,1.0,1
1,1,2,0,0,0,2,1,0.1577326801959412,0,0,16.21,12.0,0
1,0,0,0,0,0,6,0,0.0009797060881735,0,0,0.96,1.0,0
0,0,0,0,0,0,6,0,0.158852344296711,1,1,3.14,3.0,1
1,2,0,0,0,0,5,0,0.0004198740377886,1,0,6.79,7.0,1
1,1,3,0,0,0,0,1,0.0079776067179846,0,0,0.81,0.0,0
1,1,3,0,0,0,1,0,0.0030790762771168,0,0,3.11,3.0,0
1,0,0,0,0,1,7,0,0.0594821553533939,0,0,1.82,78.0,0
0,0,0,0,0,0,1,1,0.1577326801959412,0,0,1.1,1.0,0
1,0,3,0,0,0,0,0,0.0085374387683694,0,0,1.28,2.0,0
1,2,0,0,0,0,1,0,0.0594821553533939,0,0,0.82,0.0,0
1,0,2,0,0,0,5,1,0.1577326801959412,1,1,26.14,26.0,1
0,0,2,0,0,0,7,0,0.158852344296711,1,0,8.04,15.0,1
1,2,0,4,2,1,6,0,0.158852344296711,1,0,60.12,1.0,1
0,0,5,0,0,0,0,0,0.0100769769069279,0,0,0.88,1.0,0
1,0,0,0,0,0,0,1,0.1577326801959412,0,0,1.86,2.0,0
0,0,1,0,0,0,1,0,0.0023792862141357,0,0,2.04,2.0,0
1,0,0,0,0,0,11,0,0.0279916025192442,1,0,1.87,58.0,1
1,0,0,0,0,0,8,1,0.1577326801959412,1,0,1.11,0.0,0
1,0,0,0,0,0,6,0,0.0009797060881735,1,1,2.05,1.0,1
1,0,3,0,0,0,6,0,0.158852344296711,1,1,23.96,32.0,1
1,1,2,0,0,0,0,1,0.0054583624912526,1,0,0.9,1.0,1
1,1,0,0,0,0,9,0,0.158852344296711,0,0,95.64,96.0,0
1,0,0,0,0,0,1,0,0.0076976906927921,1,0,1.11,14.0,1
1,0,0,0,0,0,0,0,0.0029391182645206,0,0,2.67,3.0,0
1,0,0,0,0,0,3,0,0.158852344296711,1,0,0.78,0.0,0
1,1,0,0,0,0,3,0,0.0011196641007697,1,1,35.17,147.0,1
1,0,2,0,0,0,5,0,0.0279916025192442,0,0,3.68,4.0,0
0,0,0,0,1,0,11,0,0.158852344296711,1,0,23.14,23.0,1
0,2,5,0,0,0,0,1,0.1577326801959412,0,0,0.61,1.0,0
1,1,0,0,0,0,3,0,0.0030790762771168,1,1,5.91,6.0,1
1,0,5,0,0,0,5,0,0.158852344296711,1,0,2.4,2.0,0
1,0,0,0,0,0,8,1,0.1577326801959412,0,0,9.0,9.0,0
0,0,2,0,0,0,3,0,0.158852344296711,0,0,1.05,1.0,0
1,2,3,1,0,0,1,0,0.0138558432470258,1,1,55.02,1.0,1
0,0,2,0,0,0,2,0,0.0008397480755773,1,0,33.02,33.0,1
1,0,0,1,0,0,10,0,0.158852344296711,1,1,1.09,30.0,1
1,0,0,0,0,0,8,1,0.1577326801959412,1,0,0.93,1.0,1
0,2,2,0,3,1,3,1,0.1577326801959412,1,1,1.0,32.0,1
1,0,0,0,0,0,8,0,0.158852344296711,1,0,14.17,1.0,0
1,0,2,0,0,0,1,0,0.0594821553533939,0,0,0.92,1.0,0
1,2,0,1,0,0,12,0,0.0660601819454163,1,0,35.26,4.0,1
1,1,0,0,0,0,4,1,0.158852344296711,0,0,66.39,66.0,0
1,0,0,0,8,2,12,0,0.0660601819454163,1,0,76.27,76.0,1
0,1,2,0,0,0,0,1,0.1577326801959412,0,0,0.73,1.0,0
0,0,2,0,0,0,2,1,0.0090972708187543,0,0,1.28,2.0,0
1,0,2,0,0,0,0,0,0.0106368089573128,0,0,0.22,0.0,0
1,0,0,0,0,0,2,0,0.158852344296711,0,0,3.01,9.0,0
1,0,5,0,0,0,0,0,0.004478656403079,0,0,1.93,2.0,0
1,2,0,0,0,0,1,0,0.158852344296711,0,0,0.75,1.0,0
0,0,2,0,0,0,6,0,0.0137158852344296,0,0,1.2,1.0,0
1,0,0,0,0,0,15,1,0.0062981105668299,1,1,0.93,1492.0,1
0,1,0,0,0,0,5,0,0.0002799160251924,0,0,1.8,2.0,0
1,0,0,1,0,0,6,0,0.0001399580125962,1,0,0.89,5.0,1
1,0,0,0,1,0,6,1,0.158852344296711,0,0,1.91,15.0,0
0,2,2,0,0,0,1,0,0.158852344296711,0,0,0.81,1.0,0
1,0,0,0,0,0,0,0,0.0100769769069279,0,0,0.2,0.0,0
1,1,5,0,0,0,6,0,0.0660601819454163,1,0,1.95,7.0,1
1,0,0,0,0,0,4,0,0.0279916025192442,1,0,0.92,10.0,0
1,2,0,2,1,0,3,1,0.1577326801959412,1,0,0.26,0.0,1
1,0,3,0,0,0,6,1,0.0012596221133659,1,0,0.96,0.0,1
1,0,3,0,0,0,4,0,0.0001399580125962,0,0,1.28,10.0,0
1,1,0,0,0,0,4,0,0.158852344296711,0,0,1.98,2.0,0
1,2,3,0,0,0,0,0,0.158852344296711,1,0,0.83,1.0,1
1,0,5,0,0,0,1,0,0.0002799160251924,1,0,68.03,1.0,1
0,1,0,0,0,3,18,0,0.158852344296711,1,0,54.05,1798.0,1
0,0,0,0,0,0,13,0,0.0660601819454163,1,0,33.28,44.0,1
1,2,0,0,0,0,1,0,0.0594821553533939,1,0,0.92,1.0,1
1,0,2,0,0,0,10,0,0.158852344296711,1,0,1.14,1.0,1
1,0,2,0,0,3,10,1,0.0090972708187543,1,1,0.86,9.0,1
1,1,2,0,0,0,0,0,0.0138558432470258,0,0,0.59,1.0,0
1,1,2,0,0,0,1,1,0.1577326801959412,0,0,0.58,1.0,0
1,0,3,0,0,0,7,0,0.0106368089573128,1,1,0.28,1.0,1
1,0,0,2,0,1,14,1,0.158852344296711,1,0,5.93,6.0,1
1,1,2,0,0,0,1,0,0.158852344296711,0,0,55.61,56.0,0
1,1,2,0,0,0,3,1,0.0001399580125962,0,0,12.31,12.0,0
1,0,0,0,0,0,2,0,0.0594821553533939,0,0,1.7,2.0,0
1,2,0,0,0,0,0,0,0.0078376487053883,1,0,1.81,120.0,1
0,0,0,1,0,0,1,1,0.1577326801959412,1,0,0.87,1.0,1
1,0,2,1,0,1,9,0,0.0065780265920223,1,0,1.88,78.0,1
1,0,0,0,0,0,2,0,0.0134359692092372,0,0,0.61,1.0,0
0,0,2,0,0,0,1,1,0.0001399580125962,1,0,0.98,1.0,1
1,2,0,0,0,0,0,0,0.0594821553533939,1,0,1.08,9.0,1
0,2,0,0,0,0,0,0,0.0078376487053883,0,0,0.95,1.0,0
1,1,2,0,0,0,0,0,0.0594821553533939,1,0,68.07,68.0,1
1,0,0,0,0,1,4,0,0.0117564730580825,1,1,169.93,11.0,1
1,0,0,0,0,0,7,0,0.0065780265920223,0,0,1.23,1.0,0
1,0,2,0,0,0,5,0,0.0065780265920223,1,0,0.3,1.0,1
1,1,5,0,0,0,0,1,0.1577326801959412,0,0,7.09,7.0,0
1,2,0,0,0,0,0,1,0.0188943317004898,0,0,1.02,1.0,0
1,0,0,0,0,0,15,0,0.0005598320503848,1,0,93.99,5.0,1
1,1,2,0,0,0,5,1,0.0103568929321203,0,0,4.88,5.0,0
1,1,2,0,0,0,2,1,0.0067179846046186,0,0,56.85,57.0,0
1,1,0,0,0,0,21,0,0.158852344296711,1,0,449.1,489.0,1
1,1,2,0,0,0,8,0,0.0594821553533939,1,0,290.37,2.0,1
1,1,1,0,0,0,0,0,0.0033589923023093,0,0,1.99,2.0,0
0,0,2,0,0,0,3,0,0.0054583624912526,1,0,0.22,0.0,1
1,0,0,0,0,0,1,1,0.1577326801959412,0,0,1.27,1.0,0
1,0,5,0,0,0,6,0,0.0134359692092372,1,0,2.68,3.0,1
0,0,0,0,0,0,3,0,0.0002799160251924,0,0,1.28,2.0,0
1,0,3,1,0,1,7,0,0.0138558432470258,1,0,1.16,8.0,1
1,2,0,0,0,0,0,0,0.0137158852344296,0,0,2.03,2.0,0
1,0,2,0,0,0,4,0,0.008257522743177,0,0,1.28,2.0,0
1,0,2,0,0,0,0,0,0.0660601819454163,0,0,0.9,7.0,0
1,2,3,0,0,0,0,0,0.0016794961511546,1,0,25.2,25.0,1
1,2,0,0,0,1,0,0,0.0076976906927921,1,0,0.83,1.0,1
1,0,0,0,0,0,7,0,0.158852344296711,1,0,34.52,26.0,1
1,0,0,0,1,0,18,0,0.0660601819454163,1,0,0.32,0.0,1
1,1,3,0,0,0,0,1,0.1577326801959412,1,0,0.84,1.0,1
1,0,2,0,0,0,16,0,0.158852344296711,1,0,35.23,1.0,1
1,2,0,0,0,0,0,0,0.008257522743177,1,1,0.74,57.0,1
1,1,2,0,0,0,1,0,0.158852344296711,0,0,1.28,2.0,0
1,0,0,0,0,0,2,0,0.0134359692092372,0,0,1.16,1.0,0
1,0,2,0,0,0,5,0,0.0594821553533939,1,0,2.86,3.0,1
1,0,2,0,0,0,0,0,0.0009797060881735,1,1,0.58,21.0,1
1,0,2,0,0,0,0,1,0.1577326801959412,0,0,1.83,2.0,0
1,2,3,0,0,0,3,0,0.0660601819454163,1,0,3.25,3.0,1
1,0,0,2,0,0,8,0,0.0138558432470258,1,0,7.17,6.0,1
1,0,0,0,0,0,7,0,0.158852344296711,0,0,18.12,18.0,0
1,0,0,0,0,0,3,0,0.0016794961511546,1,0,26.84,27.0,1
1,0,2,0,0,0,4,0,0.0029391182645206,0,0,56.01,1.0,0
0,2,0,0,0,0,0,0,0.0040587823652904,0,0,0.92,1.0,0
1,0,2,0,0,0,0,0,0.0279916025192442,0,0,4.05,39.0,0
1,0,0,0,0,0,0,0,0.0009797060881735,0,0,0.65,1.0,0
0,2,0,0,0,0,0,1,0.1577326801959412,0,0,0.9,1.0,0
0,0,2,0,0,1,2,0,0.0054583624912526,1,0,1.12,126.0,1
1,0,0,0,0,1,0,0,0.0015395381385584,0,0,0.79,0.0,0
0,0,2,0,0,0,1,0,0.0036389083275017,1,0,0.29,107.0,1
1,1,0,0,0,0,16,1,0.1577326801959412,1,0,12.15,359.0,1
1,1,2,0,0,0,0,0,0.0022393282015395,0,0,0.86,1.0,0
1,1,3,0,0,0,0,1,0.1577326801959412,1,1,1.28,33.0,1
0,0,2,0,0,0,7,0,0.009517144856543,1,0,7.17,62.0,1
1,1,3,0,0,0,6,0,0.158852344296711,0,0,40.92,41.0,0
1,0,0,0,0,0,18,1,0.0058782365290412,1,0,1.14,1.0,1
1,0,0,0,0,0,0,0,0.0660601819454163,1,1,33.34,33.0,1
1,2,0,0,0,0,1,0,0.158852344296711,0,0,0.71,9.0,0
1,2,5,0,0,0,0,0,0.0004198740377886,1,0,2.01,32.0,1
1,0,0,0,0,0,7,0,0.0279916025192442,0,0,0.68,1.0,0
0,0,2,0,0,0,12,0,0.0660601819454163,1,0,3.05,3.0,1
1,0,3,0,0,0,3,1,0.0188943317004898,0,0,2.11,2.0,0
1,0,2,0,0,0,6,0,0.0051784464660601,0,0,0.79,7.0,0
1,2,3,0,0,0,1,0,0.158852344296711,0,0,1.28,2.0,0
1,2,1,0,0,0,4,0,0.158852344296711,1,1,0.04,0.0,1
1,0,5,0,0,0,13,0,0.0023792862141357,1,1,1.19,2.0,1
1,0,0,0,0,0,4,0,0.0660601819454163,0,0,5.94,6.0,0
1,0,2,0,0,0,3,1,0.1577326801959412,1,0,0.31,1.0,1
1,0,2,0,0,0,2,0,0.158852344296711,1,0,1.28,2.0,1
1,0,2,0,0,0,1,1,0.1577326801959412,0,0,31.28,31.0,0
1,2,3,0,0,1,0,0,0.158852344296711,1,0,1.0,1.0,1
1,0,0,0,0,0,3,1,0.1577326801959412,0,0,80.91,81.0,0
1,0,0,0,0,0,1,0,0.0037788663400979,0,0,0.13,0.0,0
1,1,2,0,0,0,2,0,0.158852344296711,0,0,7.98,8.0,0
1,2,3,0,0,0,1,0,0.158852344296711,1,0,17.96,41.0,1
1,0,2,0,0,0,1,0,0.0076976906927921,0,0,0.71,1.0,0
1,2,0,0,0,0,0,0,0.0134359692092372,0,0,3.86,4.0,0
1,2,0,0,0,0,0,0,0.0001399580125962,0,0,2.29,2.0,0
1,0,0,0,0,0,6,1,0.1577326801959412,1,0,5.2,5.0,1
1,0,0,0,0,0,0,0,0.0138558432470258,0,0,0.8,1.0,0
1,0,0,0,1,1,4,0,0.0594821553533939,1,0,1.92,2.0,1
1,2,0,0,0,0,2,0,0.010776766969909,1,0,1.03,38.0,1
1,0,0,0,0,0,7,0,0.158852344296711,1,0,0.82,240.0,1
0,0,2,0,0,0,0,1,0.0090972708187543,1,0,2.12,8.0,1
0,0,2,0,0,0,5,0,0.0029391182645206,1,0,4.6,5.0,0
1,1,2,0,0,0,2,1,0.0079776067179846,0,0,31.94,54.0,0
1,0,0,0,0,0,2,0,0.158852344296711,0,0,1.07,4.0,0
1,0,2,0,1,0,15,0,0.0660601819454163,0,0,1.04,1.0,0
1,1,0,0,0,0,4,0,0.0134359692092372,1,0,0.83,1.0,1
1,1,0,0,0,0,9,0,0.0040587823652904,0,0,1.28,328.0,0
0,0,0,0,0,0,4,0,0.0025192442267319,0,0,1.03,1.0,0
1,2,2,0,0,0,0,1,0.1577326801959412,1,0,0.77,1.0,1
1,1,2,0,0,0,1,1,0.0188943317004898,1,0,1.28,2.0,1
0,1,0,0,0,0,7,0,0.0660601819454163,1,0,0.78,1567.0,1
1,0,2,0,0,0,3,0,0.0279916025192442,0,0,241.99,17.0,0
1,0,0,0,0,0,8,1,0.1577326801959412,0,0,1.1,1.0,0
1,0,0,0,0,0,7,0,0.0100769769069279,1,0,2.83,3.0,1
1,2,2,0,0,3,0,0,0.0138558432470258,1,0,0.83,0.0,1
1,2,0,0,0,0,0,0,0.0117564730580825,1,1,50.14,19.0,1
1,0,0,0,0,1,14,0,0.0279916025192442,1,0,1.85,115.0,1
1,0,0,0,0,0,1,1,0.1577326801959412,0,0,0.8,1.0,0
1,0,2,0,0,0,5,0,0.0660601819454163,1,0,6.18,6.0,1
1,2,0,0,0,0,2,1,0.1577326801959412,1,0,2.11,2.0,1
0,2,5,0,0,0,1,1,0.1577326801959412,0,0,1.0,1.0,0
1,2,2,0,0,0,0,0,0.0001399580125962,0,0,2.27,2.0,0
1,0,0,0,0,0,29,0,0.0660601819454163,1,0,20.02,20.0,1
0,1,2,0,0,0,1,1,0.1577326801959412,1,1,31.08,31.0,1
0,0,0,0,0,0,1,0,0.0594821553533939,0,0,1.13,1.0,0
1,2,0,0,0,0,0,1,0.1577326801959412,1,1,0.98,193.0,1
1,2,0,0,0,1,1,0,0.0660601819454163,1,0,1.0,177.0,1
1,0,0,0,0,0,6,0,0.0134359692092372,1,1,1.04,32.0,1
1,0,3,1,4,0,10,0,0.0279916025192442,1,0,7.85,17.0,1
0,2,3,0,0,0,1,0,0.0008397480755773,0,0,0.97,1.0,0
1,0,0,0,0,0,4,1,0.005738278516445,1,0,0.99,1.0,0
0,0,0,0,0,0,0,1,0.0029391182645206,0,0,6.42,4.0,0
0,1,2,0,0,0,7,1,0.001959412176347,1,0,7.92,5.0,1
1,0,0,0,0,0,1,0,0.0034989503149055,0,0,98.76,99.0,0
1,1,3,0,0,0,0,0,0.0138558432470258,0,0,1.4,11.0,0
1,0,0,0,0,0,1,0,0.0085374387683694,0,0,83.71,84.0,0
1,0,0,0,0,0,0,0,0.0043386983904828,0,0,0.96,1.0,0
0,0,2,0,0,0,10,0,0.0006997900629811,1,0,5.93,6.0,1
1,1,0,0,0,0,0,0,0.0137158852344296,1,0,1.17,87.0,1
1,2,0,0,0,0,5,0,0.0100769769069279,0,0,0.84,2.0,0
1,2,0,0,1,0,1,0,0.0594821553533939,1,0,1.14,1.0,1
1,0,2,0,0,0,0,1,0.1577326801959412,1,1,0.8,6.0,1
1,2,2,0,0,0,1,0,0.158852344296711,0,0,0.98,1.0,0
1,0,0,1,2,2,22,1,0.0134359692092372,1,1,0.89,19.0,1
1,1,3,0,0,0,5,0,0.0036389083275017,0,0,24.3,24.0,0
0,1,2,0,0,0,1,0,0.158852344296711,0,0,29.92,1.0,0
1,0,0,0,1,0,17,0,0.0279916025192442,1,0,15.21,15.0,1
1,0,0,0,0,0,0,0,0.0660601819454163,1,0,1.28,71.0,1
1,1,0,0,0,0,8,0,0.0279916025192442,1,0,2.33,0.0,1
1,0,0,0,0,0,10,0,0.0004198740377886,1,0,82.13,157.0,1
1,1,2,0,0,0,2,1,0.0079776067179846,0,0,27.87,49.0,0
1,0,3,0,0,0,1,1,0.0058782365290412,0,0,0.94,1.0,0
1,0,0,0,0,0,13,0,0.0018194541637508,1,1,475.0,475.0,1
1,2,0,0,0,3,4,0,0.0279916025192442,1,0,1.26,0.0,1
1,1,2,0,0,0,2,0,0.0036389083275017,1,1,3.91,1.0,1
1,1,2,0,0,0,0,0,0.0594821553533939,1,0,1.67,14.0,1
1,0,0,0,0,0,2,1,0.0134359692092372,0,0,2.12,2.0,0
0,0,2,0,0,0,0,1,0.0079776067179846,0,0,0.63,1.0,0
1,0,0,0,0,0,1,1,0.1577326801959412,0,0,2.12,2.0,0
1,2,0,0,0,0,0,1,0.0062981105668299,1,0,0.82,2.0,1
0,1,2,0,0,0,2,1,0.0013995801259622,0,0,0.32,0.0,0
1,2,2,0,0,1,5,0,0.158852344296711,1,1,5.88,1.0,1
1,1,0,0,0,0,1,1,0.0062981105668299,0,0,0.95,1.0,0
1,0,0,0,0,0,3,1,0.0058782365290412,0,0,76.69,77.0,0
1,0,0,0,3,1,8,1,0.1577326801959412,1,0,0.62,1.0,1
1,1,0,0,0,0,2,1,0.0103568929321203,0,0,10.82,19.0,0
1,0,2,0,0,0,0,0,0.0138558432470258,0,0,0.56,1.0,0
0,0,3,0,0,0,0,1,0.1577326801959412,0,0,0.24,0.0,0
1,0,5,0,0,0,0,0,0.0015395381385584,1,0,1.22,1.0,1
1,0,2,0,1,0,5,0,0.158852344296711,1,1,36.93,37.0,1
1,1,2,0,0,0,11,0,0.0594821553533939,0,0,89.93,56.0,0
1,0,0,0,0,0,2,1,0.0134359692092372,1,0,10.31,10.0,1
1,0,0,0,0,0,2,0,0.158852344296711,0,0,27.9,94.0,0
1,2,0,0,2,2,4,0,0.0100769769069279,1,0,0.98,17.0,1
1,0,3,0,0,0,0,1,0.0103568929321203,0,0,0.3,0.0,0
1,1,0,0,0,0,9,0,0.009517144856543,1,0,0.79,434.0,1
1,2,2,0,0,0,5,0,0.158852344296711,1,0,37.25,9.0,1
0,2,0,0,0,0,0,0,0.0029391182645206,0,0,1.22,1.0,0
1,0,0,0,0,0,6,0,0.158852344296711,0,0,0.73,1.0,0
1,2,0,0,0,0,0,0,0.0078376487053883,1,0,0.93,58.0,1
1,0,0,0,0,0,1,1,0.1577326801959412,1,1,64.17,97.0,0
1,0,0,0,0,0,2,0,0.0594821553533939,0,0,0.96,1.0,0
1,1,2,0,0,0,3,1,0.0002799160251924,0,0,0.85,0.0,0
1,0,0,0,0,0,7,0,0.0279916025192442,1,0,2.12,1.0,1
1,2,0,0,0,1,6,0,0.008257522743177,1,0,45.97,12.0,1
1,0,2,0,0,0,2,1,0.0079776067179846,0,0,0.07,0.0,0
1,0,2,0,0,0,4,0,0.0279916025192442,0,0,1.01,1.0,0
1,0,0,0,0,0,3,0,0.0594821553533939,0,0,2.15,2.0,0
0,0,3,0,0,0,2,0,0.158852344296711,0,0,6.8,7.0,0
1,0,2,0,0,0,0,0,0.0043386983904828,0,0,0.88,1.0,0
1,0,0,0,0,0,1,0,0.0008397480755773,0,0,1.07,1.0,0
1,0,0,0,0,0,1,0,0.158852344296711,1,1,4.39,8.0,1
1,2,0,0,0,0,0,0,0.0134359692092372,0,0,2.11,2.0,0
1,0,2,0,0,1,11,0,0.0660601819454163,1,0,49.21,32.0,1
1,0,0,0,0,0,0,1,0.1577326801959412,0,0,0.63,1.0,0
1,0,5,0,0,0,1,0,0.158852344296711,0,0,0.97,1.0,0
1,0,0,0,0,0,14,0,0.158852344296711,1,0,64.11,64.0,1
1,2,2,0,0,0,2,0,0.0594821553533939,1,0,77.72,0.0,1
1,0,0,0,0,0,0,0,0.0134359692092372,0,0,1.07,1.0,0
1,1,0,0,0,0,0,0,0.0138558432470258,0,0,1.11,1.0,0
1,0,0,0,0,0,6,0,0.0594821553533939,1,0,0.57,0.0,1
1,0,0,0,0,0,9,0,0.0074177746675997,1,1,0.96,1.0,1
0,2,0,0,1,0,2,0,0.0023792862141357,1,0,12.36,12.0,0
1,1,2,0,0,0,1,1,0.0103568929321203,0,0,3.26,3.0,0
1,1,2,0,0,0,4,0,0.0078376487053883,0,0,118.98,119.0,0
0,0,0,0,0,0,0,1,0.1577326801959412,0,0,0.96,1.0,0
0,2,2,0,0,0,0,1,0.1577326801959412,0,0,1.04,1.0,0
0,0,0,0,0,0,5,0,0.158852344296711,1,0,1.19,1.0,0
1,0,2,0,0,0,3,0,0.158852344296711,1,0,8.24,8.0,1
1,0,3,0,0,0,1,0,0.0100769769069279,0,0,0.99,1.0,0
1,0,0,0,0,2,6,1,0.001959412176347,1,0,0.86,9.0,1
1,0,0,0,0,0,1,0,0.0015395381385584,0,0,0.91,1.0,0
1,1,3,0,0,0,0,0,0.0078376487053883,0,0,1.6,2.0,0
1,1,2,0,0,0,1,0,0.0594821553533939,1,1,1.14,38.0,1
0,2,0,0,1,0,1,1,0.0012596221133659,0,0,30.75,31.0,0
1,0,2,0,0,0,0,0,0.0076976906927921,1,0,4.92,1.0,1
1,1,0,0,0,0,5,1,0.0054583624912526,0,0,2.0,2.0,0
1,1,2,0,0,0,1,1,0.1577326801959412,0,0,0.6,1.0,0
1,0,5,0,0,0,1,0,0.0134359692092372,1,0,2.29,36.0,1
1,2,3,0,0,1,2,0,0.0004198740377886,1,1,1.07,2.0,1
1,0,0,0,0,0,7,0,0.0064380685794261,1,0,0.82,1.0,1
1,0,0,0,0,0,16,0,0.158852344296711,1,0,191.23,423.0,1
0,0,2,0,0,0,0,1,0.1577326801959412,0,0,1.97,2.0,0
0,0,2,0,0,0,2,1,0.005738278516445,0,0,117.12,117.0,0
0,0,0,0,0,0,1,0,0.0594821553533939,0,0,1.76,15.0,0
1,0,2,0,0,0,0,1,0.0103568929321203,0,0,0.62,1.0,0
1,0,0,0,0,0,0,1,0.1577326801959412,0,0,0.23,0.0,0
1,0,2,0,0,0,5,0,0.0134359692092372,0,0,0.57,1.0,0
1,0,0,0,0,0,0,0,0.0001399580125962,0,0,0.89,1.0,0
1,0,0,0,0,0,2,0,0.158852344296711,0,0,3.75,4.0,0
1,0,0,0,0,0,12,0,0.0065780265920223,1,0,2.87,3.0,1
1,0,1,0,0,0,1,0,0.158852344296711,0,0,40.83,41.0,0
1,0,0,0,0,0,0,0,0.0660601819454163,0,0,3.85,12.0,0
1,0,0,0,0,0,19,0,0.158852344296711,1,0,220.0,1.0,0
0,2,2,0,0,0,1,1,0.1577326801959412,0,0,65.15,65.0,0
0,0,2,0,0,0,0,0,0.0660601819454163,0,0,0.23,0.0,0
1,0,2,0,0,0,1,1,0.0001399580125962,0,0,1.28,2.0,0
1,0,2,0,0,0,0,0,0.0660601819454163,0,0,0.82,0.0,0
1,1,2,0,0,0,0,0,0.0002799160251924,0,0,2.85,3.0,0
1,0,2,0,0,0,4,0,0.158852344296711,0,0,169.9,9.0,0
1,0,0,1,0,0,17,0,0.0001399580125962,1,0,1.99,0.0,1
1,0,0,0,0,0,4,0,0.158852344296711,1,1,25.9,0.0,1
1,0,2,0,0,0,12,1,0.0015395381385584,1,0,39.12,39.0,1
0,1,2,0,0,0,0,0,0.0660601819454163,0,0,1.24,1.0,0
0,2,0,0,0,0,4,0,0.0660601819454163,1,1,2.03,1.0,1
1,0,2,0,0,0,2,0,0.158852344296711,1,0,0.99,1.0,1
1,0,0,0,0,0,0,1,0.1577326801959412,1,0,1.28,2.0,0
1,0,0,0,0,0,12,0,0.003219034289713,0,0,1.28,108.0,0
0,0,0,0,0,0,1,1,0.1577326801959412,0,0,15.82,16.0,0
1,2,5,0,0,0,0,0,0.0001399580125962,0,0,1.0,7.0,0
0,0,2,0,0,0,1,0,0.158852344296711,0,0,25.71,26.0,0
0,2,0,0,0,1,0,1,0.1577326801959412,1,1,1.04,6.0,1
0,0,0,0,0,0,0,1,0.1577326801959412,0,0,1.01,1.0,0
1,1,2,0,0,0,4,0,0.0134359692092372,1,0,1.21,1.0,1
1,0,3,0,0,0,9,0,0.0040587823652904,0,0,2.16,177.0,0
1,0,0,1,0,0,7,0,0.0660601819454163,1,0,1.99,30.0,1
0,0,3,0,0,0,1,0,0.158852344296711,0,0,1.25,1.0,0
1,0,2,0,0,0,4,0,0.0013995801259622,0,0,1.28,955.0,0
0,2,2,0,0,0,0,1,0.1577326801959412,0,0,0.3,0.0,0
1,0,2,0,0,0,12,0,0.158852344296711,0,0,13.3,13.0,0
1,0,2,0,0,0,0,0,0.0001399580125962,1,1,2.79,9.0,1
1,0,0,0,0,0,2,1,0.1577326801959412,0,0,1.27,1.0,0
1,0,0,0,0,0,1,0,0.0002799160251924,0,0,1.34,1.0,0
1,0,0,0,0,0,0,1,0.1577326801959412,0,0,0.56,0.0,0
0,0,0,0,0,0,8,0,0.158852344296711,1,0,3.04,13.0,0
1,2,2,0,0,0,2,1,0.158852344296711,0,0,1.28,2.0,0
0,0,2,0,0,0,0,0,0.0594821553533939,1,0,2.87,4.0,1
0,0,2,0,0,0,0,1,0.1577326801959412,1,0,1.23,1.0,1
1,0,0,6,0,0,8,1,0.1577326801959412,1,1,0.78,1.0,1
1,2,0,0,0,0,2,0,0.0134359692092372,1,0,178.19,178.0,1
0,0,2,0,0,0,1,1,0.005738278516445,1,0,0.75,2.0,0
1,0,2,0,0,0,3,0,0.0660601819454163,0,0,38.97,4.0,0
1,0,2,0,0,0,5,0,0.0279916025192442,1,0,0.67,1.0,1
1,1,2,0,0,0,1,0,0.0036389083275017,1,0,0.97,23.0,1
1,1,5,0,0,0,0,0,0.0660601819454163,1,0,7.06,1.0,1
1,0,3,0,0,0,9,0,0.158852344296711,0,0,48.73,14.0,0
1,0,2,0,0,0,1,0,0.0034989503149055,0,0,0.69,1.0,0
1,0,2,0,0,0,3,0,0.158852344296711,0,0,120.97,27.0,0
1,0,3,0,0,0,0,1,0.1577326801959412,1,0,1.01,1.0,1
1,2,0,0,2,6,8,0,0.158852344296711,1,1,243.99,1646.0,1
1,2,2,0,0,0,1,0,0.0117564730580825,0,0,1.26,1.0,0
1,1,2,0,0,0,13,1,0.1577326801959412,1,1,66.16,81.0,1
0,0,0,0,0,0,4,0,0.158852344296711,0,0,0.76,0.0,0
0,0,0,0,0,0,6,0,0.0279916025192442,1,0,12.01,12.0,1
1,0,2,0,0,0,4,1,0.1577326801959412,1,1,1.05,26.0,1
1,0,2,0,0,0,1,0,0.0030790762771168,0,0,1.04,1.0,0
1,0,0,0,0,0,2,0,0.0004198740377886,0,0,131.99,132.0,0
1,0,0,0,0,0,8,1,0.1577326801959412,1,0,26.04,26.0,1
1,2,0,0,0,0,1,0,0.158852344296711,0,0,22.39,22.0,0
1,0,1,0,0,0,0,1,0.1577326801959412,0,0,1.02,1.0,0
1,1,3,0,0,0,1,1,0.0058782365290412,0,0,0.87,1.0,0
1,0,0,2,0,0,23,1,0.0134359692092372,1,1,31.91,32.0,1
1,0,2,0,0,0,3,1,0.004478656403079,0,0,1.3,1.0,0
1,0,0,0,0,0,7,0,0.158852344296711,0,0,58.07,58.0,0
1,0,2,0,0,0,7,0,0.0009797060881735,1,0,43.18,73.0,1
1,2,2,0,0,0,1,0,0.0008397480755773,0,0,11.03,11.0,0
0,1,2,0,0,0,0,1,0.0022393282015395,0,0,0.19,0.0,0
1,0,2,0,0,0,5,1,0.1577326801959412,1,0,0.73,1.0,1
1,1,0,0,0,0,11,0,0.0004198740377886,1,0,320.36,320.0,1
0,0,3,0,0,0,0,1,0.0012596221133659,0,0,0.2,0.0,0
1,0,0,0,1,0,1,1,0.0074177746675997,0,0,1.88,2.0,0
0,0,2,0,0,0,3,0,0.0036389083275017,1,1,1.9,2.0,1
1,2,2,0,0,0,2,1,0.0188943317004898,0,0,0.21,0.0,0
1,1,1,0,0,0,0,0,0.0594821553533939,0,0,0.81,1.0,0
0,0,2,0,0,0,0,1,0.1577326801959412,0,0,0.53,0.0,0
0,0,2,0,0,0,0,0,0.0029391182645206,1,0,1.79,2.0,1
0,0,2,0,0,1,1,0,0.0279916025192442,0,0,0.13,0.0,0
1,0,0,0,0,0,0,0,0.0078376487053883,0,0,45.01,45.0,0
1,0,3,0,0,0,1,0,0.0138558432470258,0,0,4.18,4.0,0
1,2,0,0,0,1,2,0,0.0660601819454163,1,0,7.59,14.0,1
0,0,2,0,0,0,9,1,0.0054583624912526,1,0,0.67,1.0,1
0,0,0,0,0,0,5,1,0.158852344296711,0,0,2.0,2.0,0
1,0,3,0,0,0,3,0,0.158852344296711,0,0,1.28,1622.0,0
0,1,0,0,0,0,3,0,0.0001399580125962,0,0,0.21,0.0,0
1,2,3,0,0,3,1,0,0.0660601819454163,0,0,0.86,20.0,0
0,2,3,0,0,0,1,0,0.158852344296711,1,0,2.18,2.0,0
1,0,3,0,0,0,3,0,0.158852344296711,0,0,0.26,6.0,0
1,0,0,0,0,0,0,0,0.0016794961511546,1,1,90.25,22.0,1
0,0,0,0,0,0,0,1,0.1577326801959412,1,1,1.14,1.0,0
1,0,2,0,0,0,0,0,0.0100769769069279,0,0,0.6,1.0,0
1,0,0,0,0,0,2,1,0.1577326801959412,1,1,0.83,1.0,0
0,0,5,0,0,0,0,0,0.0090972708187543,0,0,47.92,48.0,0
1,2,0,0,0,2,2,1,0.1577326801959412,1,1,24.24,69.0,1
1,2,0,5,1,0,10,0,0.0660601819454163,1,1,0.23,133.0,1
1,0,3,0,1,0,26,0,0.0279916025192442,1,0,117.79,118.0,1
1,1,0,0,0,0,13,0,0.158852344296711,0,0,1.28,2683.0,0
1,0,3,0,0,0,5,0,0.0279916025192442,0,0,0.74,1.0,0
1,1,2,0,0,0,1,0,0.0138558432470258,0,0,9.18,9.0,0
1,2,0,0,0,0,1,0,0.0594821553533939,1,0,1.0,38.0,1
1,2,0,0,0,2,2,0,0.0594821553533939,1,0,0.81,7.0,1
1,0,0,0,2,3,11,0,0.158852344296711,1,0,57.42,35.0,1
1,0,0,0,0,0,3,1,0.0134359692092372,0,0,1.27,1.0,0
0,0,2,0,0,0,0,1,0.1577326801959412,0,0,0.92,1.0,0
1,0,0,0,0,0,0,0,0.0002799160251924,1,0,0.82,32.0,1
1,1,2,0,0,0,1,0,0.158852344296711,0,0,10.55,11.0,0
1,0,0,0,0,2,9,1,0.1577326801959412,1,1,14.58,102.0,1
1,0,3,0,1,0,19,0,0.0013995801259622,1,1,0.99,0.0,1
1,2,5,0,0,0,0,1,0.0033589923023093,0,0,4.06,4.0,0
1,1,5,0,0,0,1,1,0.1577326801959412,1,0,1.27,0.0,1
0,0,0,0,0,0,3,0,0.0078376487053883,1,0,0.86,8.0,1
1,2,0,0,0,0,1,0,0.158852344296711,0,0,0.97,1.0,0
0,2,0,0,0,0,3,1,0.1577326801959412,1,0,0.9,3.0,1
1,0,0,0,0,0,4,0,0.158852344296711,0,0,11.03,19.0,0
1,1,2,0,0,0,12,0,0.0043386983904828,1,0,2.97,3.0,1
1,0,5,0,0,0,1,1,0.1577326801959412,0,0,1.1,1.0,0
1,0,2,0,0,0,0,1,0.1577326801959412,0,0,2.03,2.0,0
1,2,0,0,1,3,2,0,0.0279916025192442,0,0,0.86,1.0,0
0,0,0,0,0,0,0,0,0.0002799160251924,1,1,1.13,3.0,1
1,0,0,0,0,0,0,1,0.0660601819454163,0,0,1.87,2.0,0
1,0,3,0,0,0,5,0,0.0043386983904828,1,0,37.2,207.0,1
0,0,3,0,0,0,0,0,0.0076976906927921,0,0,0.11,0.0,0
0,1,2,0,0,0,0,0,0.0009797060881735,0,0,0.75,1.0,0
0,0,3,0,0,0,1,1,0.1577326801959412,0,0,3.81,4.0,0
1,2,2,0,0,2,6,0,0.010776766969909,0,0,7.21,0.0,0
1,1,0,0,0,0,0,1,0.0103568929321203,0,0,1.04,1.0,0
1,0,5,0,0,0,3,0,0.0061581525542337,0,0,41.11,41.0,0
1,2,0,0,0,0,0,0,0.0134359692092372,1,0,0.55,0.0,1
1,0,0,0,0,0,16,0,0.0137158852344296,1,0,33.28,33.0,1
1,0,0,0,0,0,7,0,0.0036389083275017,1,0,2.25,1.0,0
0,1,2,0,0,0,3,0,0.0002799160251924,0,0,0.79,1.0,0
1,2,0,0,0,0,0,0,0.001959412176347,0,0,1.05,1.0,0
1,0,0,0,0,0,0,0,0.0660601819454163,1,1,4.29,75.0,1
1,2,0,0,0,0,2,1,0.0067179846046186,1,1,54.72,0.0,1
1,0,2,0,0,0,0,1,0.0188943317004898,0,0,1.23,1.0,0
1,2,0,0,1,0,1,0,0.0076976906927921,1,0,0.83,77.0,1
0,0,5,0,0,0,5,0,0.158852344296711,1,0,1.71,5.0,1
1,0,2,0,0,0,1,0,0.0054583624912526,0,0,0.3,0.0,0
1,0,0,0,0,0,0,0,0.0001399580125962,0,0,1.98,2.0,0
1,1,2,0,0,0,17,0,0.0016794961511546,1,1,23.23,23.0,1
1,0,0,0,0,0,5,1,0.0011196641007697,0,0,1.28,2.0,0
1,0,0,0,0,0,0,0,0.0008397480755773,0,0,2.19,2.0,0
0,0,0,0,0,0,5,0,0.004478656403079,1,0,25.89,26.0,1
1,2,5,0,0,0,0,1,0.0134359692092372,1,0,0.62,1.0,0
1,2,2,0,1,1,1,0,0.0005598320503848,1,0,13.01,4.0,1
1,0,0,0,0,0,5,1,0.1577326801959412,0,0,5.62,6.0,0
1,1,2,0,0,0,0,1,0.0090972708187543,0,0,0.25,0.0,0
1,0,0,0,0,0,0,0,0.0078376487053883,1,0,9.0,9.0,1
1,2,0,0,0,0,2,0,0.0085374387683694,1,1,16.02,17.0,1
0,1,0,0,0,0,1,1,0.0008397480755773,0,0,1.28,2.0,0
0,0,2,0,0,0,1,0,0.010776766969909,1,0,1.0,6.0,1
0,0,0,0,0,0,7,0,0.0279916025192442,1,0,2.04,1.0,1
1,0,2,0,0,0,1,1,0.1577326801959412,1,0,1.23,1.0,1
1,1,2,0,0,0,0,0,0.0020993701889433,0,0,0.88,1.0,0
1,0,0,0,0,0,2,0,0.0008397480755773,0,0,1.28,2.0,0
1,0,0,0,0,0,1,0,0.0074177746675997,1,1,0.93,1.0,1
1,0,0,0,0,0,0,0,0.0117564730580825,0,0,3.28,7.0,0
1,2,0,0,0,0,2,1,0.0134359692092372,1,0,0.17,276.0,1
1,0,3,0,0,0,1,0,0.0279916025192442,1,0,0.98,1.0,1
1,0,0,0,1,0,13,1,0.0015395381385584,1,0,0.39,1.0,1
1,0,2,0,0,0,4,0,0.0594821553533939,1,0,33.1,33.0,1
1,2,0,2,1,0,10,1,0.0079776067179846,0,0,0.85,1.0,0
1,0,0,0,0,0,0,1,0.1577326801959412,0,0,1.13,65.0,0
0,1,0,0,0,0,0,1,0.1577326801959412,0,0,9.92,10.0,0
0,0,0,0,0,0,1,1,0.1577326801959412,0,0,0.75,1.0,0
1,1,5,0,0,0,0,0,0.0594821553533939,0,0,0.3,0.0,0
1,2,2,0,0,2,1,0,0.010776766969909,1,0,19.22,69.0,1
1,2,2,0,1,1,3,1,0.1577326801959412,1,0,0.28,0.0,1
0,1,0,0,0,0,4,0,0.158852344296711,0,0,60.12,60.0,0
1,0,0,0,0,0,0,0,0.158852344296711,0,0,3.58,6.0,0
1,2,0,0,0,0,0,0,0.0117564730580825,0,0,0.9,1.0,0
1,0,0,0,0,0,1,1,0.0015395381385584,0,0,1.28,2.0,0
1,0,5,0,0,0,0,1,0.1577326801959412,0,0,1.23,1.0,0
0,0,0,0,0,0,3,1,0.0079776067179846,0,0,2.07,15.0,0
0,1,5,0,0,0,0,1,0.1577326801959412,0,0,1.28,2.0,0
1,1,3,0,0,0,2,1,0.0011196641007697,0,0,1.28,290.0,0
1,2,0,0,0,0,1,1,0.0012596221133659,1,0,1.03,1.0,1
1,0,5,0,1,0,7,0,0.0001399580125962,1,1,116.02,116.0,1
1,0,0,0,0,0,2,0,0.158852344296711,1,0,47.13,1.0,1
1,2,4,0,1,0,1,0,0.158852344296711,1,1,5.02,105.0,1
1,0,2,0,0,0,0,1,0.1577326801959412,0,0,0.56,1.0,0
1,0,0,0,0,0,17,1,0.1577326801959412,1,0,1.14,1.0,1
1,1,3,0,0,0,1,1,0.0022393282015395,0,0,0.92,1.0,0
1,2,0,0,0,0,1,0,0.010776766969909,1,0,5.0,40.0,1
1,1,2,0,0,0,0,1,0.0188943317004898,1,0,2.75,2.0,1
1,0,0,0,0,0,2,0,0.004478656403079,0,0,0.76,1.0,0
0,0,0,0,0,0,1,1,0.1577326801959412,1,0,16.03,1.0,1
0,0,2,0,0,0,1,1,0.0062981105668299,0,0,7.97,8.0,0
1,2,0,0,0,0,2,0,0.001959412176347,1,1,1.12,1.0,0
0,0,2,0,0,0,0,0,0.0074177746675997,0,0,0.96,1.0,0
1,2,3,0,0,0,0,0,0.0009797060881735,1,0,29.83,30.0,1
1,2,2,0,0,0,2,1,0.0062981105668299,1,0,0.3,9.0,1
0,1,2,0,0,0,0,1,0.0103568929321203,0,0,0.93,1.0,0
1,0,3,0,0,0,0,1,0.0058782365290412,0,0,76.96,77.0,0
1,2,0,0,0,2,1,0,0.158852344296711,0,0,2.15,2.0,0
1,2,0,0,0,0,1,1,0.0062981105668299,1,0,1.28,2036.0,1
1,0,0,0,4,1,15,0,0.0064380685794261,1,1,186.56,187.0,1
1,0,2,0,0,0,9,0,0.009517144856543,1,0,49.03,1.0,1
1,1,2,0,0,0,7,0,0.0011196641007697,0,0,0.24,18.0,0
1,2,0,0,0,0,1,0,0.0011196641007697,0,0,1.83,7.0,0
1,1,0,0,0,0,1,0,0.158852344296711,0,0,9.27,9.0,0
0,0,2,0,0,0,0,0,0.0594821553533939,1,0,1.28,7.0,1
1,2,0,0,0,3,0,0,0.0134359692092372,1,1,7.0,28.0,1
1,0,0,1,0,0,6,0,0.158852344296711,0,0,52.03,52.0,0
1,2,0,0,0,0,0,0,0.158852344296711,0,0,0.98,1.0,0
0,0,2,0,0,0,1,1,0.0594821553533939,0,0,0.63,1.0,0
1,1,5,0,0,0,0,0,0.003219034289713,0,0,1.43,1.0,0
1,0,0,0,0,0,1,0,0.004478656403079,1,0,13.65,14.0,0
1,1,2,0,0,0,1,1,0.004478656403079,0,0,1.13,1.0,0
1,1,2,0,0,0,1,0,0.0002799160251924,0,0,0.73,1.0,0
1,2,3,0,2,1,2,0,0.010776766969909,1,0,31.32,54.0,1
1,0,0,1,0,0,5,1,0.158852344296711,0,0,1.0,7.0,0
1,0,2,0,1,0,4,1,0.0023792862141357,1,0,0.83,13.0,1
1,0,0,0,0,0,5,0,0.0279916025192442,1,0,0.99,73.0,1
1,1,2,0,0,0,1,1,0.1577326801959412,0,0,3.94,4.0,0
0,0,0,0,0,0,0,1,0.1577326801959412,1,0,1.28,4.0,1
1,0,0,0,0,0,2,1,0.1577326801959412,0,0,2.09,2.0,0
1,2,3,0,0,2,0,0,0.010776766969909,0,0,0.64,1.0,0
1,0,0,0,0,0,21,0,0.0053184044786564,1,0,35.02,142.0,1
1,0,0,0,0,0,0,1,0.1577326801959412,0,0,3.22,16.0,0
1,2,5,0,0,0,1,0,0.0065780265920223,0,0,1.17,1.0,0
1,0,0,0,0,0,3,1,0.0058782365290412,1,0,1.24,2.0,1
0,0,0,0,0,0,1,0,0.158852344296711,0,0,1.01,1.0,0
1,2,0,0,0,0,0,0,0.0138558432470258,0,0,9.38,9.0,0
1,0,0,0,0,0,3,0,0.0074177746675997,0,0,1.05,1.0,0
1,0,2,0,0,0,0,1,0.0188943317004898,0,0,0.23,0.0,0
1,1,2,0,0,0,0,0,0.0279916025192442,0,0,0.89,1.0,0
1,0,2,0,0,0,5,0,0.158852344296711,1,1,0.92,5.0,1
1,2,0,0,0,0,1,0,0.0005598320503848,1,0,0.04,38.0,1
1,1,2,0,0,0,0,0,0.0594821553533939,0,0,78.77,79.0,0
1,0,2,0,0,0,1,1,0.1577326801959412,0,0,1.29,1.0,0
0,0,3,0,0,0,0,1,0.1577326801959412,0,0,10.0,12.0,0
1,0,0,0,0,0,0,1,0.0188943317004898,0,0,0.84,1.0,0
1,0,0,0,0,1,6,1,0.1577326801959412,1,1,1.97,37.0,1
0,2,3,0,0,1,0,1,0.1577326801959412,1,0,1.04,1.0,1
1,1,0,0,0,0,9,0,0.0054583624912526,1,0,1.89,2.0,1
1,2,2,0,0,0,8,0,0.0138558432470258,1,0,0.88,1.0,1
1,0,2,0,0,0,2,1,0.0002799160251924,1,0,1.99,18.0,0
1,2,0,0,3,0,3,0,0.0660601819454163,1,0,0.86,0.0,1
0,0,2,0,0,0,0,1,0.1577326801959412,0,0,2.77,3.0,0
1,0,0,0,0,0,7,0,0.158852344296711,1,0,0.27,207.0,1
1,0,2,0,0,0,10,1,0.0001399580125962,1,1,6.95,7.0,1
1,1,2,0,0,0,5,0,0.158852344296711,1,0,5.05,1.0,0
1,0,0,0,0,0,4,1,0.0015395381385584,1,1,75.11,18.0,1
1,0,0,0,0,0,1,0,0.0660601819454163,0,0,0.85,13.0,0
0,0,3,0,0,0,0,0,0.0594821553533939,0,0,1.18,1.0,0
0,0,0,0,0,0,1,1,0.1577326801959412,1,0,1.87,2.0,1
1,2,2,0,0,1,10,0,0.158852344296711,1,0,70.3,70.0,0
1,2,3,0,0,0,0,0,0.0029391182645206,1,0,32.78,1.0,1
1,0,2,0,0,0,2,0,0.158852344296711,1,0,4.92,1.0,1
1,2,5,0,0,0,0,0,0.0594821553533939,0,0,0.72,11.0,0
1,1,0,0,0,0,22,0,0.0085374387683694,1,0,0.57,84.0,1
1,0,2,0,0,0,2,0,0.0037788663400979,0,0,0.56,1.0,0
1,0,0,0,0,0,12,0,0.0053184044786564,1,0,11.9,1.0,1
1,1,2,0,0,0,2,1,0.0079776067179846,1,1,0.95,1.0,1
1,1,2,0,0,0,2,0,0.0660601819454163,0,0,1.28,2.0,0
1,0,2,0,0,0,2,1,0.0188943317004898,0,0,12.11,28.0,0
1,0,5,0,0,0,0,0,0.0006997900629811,1,0,0.96,1.0,1
1,1,2,0,0,0,1,0,0.0138558432470258,1,0,5.07,1.0,1
1,2,0,0,0,0,1,0,0.0043386983904828,0,0,36.43,16.0,0
1,2,0,0,0,1,3,0,0.0134359692092372,1,0,35.08,53.0,1
1,0,0,0,0,0,5,0,0.0074177746675997,0,0,36.85,339.0,0
1,2,0,0,0,0,6,0,0.0078376487053883,1,0,1.11,71.0,1
0,1,0,0,0,0,3,1,0.158852344296711,0,0,1.28,2.0,0
1,2,0,0,0,0,1,1,0.1577326801959412,1,1,1.3,1.0,1
1,0,0,0,0,0,6,0,0.0660601819454163,0,0,1.28,2.0,0
0,0,2,0,0,0,2,0,0.0001399580125962,1,0,0.99,28.0,1
1,0,2,0,0,0,8,0,0.158852344296711,0,0,20.21,20.0,0
1,1,0,0,0,0,3,0,0.0660601819454163,1,0,0.9,34.0,1
1,2,0,1,0,0,1,0,0.0008397480755773,1,0,0.66,1.0,1
1,0,2,0,0,0,11,0,0.158852344296711,1,0,0.84,21.0,1
1,1,2,0,0,0,7,0,0.0660601819454163,1,0,185.72,2.0,1
1,1,3,0,0,0,2,1,0.0103568929321203,0,0,0.97,1.0,0
1,0,0,0,1,1,11,0,0.0065780265920223,1,0,1.19,1.0,1
1,2,0,1,0,0,1,0,0.158852344296711,0,0,2.74,3.0,0
1,0,2,0,0,0,1,0,0.0138558432470258,0,0,0.9,1.0,0
1,1,2,0,0,0,1,1,0.1577326801959412,1,1,1.98,2.0,1
1,0,0,0,0,0,2,1,0.1577326801959412,0,0,18.18,1.0,0
1,0,5,0,0,0,0,1,0.1577326801959412,1,0,3.16,3.0,0
1,0,2,1,0,0,9,0,0.158852344296711,1,0,50.32,70.0,1
1,0,0,0,0,0,2,0,0.0030790762771168,0,0,33.3,33.0,0
1,0,0,1,0,0,13,0,0.0117564730580825,1,0,134.39,168.0,1
1,2,5,0,0,0,0,1,0.1577326801959412,0,0,0.89,1.0,0
0,1,2,0,0,0,7,0,0.0043386983904828,0,0,146.27,146.0,0
0,0,2,0,0,0,0,0,0.0660601819454163,0,0,0.6,1.0,0
1,0,0,0,0,0,5,0,0.0029391182645206,0,0,2.95,0.0,0
1,2,2,0,0,2,0,0,0.0085374387683694,0,0,1.04,1.0,0
1,0,0,0,0,0,0,0,0.0020993701889433,1,1,15.15,162.0,1
1,2,0,0,1,2,1,1,0.0090972708187543,1,0,0.81,1.0,1
0,2,0,0,0,0,0,1,0.0012596221133659,0,0,0.62,1.0,0
1,0,5,0,0,0,0,0,0.0660601819454163,1,1,1.21,448.0,1
1,0,2,0,0,0,0,0,0.0029391182645206,0,0,1.84,2.0,0
1,2,2,0,2,7,2,0,0.0002799160251924,1,1,0.29,1.0,1
1,2,2,1,0,0,1,0,0.158852344296711,1,0,40.15,40.0,1
1,2,2,0,0,0,5,0,0.158852344296711,1,0,18.89,19.0,1
1,0,0,0,0,0,22,0,0.0100769769069279,1,1,2.08,2.0,1
0,0,5,0,0,0,0,0,0.0016794961511546,1,0,2.7,1.0,1
1,1,2,0,0,0,2,0,0.158852344296711,1,1,9.09,385.0,1
1,0,0,0,0,0,5,1,0.158852344296711,0,0,1.73,33.0,0
0,1,2,0,0,0,1,0,0.158852344296711,0,0,1.28,2.0,0
1,0,0,1,1,1,12,1,0.0062981105668299,1,0,40.03,21.0,1
1,0,0,0,0,0,0,0,0.0594821553533939,0,0,1.01,58.0,0
1,2,0,0,0,0,0,0,0.0001399580125962,0,0,1.11,1.0,0
1,0,0,0,0,0,0,0,0.0100769769069279,0,0,0.19,0.0,0
1,0,5,0,0,0,2,0,0.0023792862141357,1,0,0.6,1.0,1
1,1,2,0,0,0,1,0,0.0008397480755773,0,0,0.62,1.0,0
1,0,3,0,0,0,0,1,0.1577326801959412,1,0,0.99,1.0,1
1,2,0,0,0,0,0,0,0.0660601819454163,1,0,0.67,8.0,0
1,2,2,0,0,0,1,0,0.0106368089573128,0,0,0.94,0.0,0
0,2,2,0,0,0,0,0,0.0009797060881735,1,0,2.32,8.0,1
1,0,3,0,0,0,1,1,0.0013995801259622,1,0,0.96,1.0,1
1,0,2,0,0,0,1,0,0.0594821553533939,1,0,1.16,1.0,1
0,0,0,0,0,0,3,1,0.0006997900629811,1,0,4.86,3.0,1
1,2,0,0,0,0,3,0,0.0009797060881735,0,0,93.23,93.0,0
0,1,3,0,0,0,0,1,0.0005598320503848,1,0,0.94,1.0,1
0,0,0,0,0,0,11,0,0.0025192442267319,1,0,6.05,6.0,1
0,0,2,0,0,0,0,1,0.1577326801959412,0,0,0.67,1.0,0
1,1,0,0,0,0,13,0,0.0279916025192442,1,0,0.33,18.0,1
1,0,0,0,1,0,9,1,0.0011196641007697,0,0,2.01,2.0,0
1,2,3,1,0,0,4,0,0.158852344296711,1,0,0.74,1378.0,1
1,1,3,0,0,0,1,0,0.0013995801259622,0,0,1.28,2.0,0
1,1,2,0,0,0,6,0,0.0005598320503848,0,0,5.91,5.0,0
1,1,0,0,0,0,2,0,0.0660601819454163,1,0,33.14,407.0,1
0,0,0,0,0,0,1,1,0.1577326801959412,0,0,1.02,1.0,0
1,0,2,0,0,0,0,0,0.0037788663400979,1,0,1.11,5.0,1
1,0,5,0,0,0,1,0,0.0134359692092372,1,0,1.7,0.0,1
1,0,5,0,0,0,1,0,0.158852344296711,0,0,1.28,2.0,0
1,2,0,0,0,1,1,0,0.0134359692092372,1,0,0.75,7.0,1
0,1,2,0,0,0,17,0,0.158852344296711,0,0,1.28,366.0,0
1,0,3,0,0,0,1,0,0.158852344296711,0,0,5.93,6.0,0
1,0,3,0,0,0,0,1,0.1577326801959412,1,0,1.28,1.0,0
1,0,0,0,0,0,3,0,0.0660601819454163,1,0,21.08,21.0,1
1,0,0,0,0,0,1,1,0.1577326801959412,0,0,0.25,0.0,0
1,0,0,0,1,0,20,0,0.0660601819454163,1,0,26.81,78.0,1
1,0,0,0,0,0,2,0,0.0008397480755773,1,0,0.92,1.0,1
1,2,3,1,0,0,4,0,0.0100769769069279,1,0,0.91,1.0,1
1,1,2,0,0,0,6,0,0.0023792862141357,0,0,0.91,1.0,0
1,2,0,0,0,0,0,0,0.0138558432470258,0,0,0.28,0.0,0
1,2,2,0,0,0,0,1,0.0117564730580825,0,0,1.11,1.0,0
1,1,2,0,0,0,0,1,0.1577326801959412,0,0,1.96,2.0,0
1,0,0,0,0,0,7,1,0.0062981105668299,0,0,0.78,52.0,0
1,0,2,0,0,0,0,1,0.0188943317004898,0,0,0.88,0.0,0
1,2,2,0,0,0,3,0,0.0660601819454163,1,0,2.3,10.0,1
1,0,2,0,0,0,0,0,0.0074177746675997,0,0,1.11,1.0,0
1,0,0,0,0,1,9,1,0.1577326801959412,1,0,1.04,0.0,1
1,0,2,0,0,0,2,0,0.158852344296711,1,0,0.82,1.0,1
1,0,2,0,0,0,1,0,0.158852344296711,0,0,1.25,1.0,0
1,2,0,0,0,0,0,1,0.1577326801959412,0,0,53.88,54.0,0
0,2,2,0,0,0,0,1,0.1577326801959412,0,0,0.94,1.0,0
1,0,2,0,0,2,3,0,0.0660601819454163,0,0,1.12,1.0,0
1,0,2,0,0,0,3,0,0.0034989503149055,1,0,1.2,22.0,1
0,0,0,0,0,0,0,0,0.0660601819454163,0,0,1.28,2.0,0
0,0,0,0,0,0,0,0,0.0061581525542337,0,0,1.28,2.0,0
1,1,2,0,0,0,1,0,0.0009797060881735,1,1,0.92,1.0,0
0,0,0,0,0,0,0,0,0.0029391182645206,0,0,0.89,1.0,0
1,2,0,0,0,0,1,0,0.0594821553533939,1,0,3.69,4.0,1
1,0,0,1,0,0,1,0,0.0594821553533939,1,0,0.82,1.0,1
1,0,2,0,0,0,2,0,0.158852344296711,0,0,0.91,1.0,0
1,0,2,0,0,0,0,0,0.006997900629811,0,0,0.96,1.0,0
1,0,2,0,0,0,3,0,0.0008397480755773,0,0,0.81,1.0,0
1,2,0,0,0,1,1,0,0.0134359692092372,1,0,0.62,1.0,1
1,0,0,0,0,0,2,1,0.004478656403079,0,0,0.86,0.0,0
0,1,2,0,0,0,0,1,0.1577326801959412,0,0,1.71,2.0,0
1,0,0,0,0,0,1,0,0.0594821553533939,1,0,0.93,1.0,1
1,1,0,0,0,0,25,0,0.0117564730580825,0,0,1.25,1.0,0
1,0,5,0,0,0,0,1,0.1577326801959412,0,0,10.89,11.0,0
1,0,2,0,0,0,4,0,0.008257522743177,0,0,1.14,13.0,0
1,0,0,0,0,0,3,0,0.0279916025192442,0,0,0.26,0.0,0
1,0,2,0,0,0,0,0,0.003219034289713,1,1,1.1,1.0,1
1,0,2,0,1,0,15,0,0.158852344296711,1,0,90.94,91.0,1
1,0,0,0,0,0,0,0,0.0078376487053883,0,0,0.87,1.0,0
1,1,2,0,0,0,0,1,0.1577326801959412,0,0,1.08,1.0,0
1,0,2,0,0,0,0,0,0.0594821553533939,1,0,37.1,179.0,1
0,1,2,0,0,0,4,0,0.158852344296711,0,0,257.81,258.0,0
1,0,0,0,0,0,3,0,0.0074177746675997,1,1,47.09,242.0,1
1,0,0,0,0,0,1,0,0.0034989503149055,0,0,0.52,1.0,0
1,1,3,0,0,0,0,0,0.0005598320503848,0,0,2.16,2.0,0
0,0,0,0,0,0,0,0,0.0660601819454163,0,0,2.97,3.0,0
0,0,2,0,0,0,0,1,0.0090972708187543,0,0,1.09,1.0,0
1,0,2,0,0,0,1,0,0.0026592022393282,1,0,1.23,231.0,1
0,0,0,0,0,1,0,1,0.1577326801959412,0,0,0.91,1.0,0
1,0,0,0,0,0,3,1,0.0090972708187543,0,0,2.85,153.0,0
1,1,2,0,0,0,1,1,0.0015395381385584,0,0,0.23,0.0,0
0,1,2,0,0,0,1,0,0.0090972708187543,0,0,60.28,60.0,0
1,2,2,0,0,1,4,0,0.0004198740377886,1,0,0.93,0.0,1
1,0,0,0,0,0,0,0,0.0036389083275017,0,0,72.83,8.0,0
1,1,2,0,0,0,0,1,0.0188943317004898,0,0,0.19,0.0,0
0,0,0,0,0,0,0,1,0.1577326801959412,0,0,1.08,1.0,0
0,0,2,0,0,0,0,1,0.0067179846046186,0,0,0.93,1.0,0
0,0,2,0,0,0,4,1,0.1577326801959412,0,0,0.77,1.0,0
0,2,0,0,0,0,0,0,0.0594821553533939,0,0,0.56,0.0,0
1,0,2,0,0,0,5,0,0.001959412176347,1,0,0.64,1.0,1
1,0,2,0,0,0,0,0,0.0594821553533939,0,0,2.73,3.0,0
1,1,0,0,0,0,3,0,0.0085374387683694,0,0,1.98,2.0,0
1,2,0,0,0,0,8,0,0.0660601819454163,1,0,49.77,318.0,1
0,2,2,0,0,0,1,0,0.008257522743177,0,0,36.79,37.0,0
1,0,0,0,0,0,4,0,0.009517144856543,0,0,118.86,119.0,0
1,0,0,0,0,0,10,0,0.0279916025192442,1,0,0.81,1.0,1
1,0,3,0,0,0,2,0,0.001959412176347,0,0,6.01,7.0,0
0,0,0,0,0,0,4,0,0.0137158852344296,1,0,0.81,7.0,1
1,1,0,0,0,0,2,1,0.1577326801959412,0,0,0.72,1.0,0
1,0,3,0,0,0,3,1,0.0188943317004898,0,0,0.24,0.0,0
1,0,5,0,0,0,1,0,0.006997900629811,1,1,1.18,26.0,1
1,2,2,0,0,0,2,0,0.158852344296711,1,0,49.17,49.0,1
1,0,0,0,0,0,0,1,0.0090972708187543,0,0,1.26,1.0,0
1,2,0,0,0,1,0,1,0.005738278516445,1,0,0.96,1.0,1
1,1,0,0,0,0,22,0,0.0660601819454163,1,0,71.01,140.0,1
0,1,2,0,0,0,3,0,0.0660601819454163,1,0,0.12,0.0,1
1,1,5,0,0,0,0,0,0.0030790762771168,0,0,2.01,2.0,0
1,1,2,0,0,0,5,0,0.0660601819454163,0,0,238.23,238.0,0
0,1,3,0,0,0,1,0,0.158852344296711,0,0,0.98,1.0,0
1,0,0,0,0,0,10,0,0.158852344296711,1,0,0.95,1.0,1
1,0,0,0,0,0,12,1,0.158852344296711,1,1,5.98,38.0,1
1,1,0,0,0,0,1,1,0.1577326801959412,0,0,62.87,63.0,0
1,2,0,1,0,0,1,0,0.0100769769069279,1,0,187.05,145.0,1
1,2,2,0,1,0,4,1,0.005738278516445,1,1,2.14,3.0,1
0,0,2,0,0,0,2,0,0.0660601819454163,1,0,0.08,13.0,1
1,1,3,0,0,0,3,0,0.0660601819454163,1,0,33.97,31.0,1
1,0,2,0,0,0,3,1,0.1577326801959412,1,0,0.86,1.0,1
1,2,0,0,0,0,1,0,0.0134359692092372,1,0,5.23,26.0,1
0,0,3,0,0,0,0,0,0.0594821553533939,0,0,1.15,1.0,0
1,2,0,0,0,0,0,0,0.0008397480755773,0,0,2.01,9.0,0
1,1,0,0,0,0,3,1,0.1577326801959412,1,0,29.4,27.0,1
1,1,0,0,0,0,8,0,0.0660601819454163,1,0,0.75,49.0,1
1,0,0,0,0,0,5,0,0.0279916025192442,0,0,0.96,1.0,0
1,0,2,0,0,0,1,0,0.0036389083275017,0,0,1.86,2.0,0
0,0,0,0,0,0,0,1,0.1577326801959412,1,1,1.08,1.0,1
1,0,2,0,0,0,1,0,0.0594821553533939,1,0,0.98,1.0,1
1,2,3,0,0,0,1,0,0.158852344296711,1,0,0.82,1.0,1
1,0,0,0,0,0,8,1,0.0079776067179846,0,0,5.11,0.0,0
1,1,0,0,0,0,5,0,0.0660601819454163,1,0,0.9,92.0,1
0,0,0,0,0,0,0,1,0.0013995801259622,0,0,4.14,4.0,0
1,2,2,0,0,0,2,0,0.158852344296711,0,0,0.64,1.0,0
1,0,2,0,0,0,4,0,0.0279916025192442,0,0,0.84,1.0,0
1,1,0,0,0,0,21,0,0.0660601819454163,0,0,0.94,1.0,0
1,2,2,0,4,0,4,0,0.0137158852344296,0,0,0.91,1.0,0
1,0,2,0,0,0,1,0,0.0011196641007697,1,1,36.02,36.0,1
1,2,2,0,0,0,0,1,0.001959412176347,0,0,0.98,9.0,0
1,0,0,0,0,0,6,1,0.1577326801959412,0,0,0.96,1.0,0
1,0,0,3,1,0,9,0,0.0034989503149055,1,0,0.93,1.0,1
1,0,2,0,0,0,3,1,0.0079776067179846,0,0,1.28,2.0,0
1,0,0,0,0,0,3,0,0.0106368089573128,1,0,1.28,2.0,1
1,1,0,0,0,0,15,1,0.1577326801959412,0,0,1.03,1.0,0
1,1,4,4,0,0,22,0,0.0660601819454163,1,0,3.06,2.0,1
0,1,5,0,0,0,0,1,0.1577326801959412,0,0,1.01,1.0,0
0,0,0,0,0,0,7,0,0.0064380685794261,1,0,95.16,28.0,1
1,0,0,0,0,0,1,1,0.0090972708187543,0,0,1.06,1.0,0
1,1,0,0,0,0,10,0,0.0594821553533939,1,0,9.84,285.0,1
1,2,0,1,0,1,2,0,0.158852344296711,0,0,36.17,36.0,0
0,0,0,0,0,0,5,0,0.0078376487053883,1,0,1.23,1.0,1
1,0,5,0,0,0,0,0,0.0036389083275017,0,0,1.25,1.0,0
1,1,3,0,0,0,0,0,0.158852344296711,0,0,0.59,1.0,0
0,0,2,0,0,0,2,0,0.0043386983904828,1,1,0.89,1.0,1
0,0,5,0,0,0,1,0,0.0594821553533939,0,0,0.61,1.0,0
1,0,2,0,0,0,5,0,0.0279916025192442,0,0,1.1,1.0,0
1,0,2,0,0,0,2,1,0.1577326801959412,0,0,0.81,1.0,0
1,1,0,0,0,0,10,0,0.158852344296711,0,0,47.97,4.0,0
1,1,5,0,0,0,8,0,0.0001399580125962,1,0,6.11,1.0,1
1,0,0,0,0,0,4,0,0.0064380685794261,1,0,44.98,18.0,1
1,0,2,0,0,0,1,0,0.158852344296711,0,0,2.93,3.0,0
1,1,2,0,0,0,0,0,0.0037788663400979,0,0,0.18,0.0,0
1,1,2,0,0,0,1,1,0.1577326801959412,1,1,0.91,2.0,0
0,0,2,0,0,0,1,0,0.158852344296711,1,1,25.56,26.0,1
1,0,2,0,0,0,4,0,0.0660601819454163,0,0,0.68,1.0,0
1,0,5,0,0,0,0,0,0.0117564730580825,1,0,2.22,19.0,1
1,2,0,0,0,0,3,1,0.1577326801959412,1,0,0.87,0.0,1
1,0,3,0,0,0,3,1,0.1577326801959412,1,0,2.26,2.0,1
1,2,2,0,0,0,1,1,0.1577326801959412,1,0,1.04,1.0,0
1,0,0,0,0,0,18,0,0.0137158852344296,1,0,1.16,1.0,1
1,0,0,0,0,0,1,1,0.005738278516445,1,0,21.89,157.0,1
0,0,0,0,0,0,7,0,0.0594821553533939,1,0,39.21,210.0,1
1,0,0,0,0,0,20,0,0.0279916025192442,0,0,1.08,102.0,0
0,1,5,0,0,0,5,0,0.0054583624912526,1,0,1.28,2.0,1
0,0,0,0,0,0,1,1,0.1577326801959412,0,0,0.65,1.0,0
1,0,0,0,0,0,16,0,0.0106368089573128,1,0,1.01,48.0,1
1,0,2,0,0,0,1,1,0.001959412176347,1,0,2.12,2.0,1
1,1,2,0,0,0,7,0,0.158852344296711,1,0,151.91,152.0,0
1,0,0,0,0,0,1,0,0.158852344296711,1,0,1.13,1.0,0
1,0,2,0,0,0,2,0,0.158852344296711,1,0,31.19,16.0,1
1,1,0,0,0,0,0,0,0.0660601819454163,1,0,0.97,1.0,1
1,0,0,0,0,1,2,0,0.0279916025192442,0,0,7.34,7.0,0
0,1,2,0,0,0,0,0,0.0594821553533939,0,0,1.19,1.0,0
1,1,2,0,0,0,7,1,0.1577326801959412,0,0,0.86,1.0,0
1,2,3,0,0,0,2,0,0.158852344296711,1,0,31.66,32.0,1
0,0,0,0,0,0,0,1,0.1577326801959412,0,0,1.27,1.0,0
1,0,0,0,0,0,2,0,0.0054583624912526,0,0,1.28,2.0,0
1,2,2,0,0,0,3,0,0.0660601819454163,0,0,35.87,58.0,0
1,0,0,0,0,0,11,0,0.0279916025192442,1,0,5.12,2.0,1
1,2,3,0,1,0,2,0,0.0594821553533939,0,0,22.64,23.0,0
1,1,0,0,0,0,28,0,0.0061581525542337,0,0,60.32,21.0,0
1,0,0,0,0,0,2,0,0.0023792862141357,1,0,0.77,177.0,1
1,2,0,0,0,0,0,0,0.0594821553533939,0,0,0.18,0.0,0
1,0,0,0,0,0,5,1,0.1577326801959412,1,0,1.32,39.0,1
1,0,0,0,0,0,1,0,0.0134359692092372,1,0,1.18,1.0,1
1,0,0,0,2,0,17,0,0.158852344296711,1,0,15.02,15.0,1
0,0,2,0,0,0,0,0,0.006997900629811,0,0,0.91,13.0,0
1,0,5,0,0,0,3,0,0.0134359692092372,1,0,1.28,2.0,0
1,1,2,0,0,0,0,1,0.0002799160251924,0,0,0.55,1.0,0
0,2,0,0,0,0,0,0,0.158852344296711,0,0,2.02,7.0,0
1,0,0,0,0,0,4,0,0.0022393282015395,1,0,5.68,9.0,1
1,0,0,0,0,1,12,1,0.001959412176347,1,0,1.06,1695.0,1
1,2,0,0,0,0,0,1,0.004478656403079,1,0,1.11,0.0,1
1,2,5,0,0,0,0,1,0.0134359692092372,0,0,0.14,0.0,0
1,0,3,0,0,0,0,1,0.0188943317004898,0,0,0.97,0.0,0
1,0,3,0,0,0,1,1,0.1577326801959412,0,0,0.2,0.0,0
1,1,2,0,0,0,1,1,0.001959412176347,1,0,40.18,40.0,1
1,0,3,0,0,0,1,1,0.0016794961511546,0,0,1.28,2.0,0
1,2,2,0,0,0,0,1,0.1577326801959412,0,0,0.99,1.0,0
0,1,0,0,0,0,2,0,0.0090972708187543,0,0,1.13,1.0,0
1,2,0,0,0,0,0,0,0.0100769769069279,1,0,2.97,12.0,1
1,0,0,0,0,0,14,0,0.0594821553533939,0,0,56.16,9.0,0
1,0,0,0,0,0,1,0,0.0279916025192442,0,0,1.23,1.0,0
0,0,0,0,0,0,3,0,0.0134359692092372,0,0,0.81,1.0,0
1,1,2,0,0,0,1,0,0.158852344296711,0,0,40.12,40.0,0
1,0,0,0,0,0,16,0,0.158852344296711,1,1,2.1,136.0,1
0,0,2,0,0,0,1,1,0.1577326801959412,0,0,29.13,29.0,0
1,2,0,0,0,0,0,0,0.0001399580125962,1,1,1.0,1.0,1
1,2,2,0,0,0,0,1,0.1577326801959412,1,0,0.99,1.0,1
1,2,2,0,0,0,1,1,0.1577326801959412,0,0,8.97,9.0,0
1,0,0,0,0,0,7,1,0.1577326801959412,0,0,197.79,198.0,0
1,0,0,0,0,0,0,0,0.0004198740377886,0,0,8.01,8.0,0
1,0,2,0,0,0,0,0,0.0037788663400979,0,0,53.61,31.0,0
1,2,3,0,1,0,2,0,0.0036389083275017,1,1,2.59,1.0,1
1,0,0,0,0,0,1,0,0.0001399580125962,0,0,0.96,1.0,0
1,0,0,0,0,0,22,0,0.0279916025192442,1,0,1.1,1.0,1
1,0,2,0,1,0,2,0,0.158852344296711,0,0,69.88,70.0,0
1,1,3,0,0,0,0,1,0.1577326801959412,0,0,1.13,1.0,0
1,0,0,0,0,2,7,1,0.158852344296711,0,0,7.9,7.0,0
1,2,0,0,0,0,0,1,0.1577326801959412,1,0,15.18,15.0,1
1,0,0,0,0,0,9,0,0.0029391182645206,1,1,0.71,40.0,1
1,0,3,0,0,0,0,0,0.158852344296711,0,0,0.22,0.0,0
1,1,0,0,0,0,8,1,0.158852344296711,0,0,34.9,35.0,0
1,0,0,0,0,0,2,0,0.158852344296711,0,0,0.86,1.0,0
1,0,0,0,0,0,1,0,0.0040587823652904,0,0,0.92,1.0,0
1,0,0,0,3,0,7,0,0.158852344296711,1,0,5.06,6.0,0
0,1,2,0,0,0,2,0,0.0660601819454163,0,0,0.77,1.0,0
0,0,2,0,0,0,0,1,0.0079776067179846,0,0,0.08,0.0,0
1,0,2,0,0,0,6,0,0.0594821553533939,1,0,152.25,26.0,1
1,0,0,0,0,0,2,0,0.0660601819454163,1,0,1.02,1.0,1
1,0,2,0,0,0,1,1,0.0016794961511546,0,0,11.19,0.0,0
0,2,2,0,0,0,1,0,0.158852344296711,1,0,0.82,0.0,0
1,0,0,0,0,0,2,1,0.0079776067179846,0,0,0.26,0.0,0
1,1,0,0,0,0,17,0,0.0001399580125962,0,0,178.64,93.0,0
1,0,0,0,0,0,6,0,0.158852344296711,1,1,0.9,1.0,1
1,1,3,0,0,0,0,1,0.0008397480755773,0,0,1.02,1.0,0
1,0,3,0,0,0,5,0,0.158852344296711,1,0,0.88,25.0,1
1,2,0,0,1,0,2,0,0.0033589923023093,1,1,8.13,8.0,1
1,1,0,0,0,0,29,0,0.0134359692092372,1,0,0.81,1.0,1
1,2,3,0,0,0,1,0,0.158852344296711,0,0,177.28,177.0,0
0,0,0,0,0,0,23,1,0.1577326801959412,1,0,0.55,0.0,1
1,0,3,0,0,0,0,1,0.1577326801959412,0,0,0.66,1.0,0
1,2,0,1,0,0,1,0,0.158852344296711,1,1,37.99,38.0,1
1,0,2,0,0,0,1,0,0.158852344296711,0,0,14.05,14.0,0
1,0,0,0,0,0,3,0,0.0134359692092372,1,0,0.57,0.0,1
1,0,0,0,0,1,1,0,0.0013995801259622,1,0,0.98,0.0,1
1,2,0,0,0,0,2,0,0.158852344296711,1,0,33.15,49.0,1
1,0,2,0,0,0,3,1,0.1577326801959412,1,0,0.63,1.0,1
1,1,0,0,0,0,5,0,0.0660601819454163,0,0,300.94,301.0,0
1,0,2,0,0,0,0,1,0.0103568929321203,0,0,1.09,1.0,0
0,1,2,0,0,0,6,0,0.158852344296711,0,0,6.88,56.0,0
1,1,0,0,0,0,16,0,0.158852344296711,1,1,0.84,1.0,1
1,0,3,0,0,0,1,0,0.0594821553533939,1,0,2.05,329.0,1
1,1,2,0,0,0,2,1,0.0103568929321203,0,0,10.85,11.0,0
1,0,2,0,0,0,0,1,0.0067179846046186,0,0,2.11,2.0,0
1,0,3,0,0,0,1,0,0.0085374387683694,0,0,17.01,17.0,0
0,0,0,0,0,0,2,1,0.1577326801959412,0,0,0.76,1.0,0
0,2,2,0,0,0,4,0,0.158852344296711,1,0,2.87,3.0,1
1,0,2,0,0,0,3,0,0.0036389083275017,1,0,37.03,41.0,1
1,0,0,0,0,0,3,1,0.1577326801959412,1,0,38.29,5.0,0
1,2,2,0,0,0,1,0,0.0005598320503848,0,0,11.93,31.0,0
1,2,2,0,0,0,1,0,0.0106368089573128,1,0,0.56,19.0,1
0,0,0,0,0,0,0,0,0.0002799160251924,0,0,191.04,6.0,0
1,0,0,0,0,0,10,0,0.158852344296711,1,0,22.82,0.0,1
1,2,0,0,0,2,0,0,0.010776766969909,1,0,7.11,7.0,1
1,0,0,0,0,0,9,0,0.0100769769069279,0,0,0.22,0.0,0
0,1,5,0,0,0,1,0,0.158852344296711,0,0,0.86,1.0,0
1,1,5,0,0,0,3,1,0.0015395381385584,0,0,3.98,4.0,0
1,0,0,0,0,0,5,1,0.0030790762771168,0,0,323.86,34.0,0
1,0,0,0,0,0,3,0,0.158852344296711,0,0,130.26,130.0,0
0,2,0,0,0,0,0,0,0.010776766969909,0,0,25.09,25.0,0
0,1,0,0,0,0,0,0,0.0134359692092372,1,0,0.12,0.0,1
0,2,0,0,0,5,0,1,0.1577326801959412,1,0,0.96,1.0,1
1,1,2,0,0,0,0,0,0.0016794961511546,0,0,2.07,2.0,0
1,1,0,0,0,0,2,1,0.0022393282015395,0,0,30.96,31.0,0
1,2,0,0,0,4,2,0,0.0594821553533939,1,0,1.14,18.0,1
1,0,2,0,0,0,1,0,0.0100769769069279,0,0,0.63,1.0,0
0,1,2,0,0,0,0,0,0.0015395381385584,0,0,0.06,0.0,0
1,0,0,0,0,1,1,0,0.158852344296711,1,0,1.19,1.0,1
1,2,2,0,0,0,0,1,0.1577326801959412,0,0,1.19,1.0,0
1,0,2,1,0,0,10,0,0.0054583624912526,1,1,0.93,1737.0,1
0,0,3,0,0,0,9,0,0.0134359692092372,1,0,0.91,1.0,1
0,0,0,0,0,0,5,0,0.0279916025192442,1,0,9.2,9.0,1
1,2,0,5,0,2,4,0,0.158852344296711,1,1,23.63,24.0,1
0,0,2,0,0,0,3,0,0.006997900629811,1,0,1.1,21.0,1
0,2,2,0,0,0,0,0,0.0037788663400979,0,0,11.88,12.0,0
0,0,3,0,0,1,8,1,0.0012596221133659,1,1,7.01,7.0,1
1,0,2,0,0,0,1,1,0.0188943317004898,1,0,0.21,0.0,1
1,1,2,0,0,0,9,0,0.0594821553533939,1,0,118.0,118.0,1
1,0,0,0,0,0,6,0,0.0002799160251924,0,0,119.18,119.0,0
1,0,0,0,0,0,4,0,0.0053184044786564,1,0,0.99,1.0,1
1,0,2,0,0,0,2,0,0.0660601819454163,1,0,0.31,0.0,0
1,1,2,0,0,0,18,0,0.009517144856543,1,0,134.15,134.0,1
1,2,2,0,1,3,1,0,0.0660601819454163,1,0,8.13,0.0,1
1,1,2,0,0,0,0,0,0.0061581525542337,0,0,11.0,11.0,0
1,0,0,0,0,0,0,1,0.0062981105668299,0,0,0.91,1.0,0
1,0,5,0,0,0,2,0,0.158852344296711,1,1,51.09,1.0,1
1,0,0,1,0,0,6,0,0.0660601819454163,1,0,0.19,0.0,1
0,0,2,0,0,0,1,0,0.001959412176347,1,0,6.0,1.0,1
0,2,0,0,0,0,2,0,0.0594821553533939,1,0,1.02,59.0,1
0,2,0,0,0,0,7,0,0.0594821553533939,0,0,1.11,1.0,0
1,0,2,0,0,0,0,1,0.1577326801959412,0,0,1.09,1.0,0
0,2,2,0,0,4,1,1,0.0079776067179846,0,0,0.74,1.0,0
1,1,2,0,0,0,1,0,0.0036389083275017,0,0,0.92,1.0,0
1,0,3,0,0,0,7,0,0.0279916025192442,0,0,1.14,1.0,0
1,2,3,0,0,0,2,0,0.0006997900629811,0,0,9.06,9.0,0
0,0,2,0,0,0,0,0,0.0002799160251924,0,0,2.66,3.0,0
1,0,0,0,2,2,13,0,0.0137158852344296,1,0,2.9,4.0,1
1,0,0,0,2,2,27,1,0.1577326801959412,1,0,10.03,0.0,1
1,1,2,0,0,0,2,0,0.0001399580125962,0,0,9.15,9.0,0
1,0,2,0,0,0,0,0,0.158852344296711,0,0,2.07,2.0,0
1,2,0,0,0,0,0,1,0.0134359692092372,0,0,0.02,0.0,0
1,0,2,0,0,0,1,1,0.158852344296711,0,0,1.28,2.0,0
0,0,0,0,0,0,9,1,0.158852344296711,1,1,12.02,36.0,1
1,1,2,0,0,0,3,0,0.0011196641007697,0,0,6.92,0.0,0
1,0,3,0,0,0,3,0,0.0134359692092372,0,0,1.05,1.0,0
1,2,2,0,0,0,1,0,0.0005598320503848,0,0,1.0,1.0,0
1,1,0,0,0,0,3,0,0.0023792862141357,1,0,1.09,1.0,1
1,0,2,0,0,0,0,1,0.0090972708187543,1,0,1.86,2.0,1
1,0,0,0,0,0,6,0,0.0134359692092372,1,0,0.82,1.0,1
1,0,0,1,2,1,6,1,0.158852344296711,0,0,1.01,8.0,0
1,0,0,0,0,0,0,1,0.005738278516445,0,0,0.81,15.0,0
1,1,2,0,0,0,3,1,0.1577326801959412,0,0,0.18,0.0,0
0,0,0,0,0,0,1,1,0.1577326801959412,0,0,1.73,2.0,0
0,0,2,0,0,0,3,0,0.158852344296711,1,0,0.14,3.0,1
1,2,0,0,0,0,0,0,0.0008397480755773,0,0,2.11,0.0,0
1,2,2,0,0,0,1,0,0.010776766969909,1,0,0.77,1.0,1
0,0,0,0,0,0,0,1,0.1577326801959412,0,0,0.92,1.0,0
1,0,0,0,0,0,2,0,0.0004198740377886,0,0,0.87,7.0,0
1,2,2,0,0,0,0,0,0.0011196641007697,0,0,1.07,1.0,0
1,1,0,0,0,0,4,0,0.158852344296711,0,0,0.27,3.0,0
1,2,2,0,1,2,4,1,0.1577326801959412,1,0,2.9,3.0,1
1,0,0,0,0,0,2,0,0.158852344296711,0,0,169.73,233.0,0
1,0,0,0,0,0,0,0,0.0085374387683694,0,0,0.97,6.0,0
1,2,0,0,0,1,5,0,0.0034989503149055,1,1,1.71,2.0,1
1,2,0,0,0,1,0,1,0.1577326801959412,1,0,0.95,1.0,1
1,2,0,0,0,0,0,0,0.0100769769069279,0,0,0.55,1.0,0
1,0,0,0,0,0,2,1,0.158852344296711,0,0,5.1,5.0,0
1,0,0,0,0,0,4,1,0.0009797060881735,0,0,14.76,15.0,0
0,0,0,0,0,0,0,1,0.0016794961511546,0,0,0.55,1.0,0
1,0,0,0,0,0,2,0,0.158852344296711,0,0,1.89,14.0,0
1,0,3,0,0,1,0,0,0.0106368089573128,0,0,0.78,1.0,0
1,0,2,0,0,0,1,1,0.0188943317004898,0,0,0.9,1.0,0
1,2,0,0,0,0,1,0,0.0117564730580825,1,0,3.82,4.0,1
1,0,5,0,0,0,1,0,0.0001399580125962,0,0,1.28,1.0,0
0,0,0,0,0,0,0,0,0.0029391182645206,1,1,2.22,1.0,1
1,2,0,0,0,0,0,0,0.0594821553533939,0,0,11.1,53.0,0
0,2,2,0,2,0,7,1,0.0074177746675997,0,0,1.14,1.0,0
0,0,5,0,1,0,6,0,0.0660601819454163,1,0,0.22,5.0,1
1,0,0,0,0,0,6,0,0.0134359692092372,1,0,0.9,1.0,1
0,2,0,0,0,0,1,0,0.0594821553533939,0,0,4.05,32.0,0
1,0,0,0,0,0,8,0,0.0064380685794261,1,1,25.73,26.0,1
1,0,0,0,0,0,2,0,0.0022393282015395,1,0,0.82,1.0,1
1,0,2,0,0,0,0,1,0.1577326801959412,0,0,6.29,6.0,0
1,2,0,0,0,0,8,0,0.0594821553533939,1,0,2.9,7.0,1
1,0,2,0,0,0,1,0,0.158852344296711,0,0,0.68,1.0,0
1,0,2,0,0,0,0,0,0.006997900629811,1,0,0.38,0.0,1
1,2,2,0,0,0,1,0,0.158852344296711,1,0,3.95,4.0,1
1,2,0,0,0,0,0,1,0.1577326801959412,0,0,0.98,1.0,0
0,1,0,0,0,0,0,0,0.0005598320503848,0,0,4.06,4.0,0
1,1,5,0,0,0,0,1,0.1577326801959412,0,0,1.94,2.0,0
1,0,0,0,1,2,11,0,0.0279916025192442,1,0,1.17,79.0,1
0,0,0,0,0,0,0,0,0.0137158852344296,1,0,57.69,177.0,1
1,0,2,0,0,0,0,1,0.0103568929321203,0,0,0.98,1.0,0
0,2,0,0,0,0,1,1,0.1577326801959412,0,0,1.0,0.0,0
1,2,0,0,0,0,2,0,0.158852344296711,1,0,58.3,58.0,1
1,2,0,0,0,0,0,0,0.0594821553533939,1,0,4.22,1.0,1
1,2,2,0,0,0,0,0,0.0002799160251924,0,0,0.22,0.0,0
1,1,3,0,0,0,2,1,0.0054583624912526,1,0,40.03,40.0,0
1,1,2,0,0,0,2,0,0.0037788663400979,0,0,1.04,1.0,0
1,0,0,0,0,0,3,1,0.1577326801959412,0,0,206.18,206.0,0
1,1,0,0,0,0,12,0,0.0660601819454163,1,0,151.62,152.0,1
1,2,0,0,2,0,2,1,0.0001399580125962,1,1,48.0,48.0,1
1,2,0,1,0,2,1,0,0.158852344296711,1,0,1.99,104.0,1
1,0,0,0,0,0,1,0,0.0008397480755773,0,0,0.91,18.0,0
1,2,0,0,0,0,2,1,0.0001399580125962,1,0,3.97,4.0,1
1,2,3,0,0,0,0,1,0.0134359692092372,0,0,1.03,1.0,0
1,0,0,0,0,0,4,0,0.0117564730580825,1,0,1.09,1.0,1
1,0,0,0,0,0,11,0,0.0030790762771168,1,1,2.22,2.0,1
1,1,2,1,0,0,16,0,0.158852344296711,1,0,67.14,1.0,1
1,2,0,0,0,1,0,0,0.0117564730580825,0,0,1.3,1.0,0
0,2,0,0,0,0,1,0,0.158852344296711,1,0,2.21,2.0,1
1,0,5,0,0,0,1,1,0.1577326801959412,0,0,0.95,1.0,0
1,0,0,0,0,0,3,0,0.158852344296711,1,1,0.0,1.0,1
1,0,0,0,0,0,6,0,0.0594821553533939,1,0,39.23,39.0,1
1,0,0,0,0,0,4,1,0.1577326801959412,1,1,34.09,34.0,1
1,0,2,0,0,0,6,0,0.0078376487053883,1,0,0.66,44.0,1
1,1,2,0,0,0,0,0,0.0001399580125962,0,0,1.2,1.0,0
1,0,2,0,0,0,0,1,0.1577326801959412,0,0,0.83,0.0,0
1,0,0,0,0,0,4,1,0.1577326801959412,0,0,0.84,78.0,0
1,2,0,0,0,1,3,0,0.0036389083275017,1,0,16.04,33.0,1
1,1,2,0,0,0,0,1,0.1577326801959412,1,0,37.78,38.0,1
1,0,0,0,0,0,0,0,0.0015395381385584,1,0,1.15,1.0,1
1,0,0,0,0,0,0,0,0.0106368089573128,0,0,0.83,1.0,0
0,0,0,0,1,0,10,1,0.0090972708187543,1,0,18.8,19.0,1
1,2,2,0,0,0,6,0,0.0025192442267319,1,0,0.91,1.0,1
1,0,0,0,0,0,11,1,0.0058782365290412,0,0,0.9,1.0,0
1,2,0,0,0,0,6,0,0.0594821553533939,1,0,5.08,5.0,1
1,0,0,0,0,0,2,1,0.0188943317004898,0,0,1.11,1.0,0
1,1,2,0,0,0,0,1,0.1577326801959412,0,0,2.88,3.0,0
1,0,0,0,0,0,7,0,0.0594821553533939,1,0,1.89,2.0,1
0,2,0,0,0,0,0,0,0.0029391182645206,1,0,4.38,7.0,1
1,1,0,0,0,0,12,0,0.158852344296711,0,0,28.61,8.0,0
1,1,0,0,0,0,2,1,0.0067179846046186,0,0,1.73,2.0,0
1,0,0,0,0,0,2,0,0.0660601819454163,1,0,0.9,0.0,1
1,1,2,0,0,0,27,1,0.1577326801959412,0,0,1.8,2.0,0
1,1,2,0,0,0,21,1,0.158852344296711,1,0,21.46,0.0,1
1,2,3,0,0,0,1,0,0.0078376487053883,0,0,1.28,2.0,0
1,1,5,0,0,0,2,1,0.1577326801959412,1,1,1.05,2.0,1
1,0,0,0,0,0,2,0,0.0660601819454163,1,0,1.28,2.0,1
1,0,0,0,1,0,3,1,0.0054583624912526,0,0,1.28,2.0,0
1,0,2,0,0,0,0,0,0.0002799160251924,1,0,1.74,0.0,1
1,0,2,0,0,0,1,1,0.1577326801959412,0,0,0.87,1.0,0
1,0,0,0,0,0,4,1,0.0058782365290412,0,0,4.04,4.0,0
1,0,0,0,0,0,0,0,0.0594821553533939,0,0,1.14,32.0,0
0,1,3,0,0,0,4,0,0.158852344296711,1,0,1.32,1.0,1
1,0,0,1,1,0,2,0,0.0037788663400979,1,0,49.95,33.0,1
1,1,5,0,0,0,0,0,0.0009797060881735,1,1,0.68,1.0,0
1,1,2,0,0,0,2,0,0.0013995801259622,0,0,0.91,0.0,0
1,2,3,0,0,0,0,0,0.010776766969909,1,0,1.83,2.0,1
1,0,0,0,0,1,8,0,0.0078376487053883,0,0,1.01,3.0,0
0,0,0,0,0,0,5,0,0.004478656403079,1,0,0.83,8.0,1
1,0,0,0,0,0,4,0,0.0660601819454163,1,1,108.86,109.0,1
0,0,0,0,0,0,2,0,0.0137158852344296,1,0,2.06,2.0,1
1,0,0,0,0,0,2,0,0.0594821553533939,1,1,21.88,16.0,1
1,1,2,0,0,0,10,0,0.0594821553533939,1,0,42.96,72.0,1
1,0,0,0,0,0,2,1,0.0054583624912526,0,0,3.26,3.0,0
1,0,2,0,0,0,6,1,0.158852344296711,1,0,1.82,0.0,1
1,1,0,0,0,0,20,0,0.158852344296711,0,0,3.16,137.0,0
1,1,3,0,0,0,1,1,0.0079776067179846,0,0,1.09,1.0,0
1,0,0,0,1,0,3,0,0.158852344296711,1,1,119.06,9.0,1
1,0,2,0,0,0,0,0,0.0008397480755773,0,0,43.8,44.0,0
1,1,2,0,0,0,0,0,0.0660601819454163,0,0,1.01,1.0,0
1,0,3,0,0,0,0,1,0.004478656403079,1,1,3.21,2.0,1
1,0,2,0,0,0,1,1,0.1577326801959412,1,1,3.05,1.0,1
1,1,2,0,0,0,0,0,0.0015395381385584,0,0,1.83,2.0,0
1,0,0,0,0,1,2,1,0.0009797060881735,1,0,0.22,0.0,0
0,1,0,0,0,0,3,0,0.0594821553533939,0,0,2.31,2.0,0
1,2,2,0,0,0,1,0,0.0100769769069279,0,0,40.42,121.0,0
1,1,0,0,0,0,0,0,0.0660601819454163,0,0,0.81,1.0,0
0,0,2,0,0,0,0,1,0.0188943317004898,1,0,0.72,1.0,0
0,1,3,0,0,0,0,0,0.0074177746675997,0,0,0.7,1.0,0
1,0,0,1,0,0,10,0,0.008257522743177,1,0,2.05,268.0,1
1,1,2,0,0,0,2,0,0.0594821553533939,1,0,63.82,123.0,1
1,1,0,0,0,0,0,1,0.1577326801959412,1,0,0.82,0.0,0
1,0,2,0,0,0,1,0,0.0660601819454163,1,0,0.8,14.0,1
0,1,0,0,0,0,0,0,0.0065780265920223,1,1,9.71,10.0,1
1,1,0,0,0,0,1,1,0.0090972708187543,1,1,2.32,1.0,1
1,2,0,0,2,2,2,0,0.0594821553533939,1,0,1.0,0.0,1
1,1,2,0,0,0,11,0,0.158852344296711,1,0,58.27,61.0,1
1,1,0,0,0,0,4,0,0.0001399580125962,1,0,3.07,3.0,1
1,1,2,0,0,0,3,0,0.0009797060881735,0,0,0.67,1.0,0
1,0,0,0,0,0,15,0,0.158852344296711,0,0,42.97,43.0,0
1,2,0,0,1,1,8,0,0.0054583624912526,1,0,255.08,255.0,1
1,0,3,0,0,0,1,0,0.158852344296711,0,0,2.96,6.0,0
1,0,2,0,0,0,2,0,0.158852344296711,0,0,18.35,18.0,0
1,0,3,0,0,0,13,0,0.0279916025192442,0,0,4.12,4.0,0
1,0,0,0,0,0,1,1,0.1577326801959412,1,0,0.96,1.0,1
1,0,0,1,0,0,9,1,0.0029391182645206,1,0,1.28,5.0,1
1,0,0,0,0,0,6,0,0.0023792862141357,1,0,6.07,6.0,0
1,0,0,0,0,0,1,1,0.1577326801959412,0,0,115.06,115.0,0
1,1,0,0,0,0,12,1,0.158852344296711,0,0,0.55,0.0,0
1,0,2,0,0,0,2,0,0.158852344296711,0,0,64.4,64.0,0
1,1,0,0,0,0,0,1,0.1577326801959412,1,1,4.05,118.0,1
1,0,0,0,1,0,3,0,0.0594821553533939,1,0,0.84,0.0,1
1,2,2,0,0,3,1,0,0.006997900629811,1,0,1.22,10.0,1
1,1,0,0,0,0,4,1,0.1577326801959412,1,1,1.07,36.0,1
0,1,2,0,0,0,0,1,0.0079776067179846,0,0,0.86,0.0,0
0,1,2,0,0,0,23,0,0.158852344296711,1,0,62.37,62.0,1
1,0,0,0,0,0,7,0,0.0005598320503848,1,0,1.05,1.0,1
0,2,0,0,0,0,0,0,0.0594821553533939,0,0,0.84,1.0,0
1,0,3,0,0,0,1,0,0.0002799160251924,0,0,0.95,1.0,0
1,0,0,0,0,0,8,0,0.0013995801259622,0,0,40.19,40.0,0
1,0,0,0,0,0,9,0,0.0106368089573128,0,0,1.2,5.0,0
1,0,0,0,0,0,1,1,0.1577326801959412,0,0,14.23,0.0,0
1,0,0,0,0,0,1,0,0.0043386983904828,1,0,0.59,1.0,0
1,0,0,0,0,0,5,0,0.158852344296711,1,1,28.09,222.0,1
0,0,2,0,0,0,10,0,0.0660601819454163,1,1,13.91,14.0,1
1,1,0,0,0,0,21,0,0.158852344296711,1,0,112.36,84.0,1
1,0,0,0,0,0,2,1,0.0005598320503848,0,0,31.62,32.0,0
1,0,3,0,0,0,6,0,0.158852344296711,1,0,14.16,14.0,0
0,0,0,0,0,0,0,1,0.1577326801959412,1,1,0.26,0.0,1
1,0,3,0,0,0,8,1,0.0134359692092372,1,0,56.71,57.0,1
1,0,0,0,0,1,5,0,0.158852344296711,1,0,4.92,140.0,1
1,2,2,0,0,1,2,1,0.1577326801959412,1,0,24.86,25.0,1
1,0,2,0,0,0,4,1,0.0079776067179846,0,0,1.07,1.0,0
1,1,0,0,0,0,7,0,0.0660601819454163,1,1,117.92,32.0,1
1,2,0,0,0,0,2,0,0.0065780265920223,1,1,0.93,1.0,1
1,0,0,0,1,0,11,0,0.010776766969909,1,0,1.68,1.0,1
1,2,0,0,0,0,1,0,0.0051784464660601,1,1,394.98,395.0,1
1,0,3,0,0,0,0,0,0.0594821553533939,0,0,0.19,0.0,0
1,2,2,0,1,0,4,1,0.1577326801959412,1,0,7.82,35.0,1
1,0,3,0,0,0,3,1,0.1577326801959412,0,0,1.28,2.0,0
1,0,0,0,0,0,1,1,0.1577326801959412,0,0,1.16,1.0,0
1,0,0,0,0,0,0,1,0.0106368089573128,0,0,0.63,1.0,0
0,1,2,0,0,0,0,1,0.0188943317004898,1,1,0.23,1.0,1
1,0,0,0,0,0,1,1,0.0117564730580825,0,0,0.96,163.0,0
0,0,0,0,1,0,4,0,0.158852344296711,0,0,2.12,2.0,0
1,0,0,1,0,0,4,0,0.0085374387683694,1,1,1.74,1.0,1
1,0,2,0,0,0,0,0,0.0061581525542337,1,0,0.98,1.0,1
1,0,2,0,0,0,11,1,0.0012596221133659,1,0,0.85,0.0,1
1,1,0,0,0,0,0,1,0.0079776067179846,0,0,1.39,1.0,0
1,0,0,2,0,0,14,0,0.0034989503149055,1,0,1.64,33.0,1
1,0,0,0,0,0,5,0,0.0279916025192442,1,0,0.22,7.0,1
1,2,0,0,5,1,15,0,0.0040587823652904,1,1,2.07,2.0,1
1,1,0,0,0,0,1,0,0.158852344296711,1,0,270.07,270.0,1
1,1,2,0,0,0,0,1,0.001959412176347,0,0,1.16,1.0,0
0,0,0,0,0,0,15,0,0.0660601819454163,1,0,0.8,0.0,1
1,0,3,0,0,0,1,0,0.158852344296711,1,0,0.88,1.0,1
1,1,3,0,0,0,0,0,0.0594821553533939,0,0,1.08,1.0,0
1,0,2,0,0,0,0,0,0.0594821553533939,1,0,1.09,4.0,1
1,2,2,0,0,0,0,0,0.158852344296711,1,0,0.68,14.0,1
1,0,0,0,0,0,10,0,0.0061581525542337,0,0,1.08,1.0,0
1,1,3,0,0,0,2,0,0.158852344296711,0,0,1.04,1.0,0
1,0,2,0,0,0,2,0,0.0043386983904828,0,0,3.16,3.0,0
1,0,2,0,0,0,0,0,0.0037788663400979,0,0,0.95,52.0,0
1,2,0,0,0,3,1,0,0.0594821553533939,1,0,22.34,22.0,1
1,0,0,0,0,0,0,0,0.0002799160251924,0,0,18.07,18.0,0
1,1,0,0,0,0,4,0,0.0279916025192442,1,0,0.86,1.0,1
0,0,0,0,0,0,0,1,0.1577326801959412,0,0,0.98,1.0,0
0,2,0,0,1,0,2,0,0.0025192442267319,0,0,1.03,1.0,0
1,2,2,0,0,0,1,0,0.0106368089573128,0,0,0.97,1.0,0
1,1,0,0,0,0,12,1,0.1577326801959412,1,1,118.02,381.0,1
0,0,0,0,0,0,2,0,0.009517144856543,1,1,4.04,4.0,1
1,1,2,0,0,0,5,0,0.0001399580125962,1,0,1.01,0.0,1
1,0,0,3,1,0,13,0,0.158852344296711,1,0,1.11,1.0,1
0,1,2,0,0,0,0,0,0.0022393282015395,0,0,1.06,1.0,0
1,2,0,0,0,0,0,1,0.1577326801959412,0,0,0.67,1.0,0
1,2,0,0,0,1,0,0,0.0660601819454163,1,1,0.16,0.0,1
1,0,0,0,0,0,5,1,0.1577326801959412,1,0,6.45,6.0,1
0,0,2,0,0,0,1,1,0.1577326801959412,0,0,1.09,1.0,0
0,0,0,0,0,0,2,0,0.0061581525542337,1,0,23.56,24.0,1
1,2,0,0,0,0,1,0,0.158852344296711,1,0,0.72,7.0,1
1,2,0,0,0,0,3,0,0.0117564730580825,1,0,8.76,35.0,1
1,2,0,0,0,0,0,0,0.0594821553533939,0,0,1.11,1.0,0
1,0,2,0,0,0,8,0,0.0009797060881735,0,0,1.03,1.0,0
0,2,0,0,0,0,0,1,0.1577326801959412,1,0,0.82,1.0,1
0,0,0,0,0,0,1,0,0.0061581525542337,0,0,0.71,1.0,0
1,2,0,3,0,0,2,0,0.158852344296711,1,0,43.2,1765.0,1
1,2,2,0,0,0,0,1,0.1577326801959412,0,0,3.69,4.0,0
0,0,2,0,0,0,0,0,0.0594821553533939,1,0,0.75,1.0,1
1,2,0,0,0,0,0,1,0.005738278516445,1,1,1.1,2.0,0
1,2,2,0,0,0,0,1,0.1577326801959412,1,1,0.87,7.0,1
1,2,0,0,0,0,0,0,0.0106368089573128,0,0,0.32,0.0,0
1,0,2,0,0,0,1,0,0.0053184044786564,1,0,30.04,22.0,1
1,0,0,0,0,0,9,0,0.158852344296711,1,1,4.75,1.0,1
1,2,0,0,0,0,0,0,0.0018194541637508,1,0,1.82,2.0,1
1,1,0,0,0,0,4,1,0.0090972708187543,1,0,0.83,1.0,1
0,2,0,0,0,0,2,0,0.0594821553533939,1,0,58.0,117.0,1
1,1,0,0,0,0,15,0,0.0138558432470258,1,0,38.04,28.0,1
1,0,0,1,0,0,8,0,0.158852344296711,1,0,38.55,39.0,1
1,2,5,0,0,0,0,0,0.0660601819454163,1,0,0.82,1.0,1
0,2,0,0,0,0,0,0,0.008257522743177,0,0,0.23,0.0,0
1,2,0,0,1,0,3,0,0.0001399580125962,1,0,6.05,6.0,1
1,0,2,0,0,0,0,0,0.0594821553533939,0,0,12.12,1.0,0
1,2,2,0,0,0,0,0,0.0134359692092372,0,0,0.85,1.0,0
1,0,0,0,1,0,6,1,0.1577326801959412,1,1,48.82,49.0,1
1,2,0,0,0,0,0,0,0.0016794961511546,1,0,5.17,33.0,1
0,1,0,0,0,0,4,0,0.158852344296711,0,0,55.97,56.0,0
1,1,0,0,0,0,3,1,0.158852344296711,0,0,206.09,76.0,0
1,1,2,0,0,0,0,0,0.0076976906927921,0,0,0.35,0.0,0
0,0,2,0,0,0,5,0,0.0594821553533939,1,0,33.27,26.0,1
0,0,0,0,0,0,7,0,0.158852344296711,1,1,2.0,1.0,1
0,1,0,0,0,0,0,0,0.0016794961511546,0,0,1.42,1.0,0
1,0,0,0,0,0,9,1,0.0054583624912526,1,1,1.89,1.0,1
1,1,0,0,0,0,7,1,0.0079776067179846,1,0,4.32,4.0,1
1,1,0,0,0,0,22,1,0.0001399580125962,1,0,9.44,9.0,1
0,1,0,0,0,0,2,1,0.0188943317004898,1,0,0.85,1.0,1
1,0,0,0,0,0,6,0,0.0013995801259622,1,1,0.11,10.0,1
0,1,2,0,0,0,0,0,0.008257522743177,0,0,0.8,0.0,0
1,0,2,0,0,0,0,1,0.0079776067179846,1,0,29.95,3.0,1
1,2,0,0,0,0,0,1,0.1577326801959412,1,0,1.05,1471.0,1
1,2,2,0,0,0,0,0,0.0005598320503848,1,0,1.81,15.0,1
1,1,2,0,0,0,0,0,0.158852344296711,0,0,0.9,0.0,0
1,0,2,0,1,0,8,0,0.158852344296711,1,0,8.64,9.0,1
0,0,5,0,0,0,0,0,0.0138558432470258,1,1,13.43,13.0,0
1,0,2,0,0,0,5,0,0.0036389083275017,1,1,35.06,35.0,1
0,0,0,0,0,0,1,0,0.0134359692092372,0,0,0.59,1.0,0
1,1,0,0,0,0,1,0,0.0660601819454163,0,0,0.2,0.0,0
1,0,0,0,0,0,7,0,0.0001399580125962,0,0,1.28,2.0,0
1,0,5,0,1,0,5,1,0.1577326801959412,0,0,1.3,1.0,0
1,0,0,0,1,0,9,0,0.158852344296711,0,0,1.28,2.0,0
1,1,0,0,0,0,13,1,0.158852344296711,0,0,1.83,1401.0,0
0,0,0,0,0,0,6,0,0.0594821553533939,0,0,0.16,0.0,0
1,0,0,0,0,0,0,0,0.0051784464660601,0,0,1.11,1.0,0
0,0,2,0,0,0,2,0,0.0594821553533939,1,0,0.02,8.0,1
1,1,0,0,0,0,0,1,0.0058782365290412,0,0,5.82,6.0,0
1,0,2,0,0,0,1,1,0.0058782365290412,0,0,1.0,1.0,0
1,1,0,0,0,0,5,0,0.0660601819454163,0,0,2.14,2.0,0
1,2,2,0,0,1,0,0,0.0594821553533939,0,0,0.9,1.0,0
0,0,2,0,0,0,0,0,0.0660601819454163,0,0,1.02,1.0,0
0,0,3,0,0,0,1,1,0.1577326801959412,0,0,1.39,1.0,0
1,0,2,0,0,0,4,0,0.0036389083275017,1,0,0.85,93.0,1
1,0,0,0,0,0,2,1,0.0001399580125962,0,0,1.28,2.0,0
1,2,0,0,0,0,2,0,0.0594821553533939,0,0,34.32,34.0,0
1,0,0,0,3,1,6,1,0.0029391182645206,0,0,0.77,1.0,0
1,0,3,0,0,0,1,0,0.0015395381385584,1,1,3.25,3.0,1
0,0,3,0,0,0,2,0,0.0009797060881735,1,0,1.11,0.0,1
1,2,0,0,0,1,7,1,0.001959412176347,1,0,97.41,56.0,1
1,1,2,0,0,0,5,0,0.158852344296711,0,0,1.28,2.0,0
0,0,2,0,0,0,3,0,0.0053184044786564,1,0,11.21,11.0,1
1,1,2,0,0,0,0,0,0.0061581525542337,1,0,0.82,1.0,1
0,0,0,0,0,0,1,0,0.0137158852344296,0,0,0.8,1.0,0
1,0,0,1,0,0,5,0,0.158852344296711,1,1,170.95,171.0,1
1,1,0,0,0,0,5,0,0.0660601819454163,1,0,0.68,3.0,1
1,2,2,0,0,0,0,1,0.0134359692092372,0,0,0.85,0.0,0
1,0,0,0,0,0,2,0,0.0279916025192442,0,0,0.85,1.0,0
0,2,5,0,0,0,0,0,0.0594821553533939,0,0,1.21,1.0,0
1,0,0,0,0,0,3,0,0.0074177746675997,1,0,5.81,42.0,1
1,0,2,0,0,0,8,1,0.1577326801959412,0,0,28.21,28.0,0
0,0,0,0,0,0,1,0,0.158852344296711,0,0,62.74,63.0,0
0,0,0,0,0,0,7,0,0.0106368089573128,1,0,1.12,46.0,1
1,0,0,0,0,0,0,0,0.0043386983904828,0,0,1.06,1.0,0
1,0,0,0,0,0,2,1,0.0058782365290412,1,0,0.89,1.0,1
1,0,0,0,0,0,5,0,0.0051784464660601,0,0,1.28,2.0,0
1,1,3,0,0,0,0,1,0.1577326801959412,0,0,0.6,1.0,0
1,2,0,0,0,0,2,0,0.0005598320503848,1,0,6.15,34.0,1
0,0,5,0,0,0,2,1,0.1577326801959412,1,0,0.85,0.0,1
1,0,0,0,0,0,7,0,0.010776766969909,1,0,0.16,44.0,1
1,1,2,0,0,0,18,1,0.0023792862141357,1,0,32.84,33.0,1
1,1,3,0,0,0,5,0,0.0134359692092372,1,1,3.91,1.0,1
0,2,2,0,0,0,0,1,0.1577326801959412,1,0,0.86,1.0,1
1,1,2,0,0,0,5,1,0.158852344296711,1,1,0.86,1.0,0
1,0,0,0,0,0,5,0,0.0134359692092372,1,0,0.98,1.0,1
0,1,0,0,0,0,1,0,0.0001399580125962,0,0,0.72,1.0,0
1,2,0,0,0,0,1,0,0.0117564730580825,0,0,1.84,21.0,0
1,0,2,0,0,0,2,1,0.1577326801959412,1,0,33.68,34.0,1
1,0,2,0,0,0,0,1,0.0009797060881735,0,0,0.15,0.0,0
1,0,3,0,0,0,6,1,0.1577326801959412,1,0,39.98,40.0,1
1,0,0,0,0,0,2,0,0.0051784464660601,1,0,0.9,1.0,1
1,0,0,0,0,0,0,0,0.0074177746675997,0,0,24.69,25.0,0
1,0,3,0,0,0,1,1,0.0079776067179846,0,0,46.83,47.0,0
0,0,0,0,0,0,1,0,0.0138558432470258,1,0,33.66,359.0,1
1,0,0,0,0,0,6,0,0.158852344296711,1,0,45.05,45.0,1
1,0,0,0,0,0,2,0,0.158852344296711,0,0,62.08,62.0,0
1,0,0,0,0,0,13,1,0.0001399580125962,1,0,11.14,11.0,0
0,0,3,0,0,0,0,1,0.1577326801959412,0,0,1.35,1.0,0
1,0,0,0,0,0,11,1,0.1577326801959412,1,0,1.05,0.0,1
1,0,0,0,0,0,3,1,0.0054583624912526,1,0,8.14,8.0,1
0,1,3,0,0,0,1,0,0.010776766969909,0,0,2.1,2.0,0
0,0,0,0,1,0,10,0,0.158852344296711,1,0,14.94,15.0,1
1,2,0,0,0,2,0,0,0.0040587823652904,1,0,6.76,7.0,1
1,1,2,0,0,0,0,0,0.0134359692092372,0,0,0.96,1.0,0
0,0,2,0,0,0,0,0,0.0660601819454163,0,0,0.12,0.0,0
1,2,0,0,0,0,4,1,0.0090972708187543,0,0,0.85,1.0,0
1,0,0,0,0,0,5,0,0.158852344296711,1,0,3.15,3.0,1
0,1,2,0,0,0,1,0,0.0015395381385584,0,0,1.89,2.0,0
1,2,0,0,0,0,2,0,0.001959412176347,1,0,0.96,1.0,1
1,1,2,0,0,0,1,1,0.1577326801959412,0,0,0.89,1.0,0
1,0,2,0,0,0,0,1,0.0134359692092372,1,0,23.97,24.0,1
1,0,0,0,0,0,6,0,0.0040587823652904,1,0,131.02,131.0,1
1,0,0,0,0,1,8,1,0.1577326801959412,1,1,32.78,35.0,1
1,0,2,0,0,0,0,0,0.010776766969909,1,0,21.13,21.0,1
1,0,0,0,0,3,12,0,0.006997900629811,1,1,0.22,1.0,1
1,1,0,0,0,0,2,1,0.158852344296711,0,0,1.0,1.0,0
0,0,2,0,0,0,1,1,0.1577326801959412,0,0,30.82,31.0,0
1,0,0,0,0,0,0,0,0.0106368089573128,0,0,0.05,1.0,0
1,0,0,0,0,0,1,1,0.1577326801959412,0,0,1.17,1.0,0
1,0,0,0,0,0,0,1,0.0001399580125962,0,0,5.19,5.0,0
1,0,2,0,0,0,3,1,0.1577326801959412,1,0,0.82,0.0,1
1,0,0,1,0,0,8,0,0.0660601819454163,1,1,6.94,7.0,1
1,2,0,0,0,0,1,1,0.0117564730580825,0,0,15.84,16.0,0
1,2,0,1,0,0,5,0,0.0043386983904828,1,1,1.05,1.0,1
1,0,5,0,0,0,0,1,0.1577326801959412,0,0,0.92,1.0,0
1,0,2,0,0,0,4,0,0.006997900629811,0,0,1.33,1.0,0
0,1,0,0,0,0,25,0,0.009517144856543,1,0,9.98,28.0,1
1,0,5,0,0,0,2,0,0.0594821553533939,0,0,0.88,1.0,0
1,0,3,0,0,0,0,0,0.003219034289713,1,1,87.12,2.0,1
0,0,0,0,0,0,1,1,0.1577326801959412,1,1,1.03,7.0,1
1,0,3,1,0,0,2,1,0.158852344296711,1,0,0.9,1.0,1
1,0,0,0,0,0,9,0,0.0065780265920223,0,0,1.17,1.0,0
1,0,2,0,0,0,4,1,0.0188943317004898,0,0,1.28,2.0,0
1,0,2,0,0,0,8,0,0.158852344296711,0,0,1.28,2.0,0
1,0,0,0,0,0,0,1,0.0058782365290412,0,0,0.91,1.0,0
0,2,0,0,0,0,0,1,0.004478656403079,0,0,0.79,1.0,0
1,1,0,0,0,0,3,0,0.0090972708187543,0,0,1.28,2.0,0
1,2,0,1,1,2,4,0,0.0117564730580825,0,0,31.03,232.0,0
0,0,0,0,0,0,0,1,0.0011196641007697,0,0,1.2,1.0,0
1,0,0,0,0,0,9,0,0.0660601819454163,1,0,0.28,52.0,1
1,2,0,0,0,0,0,1,0.1577326801959412,1,0,1.12,1.0,1
0,2,2,0,0,0,0,0,0.0053184044786564,1,0,18.99,33.0,1
1,2,0,0,0,0,1,0,0.0134359692092372,0,0,0.7,1.0,0
1,0,0,0,0,0,0,1,0.0079776067179846,0,0,0.83,1.0,0
1,0,0,0,0,0,0,0,0.0037788663400979,0,0,1.04,1.0,0
1,0,5,0,0,0,0,0,0.0138558432470258,0,0,2.0,2.0,0
1,0,0,0,0,1,9,0,0.0001399580125962,1,0,1.23,1569.0,1
1,1,2,0,0,0,3,0,0.004478656403079,0,0,0.9,1.0,0
1,0,0,0,0,0,2,0,0.158852344296711,0,0,0.92,1.0,0
1,1,2,0,0,0,0,1,0.1577326801959412,0,0,0.6,1.0,0
1,0,0,0,0,0,2,1,0.0062981105668299,1,0,1.17,1.0,1
1,2,0,0,0,1,1,0,0.0043386983904828,0,0,0.94,1.0,0
1,0,0,0,0,0,3,0,0.158852344296711,1,0,0.97,0.0,1
1,2,0,0,0,0,1,0,0.0078376487053883,0,0,4.84,5.0,0
1,2,2,0,0,0,0,0,0.010776766969909,1,0,0.85,1448.0,1
1,0,0,0,0,0,0,0,0.0030790762771168,0,0,0.83,1.0,0
1,0,0,0,0,1,10,0,0.158852344296711,1,0,7.18,32.0,1
1,0,2,0,0,0,3,1,0.0188943317004898,0,0,0.13,0.0,0
0,0,3,0,0,0,0,1,0.004478656403079,0,0,0.9,1.0,0
1,1,5,0,0,0,5,1,0.0134359692092372,1,0,0.88,2.0,1
1,0,0,0,0,0,7,0,0.0594821553533939,1,0,14.9,15.0,0
1,0,2,0,0,0,0,0,0.0085374387683694,0,0,1.98,2.0,0
1,2,0,0,0,0,0,1,0.1577326801959412,0,0,0.78,1.0,0
1,0,5,0,0,0,1,0,0.0660601819454163,0,0,0.91,1.0,0
1,0,0,1,2,0,11,0,0.0040587823652904,0,0,3.15,3.0,0
1,0,2,0,0,0,4,0,0.158852344296711,0,0,190.04,190.0,0
0,0,5,0,0,0,0,0,0.0594821553533939,0,0,0.86,1.0,0
1,1,2,0,0,0,3,0,0.0594821553533939,1,1,8.95,31.0,1
1,1,2,0,0,0,0,1,0.1577326801959412,0,0,1.24,1.0,0
1,1,2,0,0,0,11,0,0.0660601819454163,1,0,14.02,64.0,1
1,0,0,0,0,0,2,0,0.0117564730580825,0,0,16.18,16.0,0
1,0,5,0,0,0,0,1,0.1577326801959412,0,0,1.13,1.0,0
0,0,0,0,0,0,4,0,0.0090972708187543,0,0,0.79,1.0,0
1,0,2,0,0,0,0,0,0.0660601819454163,0,0,0.86,1.0,0
0,0,3,0,0,0,0,1,0.1577326801959412,1,1,1.15,1.0,1
1,0,3,0,0,0,2,1,0.0090972708187543,0,0,4.43,1.0,0
1,0,0,0,0,0,2,0,0.158852344296711,1,0,74.02,74.0,0
1,0,0,0,0,0,0,1,0.1577326801959412,1,1,1.74,2.0,1
1,0,0,0,0,0,2,0,0.008257522743177,1,0,1.49,18.0,1
1,0,0,0,1,0,14,0,0.0279916025192442,1,0,5.98,52.0,0
0,0,0,0,0,0,1,1,0.0005598320503848,0,0,1.84,2.0,0
1,0,0,0,0,0,2,0,0.0065780265920223,1,0,0.87,225.0,1
0,1,2,0,0,0,0,1,0.1577326801959412,0,0,0.82,1.0,0
1,0,0,0,0,0,6,0,0.0660601819454163,1,0,0.68,36.0,1
1,0,5,0,0,0,3,1,0.1577326801959412,0,0,0.85,1.0,0
1,0,2,0,0,0,0,0,0.0660601819454163,1,1,37.26,13.0,1
1,0,0,0,0,1,5,0,0.158852344296711,1,0,336.91,2148.0,1
1,2,0,0,0,0,0,0,0.0051784464660601,0,0,1.09,18.0,0
1,2,2,0,0,0,1,0,0.0594821553533939,0,0,1.29,1.0,0
1,1,0,0,0,0,1,0,0.158852344296711,0,0,43.12,43.0,0
1,0,0,0,0,0,1,0,0.158852344296711,0,0,75.85,76.0,0
1,0,0,0,0,0,3,1,0.1577326801959412,1,1,1.91,0.0,1
1,0,0,0,0,0,1,1,0.1577326801959412,0,0,1.85,2.0,0
1,1,2,0,0,0,0,1,0.0188943317004898,0,0,0.38,0.0,0
1,2,0,0,0,0,1,0,0.0004198740377886,1,0,1.21,0.0,1
1,1,0,0,0,0,14,1,0.0012596221133659,1,0,1.01,1.0,0
1,2,3,0,0,0,0,0,0.0016794961511546,1,0,10.28,1.0,1
1,2,0,0,0,0,0,0,0.0134359692092372,1,0,1.91,1.0,1
1,1,2,0,0,0,2,0,0.0009797060881735,1,0,91.17,91.0,1
1,0,0,2,0,0,6,0,0.0138558432470258,0,0,25.92,26.0,0
1,1,0,0,0,0,7,0,0.158852344296711,1,0,1.89,2.0,1
0,0,0,0,0,0,3,1,0.1577326801959412,1,0,0.54,0.0,1
1,0,0,1,0,2,4,0,0.0023792862141357,0,0,3.98,4.0,0
0,0,2,0,0,0,7,0,0.0036389083275017,1,0,12.89,42.0,1
1,0,0,0,0,0,0,0,0.0138558432470258,1,0,0.68,3.0,1
1,1,5,0,0,0,0,1,0.1577326801959412,0,0,1.05,1.0,0
1,1,0,0,0,0,0,1,0.0079776067179846,0,0,0.22,0.0,0
1,0,0,0,0,0,3,0,0.0134359692092372,1,0,1.13,1.0,1
1,0,3,2,1,0,8,1,0.158852344296711,1,0,2.75,3.0,1
0,2,0,0,0,0,1,1,0.1577326801959412,1,0,0.2,0.0,1
1,0,0,0,0,0,13,0,0.0002799160251924,1,0,0.66,22.0,1
1,2,2,0,0,0,0,1,0.1577326801959412,0,0,0.71,1.0,0
1,0,0,0,0,0,1,0,0.0013995801259622,0,0,1.28,2.0,0
1,1,5,0,0,0,0,1,0.1577326801959412,0,0,0.98,1.0,0
1,1,2,0,0,0,0,1,0.1577326801959412,0,0,42.08,42.0,0
1,0,3,0,0,0,0,1,0.1577326801959412,0,0,1.1,1.0,0
1,0,5,0,0,0,1,0,0.158852344296711,0,0,1.2,3.0,0
1,2,0,0,0,0,0,0,0.0004198740377886,1,0,0.88,11.0,1
0,1,5,0,0,0,1,0,0.158852344296711,0,0,2.01,2.0,0
1,0,0,1,0,0,3,1,0.1577326801959412,1,1,60.23,60.0,1
1,0,3,0,0,0,0,1,0.1577326801959412,0,0,0.12,0.0,0
0,0,2,0,0,1,0,0,0.0660601819454163,1,0,0.88,8.0,1
1,2,0,0,0,0,1,1,0.001959412176347,1,1,149.43,149.0,1
0,0,5,0,0,0,0,0,0.0020993701889433,0,0,1.06,1.0,0
1,0,0,0,0,0,0,0,0.0064380685794261,0,0,1.22,1.0,0
1,1,0,0,0,0,4,0,0.158852344296711,0,0,8.32,8.0,0
1,0,0,0,0,0,9,1,0.1577326801959412,1,1,27.04,2.0,1
1,2,0,0,0,0,1,1,0.1577326801959412,0,0,0.23,0.0,0
1,0,0,0,0,0,1,0,0.158852344296711,1,1,0.33,1464.0,1
0,0,0,0,0,0,0,1,0.1577326801959412,1,0,1.77,2.0,1
0,2,0,0,0,0,0,1,0.1577326801959412,0,0,1.03,1.0,0
1,0,5,0,0,0,5,0,0.008257522743177,0,0,258.16,258.0,0
1,0,3,0,0,0,3,0,0.158852344296711,1,1,165.21,121.0,1
1,0,2,0,0,0,1,0,0.0594821553533939,0,0,0.8,1.0,0
1,0,0,0,0,0,2,1,0.0002799160251924,1,1,2.87,48.0,0
1,0,2,0,0,0,0,0,0.0018194541637508,0,0,13.99,14.0,0
0,0,2,0,0,0,1,0,0.004478656403079,0,0,3.04,1.0,0
1,2,0,1,0,0,3,0,0.0134359692092372,1,0,1.87,2.0,1
1,2,5,0,0,0,1,0,0.0137158852344296,1,0,35.99,110.0,1
1,0,0,0,0,0,4,0,0.0279916025192442,1,1,1.0,1.0,1
1,0,3,0,0,0,1,0,0.004478656403079,0,0,2.01,2.0,0
0,0,2,0,0,0,0,0,0.0085374387683694,0,0,0.88,1.0,0
1,1,3,0,0,0,3,0,0.0043386983904828,0,0,0.59,1.0,0
1,0,2,0,0,0,0,1,0.0188943317004898,1,0,0.87,1.0,1
1,2,0,0,0,0,0,1,0.0011196641007697,1,0,0.98,0.0,1
0,1,2,0,0,0,0,1,0.0103568929321203,0,0,0.16,0.0,0
1,0,2,0,0,0,0,0,0.0090972708187543,0,0,1.01,1.0,0
1,2,2,0,0,1,0,1,0.0134359692092372,1,0,0.13,1.0,1
1,0,0,0,0,0,7,1,0.0029391182645206,1,0,27.69,1.0,1
0,0,5,0,0,0,0,1,0.1577326801959412,0,0,1.36,1.0,0
0,2,0,0,0,0,1,0,0.0004198740377886,1,1,0.92,116.0,1
1,0,0,0,0,0,10,0,0.0279916025192442,1,0,1.18,36.0,1
1,2,2,0,0,0,1,1,0.1577326801959412,0,0,24.1,24.0,0
0,0,0,0,0,0,3,0,0.158852344296711,1,0,43.89,1.0,1
1,0,0,0,1,0,3,1,0.158852344296711,1,0,2.08,1.0,1
1,0,2,0,0,0,7,1,0.0079776067179846,0,0,68.97,78.0,0
1,0,2,0,0,0,3,0,0.0660601819454163,1,0,1.01,31.0,1
0,0,0,3,0,0,17,0,0.0660601819454163,1,0,8.02,46.0,1
1,0,0,0,0,0,0,1,0.1577326801959412,0,0,0.81,1.0,0
1,0,2,0,0,0,1,0,0.0117564730580825,0,0,0.82,1.0,0
1,2,2,0,0,7,3,1,0.1577326801959412,0,0,1.09,1.0,0
0,1,2,0,0,0,0,1,0.1577326801959412,0,0,0.83,1.0,0
1,1,2,0,0,0,2,1,0.158852344296711,0,0,13.26,13.0,0
0,0,2,0,0,0,5,0,0.0001399580125962,1,1,160.05,9.0,1
1,0,3,0,0,0,0,1,0.0103568929321203,0,0,1.37,1.0,0
1,0,0,0,0,0,2,0,0.0660601819454163,0,0,0.78,0.0,0
1,1,0,0,0,0,38,0,0.0064380685794261,1,1,121.13,121.0,1
1,0,3,0,0,0,0,1,0.1577326801959412,0,0,1.01,1.0,0
0,1,2,0,0,0,15,0,0.009517144856543,0,0,0.67,1.0,0
1,1,0,0,0,0,16,1,0.1577326801959412,0,0,1.28,541.0,0
1,1,2,0,0,0,0,0,0.0594821553533939,0,0,0.79,1.0,0
1,1,0,0,0,0,1,1,0.1577326801959412,0,0,0.9,1.0,0
1,0,0,0,0,0,1,0,0.0008397480755773,0,0,0.33,0.0,0
1,2,0,0,0,0,1,1,0.1577326801959412,0,0,24.97,40.0,0
1,1,2,0,0,0,0,0,0.0106368089573128,0,0,1.01,1.0,0
1,0,3,0,0,0,6,1,0.1577326801959412,1,1,9.05,9.0,1
1,0,2,0,0,0,4,0,0.158852344296711,1,1,60.29,25.0,1
1,0,2,0,0,1,2,0,0.0029391182645206,1,0,19.1,19.0,1
1,0,2,0,0,0,2,0,0.003219034289713,1,0,42.37,42.0,1
1,1,0,0,0,0,2,0,0.0030790762771168,0,0,1.82,2.0,0
0,0,0,0,0,0,6,1,0.158852344296711,1,0,1.01,47.0,1
1,1,2,0,0,0,1,0,0.158852344296711,0,0,43.15,43.0,0
1,1,2,0,0,0,1,0,0.0015395381385584,0,0,35.1,35.0,0
1,1,2,0,0,0,8,1,0.0067179846046186,0,0,5.38,56.0,0
1,0,5,0,0,0,2,1,0.001959412176347,1,1,1.86,2.0,1
1,0,3,0,0,0,17,0,0.158852344296711,1,0,39.96,40.0,1
1,0,2,0,0,0,3,1,0.0188943317004898,0,0,0.82,1.0,0
1,1,0,0,0,0,6,0,0.006997900629811,0,0,1.36,1.0,0
0,2,0,0,0,0,0,0,0.0029391182645206,0,0,77.97,78.0,0
1,0,2,0,0,1,2,1,0.1577326801959412,1,1,1.21,1.0,1
1,2,0,0,0,0,0,0,0.0009797060881735,0,0,13.57,14.0,0
1,0,2,0,0,0,0,0,0.0036389083275017,0,0,81.76,82.0,0
0,1,3,0,0,0,0,1,0.001959412176347,0,0,1.11,1.0,0
1,0,0,2,0,0,8,0,0.158852344296711,1,1,0.85,1.0,0
1,0,3,0,0,0,1,1,0.0103568929321203,1,0,0.83,24.0,1
1,2,0,0,0,0,0,0,0.0100769769069279,0,0,0.65,77.0,0
1,1,2,0,0,0,1,0,0.0660601819454163,0,0,0.74,6.0,0
1,1,0,0,0,0,11,1,0.0062981105668299,1,0,56.09,56.0,1
0,1,0,0,0,0,3,1,0.0065780265920223,0,0,0.95,1.0,0
1,0,2,0,0,0,1,1,0.158852344296711,1,0,1.12,0.0,1
0,0,0,0,0,0,5,0,0.158852344296711,1,0,8.93,1.0,1
0,0,0,0,0,0,0,0,0.0065780265920223,0,0,0.15,0.0,0
1,0,0,0,0,0,12,0,0.0018194541637508,1,0,1.19,1.0,1
0,0,3,0,0,0,0,0,0.0100769769069279,0,0,0.23,0.0,0
1,0,0,1,2,0,5,0,0.0090972708187543,1,0,2.06,2.0,1
1,0,0,0,0,0,9,0,0.158852344296711,1,0,43.34,43.0,1
1,0,5,0,0,0,0,1,0.0067179846046186,1,1,0.62,2.0,0
0,0,2,0,0,0,0,0,0.0137158852344296,0,0,1.16,1.0,0
1,2,0,0,2,1,3,1,0.0009797060881735,1,1,9.08,38.0,1
1,1,2,0,0,0,3,1,0.0188943317004898,0,0,0.13,7.0,0
1,1,2,0,0,0,2,1,0.0103568929321203,0,0,0.24,0.0,0
0,0,4,0,0,0,5,0,0.0005598320503848,1,0,2.05,2.0,1
1,0,0,0,0,0,0,1,0.0188943317004898,0,0,1.15,1.0,0
1,1,0,0,0,0,23,0,0.158852344296711,1,0,204.95,15.0,1
1,0,2,0,0,0,1,0,0.158852344296711,0,0,7.35,7.0,0
1,0,3,0,0,0,0,1,0.1577326801959412,1,0,1.28,2.0,1
1,0,3,0,0,0,5,0,0.0594821553533939,0,0,0.98,3.0,0
1,1,0,0,0,0,17,0,0.0660601819454163,1,0,29.16,29.0,1
1,0,3,0,0,0,1,0,0.0090972708187543,1,1,51.79,52.0,1
1,2,0,0,0,0,0,1,0.1577326801959412,0,0,3.0,3.0,0
1,0,2,0,0,0,2,1,0.0011196641007697,0,0,1.01,1.0,0
1,1,2,0,0,0,0,1,0.0188943317004898,0,0,1.16,1.0,0
1,1,2,0,0,0,12,0,0.009517144856543,1,0,54.03,54.0,1
0,2,2,0,0,0,1,1,0.1577326801959412,0,0,1.28,2.0,0
1,0,2,0,0,0,0,0,0.0660601819454163,1,0,0.99,51.0,1
1,0,2,0,0,0,1,1,0.1577326801959412,0,0,0.75,1.0,0
0,0,3,0,1,2,14,0,0.0117564730580825,0,0,0.86,1.0,0
1,1,5,0,0,0,0,1,0.1577326801959412,0,0,1.13,1.0,0
0,2,0,0,0,0,2,1,0.158852344296711,1,0,1.09,1.0,1
1,2,5,0,0,0,1,0,0.0008397480755773,1,0,1.19,2.0,1
0,1,2,0,0,0,1,0,0.0085374387683694,0,0,1.61,2.0,0
0,0,2,0,0,0,5,0,0.0660601819454163,1,0,109.72,110.0,1
1,0,0,0,3,4,15,0,0.0015395381385584,1,0,91.02,0.0,1
1,0,2,0,0,0,0,0,0.0138558432470258,0,0,0.84,1.0,0
1,2,0,0,0,0,0,0,0.0030790762771168,0,0,5.02,20.0,0
1,0,0,0,2,0,17,0,0.0279916025192442,1,1,1.14,1.0,1
1,0,2,0,0,0,1,0,0.0061581525542337,0,0,20.13,20.0,0
1,0,0,0,1,0,3,0,0.0134359692092372,0,0,1.22,1.0,0
1,0,2,0,0,0,1,0,0.0001399580125962,0,0,0.91,1.0,0
1,0,0,0,0,0,8,1,0.0134359692092372,1,1,1.24,1.0,1
1,0,0,0,0,0,15,0,0.0076976906927921,1,0,48.84,49.0,1
0,0,2,0,0,0,0,0,0.0023792862141357,0,0,1.65,2.0,0
1,2,2,0,0,0,0,0,0.0065780265920223,0,0,0.53,1.0,0
1,0,0,0,0,1,5,1,0.0079776067179846,1,0,6.3,2.0,1
1,0,0,0,0,0,2,1,0.1577326801959412,1,1,46.14,138.0,1
0,2,0,0,0,0,0,0,0.0078376487053883,1,1,0.97,0.0,1
0,1,2,0,0,0,0,1,0.0103568929321203,0,0,0.76,1.0,0
1,0,5,0,0,0,4,0,0.0004198740377886,1,1,3.15,3.0,1
0,0,0,0,0,0,2,0,0.0030790762771168,0,0,9.12,9.0,0
1,0,0,0,0,0,3,0,0.158852344296711,1,1,34.2,42.0,1
1,0,2,0,0,0,5,0,0.158852344296711,0,0,0.98,1.0,0
1,0,3,0,0,0,1,1,0.0188943317004898,0,0,0.86,1.0,0
0,0,0,0,0,0,1,0,0.158852344296711,0,0,4.14,4.0,0
1,0,2,0,0,0,8,0,0.0036389083275017,1,0,6.82,1.0,1
1,0,0,0,0,0,4,1,0.1577326801959412,1,1,1.2,50.0,1
0,0,0,0,0,0,8,0,0.158852344296711,1,0,1.09,79.0,1
0,0,0,0,0,0,12,1,0.0054583624912526,1,0,0.83,2.0,1
1,0,0,0,0,0,8,0,0.0100769769069279,1,0,1.0,33.0,1
1,2,0,0,0,0,1,1,0.0012596221133659,0,0,178.06,178.0,0
1,0,2,0,0,0,8,1,0.1577326801959412,1,0,1.06,1.0,1
0,0,2,0,0,0,1,1,0.1577326801959412,1,1,1.2,1.0,1
1,2,2,0,0,0,1,0,0.010776766969909,1,0,2.39,4.0,1
1,0,2,0,0,0,4,0,0.001959412176347,1,0,2.04,2.0,1
1,1,2,0,0,0,2,1,0.0067179846046186,1,0,0.22,1.0,1
1,1,2,0,0,0,0,1,0.1577326801959412,0,0,0.87,1.0,0
1,0,0,0,0,0,10,0,0.0279916025192442,0,0,0.99,1.0,0
0,0,2,0,0,0,1,1,0.1577326801959412,0,0,1.07,1.0,0
1,1,0,0,0,0,3,1,0.158852344296711,1,0,69.81,16.0,1
1,1,2,0,0,0,1,0,0.0594821553533939,0,0,1.28,2.0,0
1,0,5,0,0,0,0,0,0.0134359692092372,0,0,67.59,68.0,0
1,0,2,0,0,0,0,1,0.0188943317004898,0,0,0.92,1.0,0
0,1,2,0,0,0,0,1,0.0012596221133659,0,0,0.17,0.0,0
1,0,0,0,0,0,13,0,0.158852344296711,1,0,1.83,2.0,1
1,2,0,0,0,0,0,0,0.0001399580125962,1,0,1.61,69.0,1
1,0,0,0,0,0,2,0,0.0134359692092372,1,0,2.12,1.0,1
0,0,0,0,1,0,1,0,0.0078376487053883,0,0,2.11,2.0,0
1,0,0,0,0,0,5,1,0.158852344296711,0,0,1.01,17.0,0
1,0,0,0,0,0,11,0,0.0660601819454163,1,0,36.0,88.0,1
1,0,0,0,0,0,4,1,0.1577326801959412,0,0,1.67,2.0,0
1,0,2,0,0,0,1,0,0.0090972708187543,1,1,1.03,1.0,1
1,2,0,0,3,0,12,1,0.1577326801959412,0,0,17.12,17.0,0
1,1,0,0,0,0,11,0,0.0660601819454163,0,0,1.12,1.0,0
0,0,2,0,0,0,3,0,0.158852344296711,0,0,0.24,1.0,0
1,0,2,0,0,0,11,0,0.0279916025192442,0,0,1.39,1.0,0
1,1,2,0,0,0,0,0,0.0036389083275017,0,0,1.04,1.0,0
1,2,2,0,2,1,3,0,0.0029391182645206,1,0,1.16,1.0,1
1,0,0,0,0,0,20,0,0.0279916025192442,1,0,0.36,72.0,1
1,2,0,2,0,0,3,0,0.0051784464660601,0,0,1.28,2.0,0
1,0,2,0,0,0,6,0,0.158852344296711,0,0,3.07,3.0,0
1,1,2,0,0,0,0,1,0.0067179846046186,1,0,0.93,1.0,1
1,0,0,0,0,0,8,1,0.1577326801959412,1,0,0.8,3.0,1
0,2,2,0,0,1,1,1,0.0016794961511546,0,0,17.89,18.0,0
1,2,0,0,1,0,1,1,0.0117564730580825,1,0,1.17,0.0,1
1,2,0,1,0,1,1,0,0.158852344296711,1,0,210.56,421.0,1
1,0,2,0,0,0,2,0,0.0660601819454163,1,0,1.22,5.0,1
0,0,0,0,0,0,1,0,0.0090972708187543,0,0,1.01,1.0,0
1,1,0,0,0,0,3,1,0.0009797060881735,1,0,7.32,7.0,1
1,0,3,0,0,0,1,0,0.0001399580125962,0,0,3.11,3.0,0
1,2,0,0,0,0,5,1,0.1577326801959412,1,0,1.03,0.0,1
1,0,0,0,0,0,1,0,0.158852344296711,1,1,3.1,1.0,1
1,0,2,0,0,0,4,0,0.0594821553533939,1,0,0.8,4.0,1
0,0,3,0,0,0,1,0,0.158852344296711,0,0,0.97,1.0,0
1,2,5,0,0,1,3,0,0.158852344296711,0,0,2.09,15.0,0
0,0,0,0,0,0,0,1,0.1577326801959412,1,0,1.0,1.0,1
0,2,2,0,0,0,2,0,0.158852344296711,1,1,0.56,1.0,1
1,0,2,0,0,0,0,1,0.0022393282015395,0,0,0.58,1.0,0
0,2,2,0,0,0,0,1,0.1577326801959412,1,0,2.02,1.0,1
1,0,2,0,0,0,0,1,0.1577326801959412,1,0,21.36,1.0,1
1,1,2,0,0,0,1,0,0.158852344296711,1,0,100.33,37.0,1
1,0,0,0,0,0,5,1,0.0134359692092372,1,0,37.04,37.0,1
1,1,2,0,0,0,4,1,0.158852344296711,1,0,4.33,1.0,1
1,0,0,0,0,0,4,0,0.158852344296711,1,0,1.05,0.0,1
1,2,0,0,0,0,0,1,0.1577326801959412,1,1,1.08,27.0,1
1,2,5,0,0,0,6,0,0.0053184044786564,1,0,84.04,3.0,1
0,0,0,0,0,0,6,0,0.0660601819454163,0,0,2.14,2.0,0
1,1,5,0,0,0,20,0,0.009517144856543,1,0,198.86,199.0,1
1,0,0,0,0,0,0,1,0.1577326801959412,1,0,1.28,0.0,1
1,2,0,0,0,0,0,0,0.0012596221133659,0,0,1.17,1.0,0
1,1,2,0,0,0,0,0,0.0008397480755773,0,0,0.86,1.0,0
1,0,2,0,0,0,2,0,0.0036389083275017,0,0,14.24,14.0,0
1,0,5,0,0,0,1,1,0.1577326801959412,1,0,0.88,1.0,1
0,0,2,0,0,0,3,0,0.0660601819454163,1,1,0.68,1.0,1
1,1,2,0,0,0,7,0,0.0106368089573128,0,0,0.18,0.0,0
1,2,2,0,0,0,0,1,0.1577326801959412,0,0,1.02,1.0,0
1,0,2,0,0,0,6,1,0.005738278516445,1,1,0.63,1.0,1
1,2,0,0,0,0,3,0,0.0078376487053883,1,0,0.67,4.0,1
1,2,0,0,0,0,0,1,0.0062981105668299,0,0,3.91,4.0,0
1,0,0,0,0,0,0,0,0.0279916025192442,0,0,1.0,14.0,0
1,0,0,0,0,0,6,0,0.0660601819454163,1,0,130.14,0.0,1
0,1,2,0,0,0,3,0,0.158852344296711,1,0,57.07,57.0,0
1,0,3,0,0,0,4,0,0.0034989503149055,1,1,3.15,3.0,1
1,2,0,0,0,0,1,1,0.1577326801959412,0,0,1.28,1.0,0
1,0,0,0,0,0,3,1,0.008257522743177,1,0,114.97,115.0,1
1,1,0,0,0,0,0,1,0.1577326801959412,0,0,1.23,1.0,0
0,0,5,0,0,0,0,0,0.0029391182645206,0,0,281.02,281.0,0
1,2,0,0,0,1,0,0,0.0117564730580825,0,0,0.91,1.0,0
1,0,2,0,0,0,1,1,0.1577326801959412,0,0,1.25,1.0,0
1,0,0,0,1,1,18,0,0.010776766969909,1,0,61.84,42.0,1
1,2,3,0,0,0,0,1,0.1577326801959412,1,1,1.23,1.0,1
1,2,0,0,0,1,10,0,0.158852344296711,1,0,4.03,11.0,1
1,1,0,0,0,0,13,0,0.009517144856543,1,0,2.09,2.0,1
1,1,0,0,0,0,2,0,0.158852344296711,1,0,64.63,65.0,1
0,0,0,0,0,0,0,0,0.0076976906927921,0,0,1.28,2.0,0
1,1,2,0,0,0,0,1,0.0188943317004898,1,0,0.56,28.0,1
0,1,0,0,0,0,0,0,0.0594821553533939,0,0,0.77,1.0,0
1,0,0,0,0,0,4,0,0.0022393282015395,1,0,0.4,17.0,1
0,1,0,0,0,0,4,1,0.1577326801959412,0,0,0.94,1.0,0
0,0,0,0,1,0,7,0,0.0061581525542337,1,0,1.86,2.0,1
1,0,0,2,1,0,9,0,0.0100769769069279,0,0,56.09,41.0,0
1,0,2,0,0,0,2,0,0.0015395381385584,1,1,0.96,3.0,1
1,2,5,0,0,0,0,0,0.0040587823652904,0,0,0.88,1.0,0
1,0,0,0,0,0,10,0,0.0138558432470258,1,0,29.19,29.0,1
1,0,3,0,0,1,11,0,0.003219034289713,1,0,1.2,1.0,1
1,2,0,0,0,0,1,0,0.001959412176347,1,0,21.28,26.0,1
0,0,3,0,0,0,2,0,0.158852344296711,0,0,30.15,30.0,0
0,0,0,0,0,0,1,0,0.0076976906927921,0,0,0.95,1.0,0
1,0,2,0,0,0,0,0,0.0012596221133659,0,0,36.14,36.0,0
1,0,3,0,0,0,1,0,0.0594821553533939,0,0,0.19,0.0,0
1,2,0,0,0,0,0,0,0.008257522743177,0,0,2.23,2.0,0
1,0,0,2,0,0,9,1,0.005738278516445,1,0,2.73,1.0,1
1,1,0,0,0,0,2,1,0.158852344296711,0,0,1.01,1.0,0
1,0,2,0,0,0,9,1,0.1577326801959412,1,0,1.17,1.0,1
1,1,2,0,0,0,3,0,0.0660601819454163,1,0,34.9,23.0,1
1,2,0,0,0,3,0,0,0.0029391182645206,1,0,0.94,0.0,1
1,1,0,0,0,0,28,0,0.0660601819454163,1,1,2.17,2.0,1
1,0,0,1,2,0,14,0,0.0660601819454163,1,0,2.09,2.0,1
1,0,0,0,1,0,23,0,0.0001399580125962,0,0,102.06,8.0,0
1,0,0,0,0,0,0,1,0.0134359692092372,0,0,6.79,7.0,0
1,0,2,0,0,0,4,0,0.001959412176347,1,0,0.31,2.0,1
1,0,2,0,0,0,1,0,0.158852344296711,0,0,5.97,6.0,0
1,1,2,0,0,0,0,1,0.001959412176347,0,0,1.01,1.0,0
1,2,0,0,0,1,3,0,0.0043386983904828,1,0,1.14,1.0,1
0,2,3,0,0,0,1,1,0.1577326801959412,0,0,0.57,1.0,0
1,2,5,0,0,1,0,0,0.0594821553533939,0,0,1.12,1.0,0
1,0,0,0,0,0,2,1,0.0090972708187543,0,0,1.1,1.0,0
1,2,0,0,0,0,1,1,0.1577326801959412,1,1,0.77,1.0,1
1,1,2,0,0,0,4,1,0.0022393282015395,0,0,26.25,26.0,0
0,0,2,0,0,0,7,0,0.158852344296711,1,0,6.81,113.0,1
0,0,0,0,0,1,5,0,0.0090972708187543,1,1,7.02,199.0,1
1,0,0,0,0,0,0,0,0.0006997900629811,1,1,0.28,2.0,1
0,0,0,0,0,0,1,1,0.1577326801959412,0,0,0.56,1.0,0
1,0,0,0,0,0,2,0,0.158852344296711,1,0,1.41,1.0,1
1,1,0,0,0,0,1,0,0.158852344296711,0,0,1.94,2.0,0
1,2,0,0,0,0,11,0,0.158852344296711,1,0,32.23,147.0,1
0,1,2,0,0,0,5,0,0.158852344296711,0,0,1.01,4.0,0
1,0,0,1,0,0,18,0,0.158852344296711,1,0,299.02,299.0,1
1,0,2,0,0,0,1,1,0.1577326801959412,0,0,0.99,1.0,0
0,0,0,0,0,0,0,0,0.0029391182645206,0,0,0.91,1.0,0
0,1,2,0,0,0,0,1,0.1577326801959412,0,0,1.18,1.0,0
1,2,0,0,0,0,1,0,0.0660601819454163,1,1,1.95,145.0,1
0,2,3,0,0,0,0,1,0.1577326801959412,0,0,0.63,1.0,0
1,0,2,0,0,0,0,0,0.0065780265920223,0,0,0.89,1.0,0
1,2,0,0,0,0,0,1,0.0067179846046186,1,1,20.36,20.0,1
1,1,0,0,0,0,4,1,0.0188943317004898,0,0,3.0,6.0,0
1,2,3,0,0,0,0,0,0.0594821553533939,1,0,0.81,8.0,1
1,2,0,0,0,0,4,0,0.0117564730580825,1,0,3.22,5.0,1
0,0,3,0,0,0,1,1,0.001959412176347,0,0,5.08,5.0,0
1,2,0,1,0,0,2,0,0.0015395381385584,1,1,1.23,1.0,1
1,0,0,0,0,0,0,0,0.0006997900629811,0,0,0.08,0.0,0
1,0,0,0,0,0,9,0,0.0660601819454163,1,0,0.91,1.0,1
1,0,2,0,0,0,2,1,0.0103568929321203,1,0,1.73,2.0,1
1,1,2,0,0,0,0,0,0.158852344296711,0,0,0.54,0.0,0
1,2,2,0,0,3,1,0,0.010776766969909,1,0,1.07,78.0,1
1,1,0,0,0,0,7,0,0.004478656403079,1,1,57.0,57.0,1
1,0,2,0,0,0,1,1,0.0012596221133659,1,1,0.76,1.0,1
1,1,2,0,0,0,1,0,0.0594821553533939,0,0,0.56,1.0,0
1,1,0,0,0,0,1,0,0.0076976906927921,1,0,0.6,1.0,0
1,1,2,0,0,0,0,1,0.1577326801959412,0,0,1.28,1.0,0
1,0,2,0,0,0,0,0,0.0137158852344296,0,0,1.02,1.0,0
0,1,2,0,0,0,2,1,0.0067179846046186,0,0,82.01,82.0,0
0,1,0,0,0,0,9,1,0.1577326801959412,1,0,75.18,75.0,0
1,2,1,0,0,0,1,1,0.0079776067179846,0,0,0.24,0.0,0
0,1,2,0,0,0,7,0,0.0065780265920223,1,0,3.79,229.0,1
1,0,0,0,0,0,15,0,0.0279916025192442,1,0,1.94,0.0,1
1,0,0,0,0,0,2,1,0.0134359692092372,1,0,2.03,1.0,1
0,2,0,0,0,0,0,0,0.0594821553533939,1,0,1.05,72.0,1
1,2,0,1,0,1,1,0,0.158852344296711,1,0,4.75,5.0,1
1,0,2,0,0,0,5,0,0.158852344296711,0,0,1.06,1.0,0
1,0,2,0,0,0,13,0,0.0054583624912526,0,0,33.23,33.0,0
1,2,0,0,1,0,8,0,0.0117564730580825,1,1,39.29,128.0,1
1,0,2,0,0,0,3,1,0.0090972708187543,1,0,172.03,172.0,1
1,0,2,0,2,1,13,0,0.158852344296711,1,1,57.09,0.0,1
1,0,0,0,0,0,1,0,0.158852344296711,0,0,0.85,1.0,0
1,0,2,0,0,0,1,0,0.0660601819454163,0,0,1.2,29.0,0
1,1,0,0,0,0,10,0,0.0660601819454163,1,0,0.08,19.0,1
1,1,5,0,0,0,0,0,0.0037788663400979,1,0,1.08,0.0,1
0,0,2,0,0,0,5,0,0.158852344296711,1,0,0.97,43.0,1
1,2,1,0,1,0,2,0,0.0594821553533939,1,1,52.12,52.0,1
1,0,0,1,0,2,8,0,0.0660601819454163,1,0,54.88,3.0,1
1,0,3,0,0,0,0,1,0.1577326801959412,1,0,1.18,1.0,1
0,2,0,0,0,0,1,0,0.010776766969909,1,0,28.36,28.0,1
1,0,2,0,0,0,0,0,0.0138558432470258,0,0,1.15,1.0,0
1,1,3,0,0,0,2,1,0.0015395381385584,1,0,1.03,1.0,1
0,2,0,0,0,0,1,0,0.0117564730580825,0,0,96.29,38.0,0
0,0,2,0,0,0,0,1,0.1577326801959412,1,1,0.18,7.0,1
1,2,3,0,0,0,2,0,0.0009797060881735,0,0,2.05,2.0,0
1,0,0,0,0,0,3,0,0.0279916025192442,1,0,1.13,18.0,1
1,1,0,0,0,0,14,1,0.1577326801959412,0,0,31.02,31.0,0
0,0,0,0,0,1,3,0,0.0594821553533939,1,0,2.31,2.0,1
1,0,0,2,3,0,16,1,0.1577326801959412,1,1,33.17,33.0,1
1,0,0,0,0,0,0,1,0.1577326801959412,1,0,5.07,70.0,1
1,2,3,0,0,0,0,1,0.1577326801959412,0,0,0.3,0.0,0
1,0,2,0,0,0,4,0,0.0036389083275017,1,0,4.92,51.0,1
1,0,0,0,0,0,1,0,0.158852344296711,0,0,1.28,807.0,0
1,0,0,0,0,0,4,1,0.0016794961511546,1,0,17.06,265.0,1
0,0,0,0,0,0,2,0,0.008257522743177,1,0,10.29,10.0,1
1,1,0,0,0,0,31,0,0.0660601819454163,1,0,0.23,30.0,1
1,0,0,0,0,0,0,0,0.0008397480755773,0,0,2.97,3.0,0
0,0,0,0,0,0,5,0,0.0004198740377886,0,0,0.95,1.0,0
1,0,0,0,0,0,5,1,0.158852344296711,0,0,14.25,14.0,0
1,0,0,0,0,0,2,0,0.0106368089573128,1,1,1.16,1.0,1
1,2,0,0,0,1,1,0,0.0137158852344296,1,0,0.65,1.0,1
1,1,2,0,0,0,2,0,0.158852344296711,0,0,9.59,10.0,0
1,1,0,0,0,0,4,0,0.0660601819454163,1,1,64.29,193.0,1
0,0,2,0,0,0,4,0,0.0004198740377886,1,0,4.86,21.0,1
0,0,2,0,0,0,0,1,0.0188943317004898,0,0,0.65,1.0,0
0,0,0,0,0,0,6,1,0.0012596221133659,1,0,2.07,2.0,1
0,2,0,0,0,0,0,0,0.0016794961511546,0,0,0.79,1.0,0
1,0,1,0,0,0,2,0,0.158852344296711,1,1,199.69,5.0,1
1,1,0,0,0,0,0,1,0.1577326801959412,0,0,0.98,1.0,0
1,1,3,0,0,0,3,1,0.0090972708187543,1,0,5.95,46.0,1
1,1,2,0,0,0,0,0,0.0594821553533939,0,0,1.04,1.0,0
0,0,5,0,0,0,1,1,0.1577326801959412,0,0,0.86,1.0,0
1,0,3,1,0,0,20,0,0.158852344296711,1,0,221.92,222.0,1
0,2,2,0,0,0,1,0,0.0001399580125962,0,0,3.26,3.0,0
1,0,0,0,0,0,3,0,0.008257522743177,1,0,2.08,2.0,1
1,0,2,0,0,0,11,0,0.158852344296711,1,0,1.1,1.0,0
0,1,3,0,0,0,1,0,0.0022393282015395,1,0,0.72,1.0,1
0,0,0,0,0,0,1,0,0.158852344296711,1,0,2.88,117.0,1
0,0,0,0,0,0,4,0,0.0018194541637508,1,1,0.91,7.0,1
1,1,0,0,0,0,4,0,0.0008397480755773,0,0,16.9,17.0,0
1,1,2,0,0,0,8,1,0.0020993701889433,0,0,1.13,1.0,0
1,0,0,0,0,0,3,0,0.0051784464660601,0,0,0.16,0.0,0
0,0,0,0,0,0,9,0,0.0594821553533939,1,0,0.68,1.0,1
1,0,0,0,0,0,18,0,0.158852344296711,1,0,112.37,1702.0,1
1,0,2,4,0,0,5,1,0.0062981105668299,1,1,10.0,10.0,0
1,0,2,0,0,0,7,1,0.0005598320503848,1,0,3.14,43.0,1
1,2,0,0,0,1,0,0,0.0138558432470258,0,0,1.28,2.0,0
1,2,0,0,0,1,1,0,0.0117564730580825,1,0,109.02,118.0,1
0,0,2,0,0,0,3,0,0.0279916025192442,0,0,0.96,1.0,0
1,0,2,0,0,2,14,0,0.0137158852344296,1,0,0.07,13.0,1
1,0,3,0,0,0,1,1,0.0090972708187543,0,0,117.19,117.0,0
1,0,2,0,0,0,5,1,0.1577326801959412,0,0,1.26,1.0,0
1,2,0,0,0,0,0,0,0.0005598320503848,1,1,0.19,37.0,1
1,1,0,0,0,0,13,0,0.158852344296711,1,0,21.31,21.0,1
1,0,0,0,0,1,11,0,0.158852344296711,1,1,1.16,267.0,1
1,0,2,0,0,0,2,0,0.158852344296711,0,0,63.06,63.0,0
1,0,0,0,0,1,12,1,0.1577326801959412,1,0,1.41,11.0,1
1,0,2,0,0,0,4,0,0.0134359692092372,0,0,1.06,0.0,0
1,0,0,0,0,0,2,1,0.0012596221133659,0,0,0.8,1.0,0
1,1,2,0,0,0,4,1,0.1577326801959412,0,0,0.73,1.0,0
1,0,0,0,0,0,0,1,0.001959412176347,0,0,2.96,3.0,0
1,0,2,0,0,0,3,1,0.0079776067179846,1,0,0.82,2.0,1
1,2,0,0,0,0,1,0,0.001959412176347,0,0,29.96,30.0,0
1,1,0,0,0,0,5,1,0.0002799160251924,0,0,151.19,6.0,0
1,0,0,0,2,0,7,0,0.0001399580125962,1,0,4.01,245.0,1
1,0,3,0,0,0,1,0,0.001959412176347,0,0,0.62,1.0,0
1,0,0,0,0,0,4,0,0.0022393282015395,0,0,1.3,1.0,0
1,0,2,0,0,0,0,1,0.0188943317004898,0,0,0.08,0.0,0
1,0,3,1,0,0,7,1,0.0079776067179846,1,0,1.11,1.0,1
1,2,0,0,0,0,0,0,0.010776766969909,1,0,1.91,5.0,1
0,1,2,0,0,0,1,1,0.1577326801959412,0,0,1.0,1.0,0
1,0,2,0,0,0,2,1,0.1577326801959412,0,0,6.01,6.0,0
1,0,2,0,0,0,0,1,0.1577326801959412,1,1,1.15,0.0,1
1,2,0,0,0,0,0,1,0.1577326801959412,1,0,2.17,1.0,0
1,2,0,0,0,0,0,0,0.0594821553533939,1,0,1.25,1.0,1
1,0,0,0,0,2,1,1,0.0103568929321203,0,0,16.02,16.0,0
1,1,0,0,0,0,4,1,0.0002799160251924,1,0,2.97,3.0,1
1,1,2,0,0,0,7,0,0.0004198740377886,0,0,0.33,0.0,0
1,2,0,1,0,0,1,0,0.0594821553533939,1,0,0.61,1.0,1
1,1,2,0,0,0,0,1,0.0023792862141357,1,0,3.07,15.0,1
1,2,3,0,0,1,0,1,0.1577326801959412,0,0,0.67,1.0,0
1,0,2,0,0,0,1,0,0.0012596221133659,0,0,0.96,1.0,0
0,2,2,0,0,0,1,0,0.0100769769069279,0,0,0.64,116.0,0
0,1,2,0,0,0,3,0,0.0594821553533939,0,0,0.58,1.0,0
0,1,2,0,0,0,1,1,0.0079776067179846,0,0,0.84,0.0,0
1,1,0,0,0,0,7,1,0.0188943317004898,1,0,3.13,3.0,1
0,1,2,0,0,0,2,0,0.0137158852344296,0,0,10.8,11.0,0
0,2,0,0,0,0,0,0,0.0001399580125962,1,0,0.16,1.0,1
0,0,2,0,0,0,4,1,0.1577326801959412,1,0,2.16,1.0,1
1,0,2,0,0,0,5,0,0.158852344296711,0,0,31.11,31.0,0
1,0,0,0,0,0,9,0,0.0279916025192442,0,0,57.74,58.0,0
1,1,2,0,0,0,14,0,0.158852344296711,1,0,19.91,89.0,1
1,0,2,0,0,0,0,1,0.1577326801959412,0,0,0.93,1.0,0
1,0,0,0,0,0,3,1,0.004478656403079,1,0,2.23,2.0,1
1,2,0,0,0,0,2,1,0.158852344296711,1,1,33.01,7.0,1
1,1,2,0,0,0,2,0,0.158852344296711,0,0,28.02,28.0,0
1,0,2,0,0,0,0,0,0.0134359692092372,0,0,0.94,1.0,0
1,0,0,0,0,0,1,0,0.0015395381385584,0,0,8.86,0.0,0
0,0,2,0,0,0,2,1,0.1577326801959412,1,1,1.17,1.0,1
1,0,0,0,0,0,8,1,0.1577326801959412,1,0,62.08,62.0,1
1,0,0,0,0,0,0,1,0.1577326801959412,0,0,1.05,1.0,0
1,0,0,0,0,0,1,0,0.158852344296711,0,0,0.91,1.0,0
1,0,0,0,0,0,4,0,0.0134359692092372,0,0,0.94,1.0,0
1,2,2,0,0,0,0,0,0.0037788663400979,0,0,2.88,3.0,0
0,2,0,0,0,0,0,1,0.1577326801959412,1,0,4.91,5.0,1
1,0,0,0,1,0,19,0,0.0660601819454163,1,0,9.26,9.0,1
1,0,3,0,0,0,0,0,0.0138558432470258,0,0,173.32,11.0,0
1,0,3,0,0,0,0,0,0.0078376487053883,0,0,1.01,1.0,0
1,0,0,0,0,0,2,1,0.1577326801959412,0,0,5.87,6.0,0
1,2,2,0,2,1,5,1,0.158852344296711,1,1,12.74,13.0,1
1,2,2,0,0,0,0,1,0.0137158852344296,1,0,3.13,3.0,1
1,0,0,0,0,0,0,1,0.0134359692092372,1,0,0.94,0.0,1
1,2,0,0,0,0,0,0,0.0660601819454163,0,0,0.87,20.0,0
1,2,0,0,0,0,0,0,0.0023792862141357,0,0,1.9,2.0,0
1,2,0,0,0,0,0,0,0.0018194541637508,0,0,1.87,2.0,0
1,1,5,0,0,0,0,0,0.0074177746675997,0,0,1.08,1.0,0
0,2,3,0,0,0,2,0,0.0005598320503848,1,0,1.96,0.0,1
